dr0,0.00141421
r0,0.005
R,0.1
R/r0,20
Nr,20
Ntheta,22.2144
Nboundary,23
Nfluid,460
Nparticles,483
Apolar,0.107899
Bpolar,0.0124125

ID,r,theta,x,y,Type
0,0.005,0,0.005,0,boundary
1,0.005,0.282843,0.00480133,0.00139543,boundary
2,0.005,0.565685,0.00422111,0.00267997,boundary
3,0.005,0.848528,0.00330544,0.00375154,boundary
4,0.005,1.13137,0.0021271,0.00452498,boundary
5,0.005,1.41421,0.000779718,0.00493883,boundary
6,0.005,1.69706,-0.000629624,0.0049602,boundary
7,0.005,1.9799,-0.00198893,0.00458739,boundary
8,0.005,2.26274,-0.00319018,0.00385003,boundary
9,0.005,2.54558,-0.00413791,0.00280672,boundary
10,0.005,2.82843,-0.00475682,0.00154036,boundary
11,0.005,3.11127,-0.0049977,0.000151591,boundary
12,0.005,3.39411,-0.00484143,-0.00124922,boundary
13,0.005,3.67696,-0.00430042,-0.00255076,boundary
14,0.005,3.9598,-0.00341766,-0.0036496,boundary
15,0.005,4.24264,-0.00226331,-0.00445841,boundary
16,0.005,4.52548,-0.000929096,-0.00491292,boundary
17,0.005,4.80833,0.00047895,-0.00497701,boundary
18,0.005,5.09117,0.00184894,-0.00464558,boundary
19,0.005,5.37401,0.00307199,-0.00394498,boundary
20,0.005,5.65685,0.00405092,-0.00293088,boundary
21,0.005,5.9397,0.00470793,-0.00168387,boundary
22,0.005,6.22254,0.00499081,-0.000303042,boundary
23,0.00641421,0,0.00641421,0,fluid
24,0.00641421,0.282843,0.00615935,0.00179012,fluid
25,0.00641421,0.565685,0.00541502,0.00343798,fluid
26,0.00641421,0.848528,0.00424036,0.00481264,fluid
27,0.00641421,1.13137,0.00272873,0.00580484,fluid
28,0.00641421,1.41421,0.00100026,0.00633574,fluid
29,0.00641421,1.69706,-0.000807708,0.00636316,fluid
30,0.00641421,1.9799,-0.00255149,0.0058849,fluid
31,0.00641421,2.26274,-0.0040925,0.00493898,fluid
32,0.00641421,2.54558,-0.00530829,0.00360058,fluid
33,0.00641421,2.82843,-0.00610225,0.00197604,fluid
34,0.00641421,3.11127,-0.00641126,0.000194467,fluid
35,0.00641421,3.39411,-0.00621079,-0.00160256,fluid
36,0.00641421,3.67696,-0.00551676,-0.00327223,fluid
37,0.00641421,3.9598,-0.00438432,-0.00468186,fluid
38,0.00641421,4.24264,-0.00290347,-0.00571944,fluid
39,0.00641421,4.52548,-0.00119188,-0.0063025,fluid
40,0.00641421,4.80833,0.000614418,-0.00638472,fluid
41,0.00641421,5.09117,0.00237189,-0.00595955,fluid
42,0.00641421,5.37401,0.00394088,-0.00506079,fluid
43,0.00641421,5.65685,0.00519669,-0.00375986,fluid
44,0.00641421,5.9397,0.00603953,-0.00216014,fluid
45,0.00641421,6.22254,0.00640242,-0.000388756,fluid
46,0.00798956,0,0.00798956,0,fluid
47,0.00798956,0.282843,0.0076721,0.00222978,fluid
48,0.00798956,0.565685,0.00674495,0.00428236,fluid
49,0.00798956,0.848528,0.0052818,0.00599463,fluid
50,0.00798956,1.13137,0.00339891,0.00723052,fluid
51,0.00798956,1.41421,0.00124592,0.00789181,fluid
52,0.00798956,1.69706,-0.00100608,0.00792596,fluid
53,0.00798956,1.9799,-0.00317813,0.00733024,fluid
54,0.00798956,2.26274,-0.00509763,0.00615201,fluid
55,0.00798956,2.54558,-0.00661202,0.00448488,fluid
56,0.00798956,2.82843,-0.00760097,0.00246136,fluid
57,0.00798956,3.11127,-0.00798588,0.000242229,fluid
58,0.00798956,3.39411,-0.00773617,-0.00199615,fluid
59,0.00798956,3.67696,-0.00687169,-0.0040759,fluid
60,0.00798956,3.9598,-0.00546112,-0.00583174,fluid
61,0.00798956,4.24264,-0.00361657,-0.00712414,fluid
62,0.00798956,4.52548,-0.00148461,-0.00785041,fluid
63,0.00798956,4.80833,0.00076532,-0.00795282,fluid
64,0.00798956,5.09117,0.00295443,-0.00742323,fluid
65,0.00798956,5.37401,0.00490877,-0.00630373,fluid
66,0.00798956,5.65685,0.00647301,-0.00468329,fluid
67,0.00798956,5.9397,0.00752285,-0.00269067,fluid
68,0.00798956,6.22254,0.00797487,-0.000484235,fluid
69,0.00974438,0,0.00974438,0,fluid
70,0.00974438,0.282843,0.0093572,0.00271953,fluid
71,0.00974438,0.565685,0.00822642,0.00522294,fluid
72,0.00974438,0.848528,0.0064419,0.00731129,fluid
73,0.00974438,1.13137,0.00414545,0.00881863,fluid
74,0.00974438,1.41421,0.00151958,0.00962517,fluid
75,0.00974438,1.69706,-0.00122706,0.00966682,fluid
76,0.00974438,1.9799,-0.00387618,0.00894026,fluid
77,0.00974438,2.26274,-0.00621727,0.00750324,fluid
78,0.00974438,2.54558,-0.00806429,0.00546995,fluid
79,0.00974438,2.82843,-0.00927045,0.00300197,fluid
80,0.00974438,3.11127,-0.0097399,0.000295432,fluid
81,0.00974438,3.39411,-0.00943535,-0.00243458,fluid
82,0.00974438,3.67696,-0.00838099,-0.00497113,fluid
83,0.00974438,3.9598,-0.0066606,-0.00711262,fluid
84,0.00974438,4.24264,-0.00441091,-0.00868889,fluid
85,0.00974438,4.52548,-0.00181069,-0.00957468,fluid
86,0.00974438,4.80833,0.000933415,-0.00969957,fluid
87,0.00974438,5.09117,0.00360335,-0.00905367,fluid
88,0.00974438,5.37401,0.00598693,-0.00768828,fluid
89,0.00974438,5.65685,0.00789474,-0.00571193,fluid
90,0.00974438,5.9397,0.00917517,-0.00328165,fluid
91,0.00974438,6.22254,0.00972647,-0.000590592,fluid
92,0.0116991,0,0.0116991,0,fluid
93,0.0116991,0.282843,0.0112343,0.00326507,fluid
94,0.0116991,0.565685,0.00987667,0.00627068,fluid
95,0.0116991,0.848528,0.00773417,0.00877797,fluid
96,0.0116991,1.13137,0.00497705,0.0105877,fluid
97,0.0116991,1.41421,0.00182441,0.011556,fluid
98,0.0116991,1.69706,-0.00147321,0.011606,fluid
99,0.0116991,1.9799,-0.00465376,0.0107337,fluid
100,0.0116991,2.26274,-0.00746448,0.00900842,fluid
101,0.0116991,2.54558,-0.00968202,0.00656724,fluid
102,0.0116991,2.82843,-0.0111301,0.00360418,fluid
103,0.0116991,3.11127,-0.0116938,0.000354697,fluid
104,0.0116991,3.39411,-0.0113281,-0.00292297,fluid
105,0.0116991,3.67696,-0.0100622,-0.00596836,fluid
106,0.0116991,3.9598,-0.00799675,-0.00853945,fluid
107,0.0116991,4.24264,-0.00529576,-0.0104319,fluid
108,0.0116991,4.52548,-0.00217393,-0.0114954,fluid
109,0.0116991,4.80833,0.00112066,-0.0116454,fluid
110,0.0116991,5.09117,0.00432619,-0.0108699,fluid
111,0.0116991,5.37401,0.00718793,-0.00923059,fluid
112,0.0116991,5.65685,0.00947846,-0.00685776,fluid
113,0.0116991,5.9397,0.0110158,-0.00393997,fluid
114,0.0116991,6.22254,0.0116776,-0.000709067,fluid
115,0.0138766,0,0.0138766,0,fluid
116,0.0138766,0.282843,0.0133253,0.00387278,fluid
117,0.0138766,0.565685,0.0117149,0.0074378,fluid
118,0.0138766,0.848528,0.00917368,0.0104117,fluid
119,0.0138766,1.13137,0.00590339,0.0125583,fluid
120,0.0138766,1.41421,0.00216397,0.0137069,fluid
121,0.0138766,1.69706,-0.00174741,0.0137662,fluid
122,0.0138766,1.9799,-0.00551993,0.0127315,fluid
123,0.0138766,2.26274,-0.00885379,0.0106851,fluid
124,0.0138766,2.54558,-0.0114841,0.00778955,fluid
125,0.0138766,2.82843,-0.0132017,0.004275,fluid
126,0.0138766,3.11127,-0.0138703,0.000420714,fluid
127,0.0138766,3.39411,-0.0134365,-0.003467,fluid
128,0.0138766,3.67696,-0.0119351,-0.0070792,fluid
129,0.0138766,3.9598,-0.00948512,-0.0101288,fluid
130,0.0138766,4.24264,-0.00628142,-0.0123735,fluid
131,0.0138766,4.52548,-0.00257855,-0.013635,fluid
132,0.0138766,4.80833,0.00132924,-0.0138128,fluid
133,0.0138766,5.09117,0.0051314,-0.012893,fluid
134,0.0138766,5.37401,0.00852577,-0.0109486,fluid
135,0.0138766,5.65685,0.0112426,-0.00813415,fluid
136,0.0138766,5.9397,0.013066,-0.00467328,fluid
137,0.0138766,6.22254,0.0138511,-0.000841041,fluid
138,0.0163022,0,0.0163022,0,fluid
139,0.0163022,0.282843,0.0156544,0.00454972,fluid
140,0.0163022,0.565685,0.0137627,0.00873789,fluid
141,0.0163022,0.848528,0.0107772,0.0122317,fluid
142,0.0163022,1.13137,0.00693528,0.0147534,fluid
143,0.0163022,1.41421,0.00254223,0.0161028,fluid
144,0.0163022,1.69706,-0.00205285,0.0161724,fluid
145,0.0163022,1.9799,-0.00648479,0.0149569,fluid
146,0.0163022,2.26274,-0.0104014,0.0125528,fluid
147,0.0163022,2.54558,-0.0134914,0.00915113,fluid
148,0.0163022,2.82843,-0.0155093,0.00502225,fluid
149,0.0163022,3.11127,-0.0162947,0.000494253,fluid
150,0.0163022,3.39411,-0.0157852,-0.00407302,fluid
151,0.0163022,3.67696,-0.0140213,-0.00831662,fluid
152,0.0163022,3.9598,-0.0111431,-0.0118993,fluid
153,0.0163022,4.24264,-0.00737938,-0.0145364,fluid
154,0.0163022,4.52548,-0.00302926,-0.0160183,fluid
155,0.0163022,4.80833,0.00156159,-0.0162272,fluid
156,0.0163022,5.09117,0.00602834,-0.0151466,fluid
157,0.0163022,5.37401,0.010016,-0.0128624,fluid
158,0.0163022,5.65685,0.0132078,-0.00955596,fluid
159,0.0163022,5.9397,0.0153499,-0.00549015,fluid
160,0.0163022,6.22254,0.0162722,-0.000988051,fluid
161,0.0190041,0,0.0190041,0,fluid
162,0.0190041,0.282843,0.018249,0.0053038,fluid
163,0.0190041,0.565685,0.0160437,0.0101861,fluid
164,0.0190041,0.848528,0.0125634,0.014259,fluid
165,0.0190041,1.13137,0.00808473,0.0171987,fluid
166,0.0190041,1.41421,0.00296357,0.0187716,fluid
167,0.0190041,1.69706,-0.00239309,0.0188529,fluid
168,0.0190041,1.9799,-0.00755958,0.0174359,fluid
169,0.0190041,2.26274,-0.0121253,0.0146333,fluid
170,0.0190041,2.54558,-0.0157275,0.0106678,fluid
171,0.0190041,2.82843,-0.0180798,0.00585464,fluid
172,0.0190041,3.11127,-0.0189954,0.00057617,fluid
173,0.0190041,3.39411,-0.0184014,-0.00474808,fluid
174,0.0190041,3.67696,-0.0163451,-0.00969501,fluid
175,0.0190041,3.9598,-0.0129899,-0.0138715,fluid
176,0.0190041,4.24264,-0.00860245,-0.0169456,fluid
177,0.0190041,4.52548,-0.00353133,-0.0186732,fluid
178,0.0190041,4.80833,0.00182041,-0.0189167,fluid
179,0.0190041,5.09117,0.00702748,-0.0176571,fluid
180,0.0190041,5.37401,0.0116761,-0.0149942,fluid
181,0.0190041,5.65685,0.0153968,-0.0111398,fluid
182,0.0190041,5.9397,0.017894,-0.00640009,fluid
183,0.0190041,6.22254,0.0189692,-0.00115181,fluid
184,0.0220139,0,0.0220139,0,fluid
185,0.0220139,0.282843,0.0211392,0.00614378,fluid
186,0.0220139,0.565685,0.0185846,0.0117993,fluid
187,0.0220139,0.848528,0.0145531,0.0165172,fluid
188,0.0220139,1.13137,0.00936515,0.0199225,fluid
189,0.0220139,1.41421,0.00343293,0.0217446,fluid
190,0.0220139,1.69706,-0.0027721,0.0218387,fluid
191,0.0220139,1.9799,-0.00875683,0.0201973,fluid
192,0.0220139,2.26274,-0.0140457,0.0169508,fluid
193,0.0220139,2.54558,-0.0182183,0.0123574,fluid
194,0.0220139,2.82843,-0.0209432,0.00678186,fluid
195,0.0220139,3.11127,-0.0220038,0.000667421,fluid
196,0.0220139,3.39411,-0.0213158,-0.00550006,fluid
197,0.0220139,3.67696,-0.0189338,-0.0112305,fluid
198,0.0220139,3.9598,-0.0150472,-0.0160684,fluid
199,0.0220139,4.24264,-0.00996485,-0.0196294,fluid
200,0.0220139,4.52548,-0.00409061,-0.0216305,fluid
201,0.0220139,4.80833,0.00210871,-0.0219127,fluid
202,0.0220139,5.09117,0.00814046,-0.0204535,fluid
203,0.0220139,5.37401,0.0135253,-0.0173689,fluid
204,0.0220139,5.65685,0.0178353,-0.012904,fluid
205,0.0220139,5.9397,0.020728,-0.0074137,fluid
206,0.0220139,6.22254,0.0219734,-0.00133423,fluid
207,0.0253666,0,0.0253666,0,fluid
208,0.0253666,0.282843,0.0243587,0.00707948,fluid
209,0.0253666,0.565685,0.021415,0.0135964,fluid
210,0.0253666,0.848528,0.0167696,0.0190328,fluid
211,0.0253666,1.13137,0.0107914,0.0229567,fluid
212,0.0253666,1.41421,0.00395576,0.0250563,fluid
213,0.0253666,1.69706,-0.00319428,0.0251647,fluid
214,0.0253666,1.9799,-0.0100905,0.0232733,fluid
215,0.0253666,2.26274,-0.0161848,0.0195324,fluid
216,0.0253666,2.54558,-0.020993,0.0142394,fluid
217,0.0253666,2.82843,-0.0241328,0.00781473,fluid
218,0.0253666,3.11127,-0.0253549,0.000769069,fluid
219,0.0253666,3.39411,-0.0245621,-0.00633771,fluid
220,0.0253666,3.67696,-0.0218174,-0.0129408,fluid
221,0.0253666,3.9598,-0.0173389,-0.0185156,fluid
222,0.0253666,4.24264,-0.0114825,-0.0226189,fluid
223,0.0253666,4.52548,-0.0047136,-0.0249248,fluid
224,0.0253666,4.80833,0.00242987,-0.0252499,fluid
225,0.0253666,5.09117,0.00938024,-0.0235685,fluid
226,0.0253666,5.37401,0.0155852,-0.0200142,fluid
227,0.0253666,5.65685,0.0205516,-0.0148693,fluid
228,0.0253666,5.9397,0.0238848,-0.0085428,fluid
229,0.0253666,6.22254,0.02532,-0.00153743,fluid
230,0.0291013,0,0.0291013,0,fluid
231,0.0291013,0.282843,0.027945,0.00812177,fluid
232,0.0291013,0.565685,0.0245679,0.0155981,fluid
233,0.0291013,0.848528,0.0192385,0.0218349,fluid
234,0.0291013,1.13137,0.0123803,0.0263365,fluid
235,0.0291013,1.41421,0.00453816,0.0287453,fluid
236,0.0291013,1.69706,-0.00366457,0.0288696,fluid
237,0.0291013,1.9799,-0.0115761,0.0266998,fluid
238,0.0291013,2.26274,-0.0185677,0.0224082,fluid
239,0.0291013,2.54558,-0.0240837,0.0163358,fluid
240,0.0291013,2.82843,-0.0276859,0.00896528,fluid
241,0.0291013,3.11127,-0.0290879,0.000882297,fluid
242,0.0291013,3.39411,-0.0281784,-0.0072708,fluid
243,0.0291013,3.67696,-0.0250295,-0.0148461,fluid
244,0.0291013,3.9598,-0.0198917,-0.0212416,fluid
245,0.0291013,4.24264,-0.013173,-0.0259491,fluid
246,0.0291013,4.52548,-0.00540758,-0.0285944,fluid
247,0.0291013,4.80833,0.00278761,-0.0289675,fluid
248,0.0291013,5.09117,0.0107613,-0.0270385,fluid
249,0.0291013,5.37401,0.0178798,-0.0229608,fluid
250,0.0291013,5.65685,0.0235774,-0.0170585,fluid
251,0.0291013,5.9397,0.0274013,-0.00980055,fluid
252,0.0291013,6.22254,0.0290478,-0.00176378,fluid
253,0.0332615,0,0.0332615,0,fluid
254,0.0332615,0.282843,0.0319399,0.00928283,fluid
255,0.0332615,0.565685,0.02808,0.017828,fluid
256,0.0332615,0.848528,0.0219888,0.0249564,fluid
257,0.0332615,1.13137,0.0141501,0.0301015,fluid
258,0.0332615,1.41421,0.00518692,0.0328545,fluid
259,0.0332615,1.69706,-0.00418844,0.0329967,fluid
260,0.0332615,1.9799,-0.013231,0.0305167,fluid
261,0.0332615,2.26274,-0.021222,0.0256115,fluid
262,0.0332615,2.54558,-0.0275266,0.0186711,fluid
263,0.0332615,2.82843,-0.0316437,0.0102469,fluid
264,0.0332615,3.11127,-0.0332462,0.00100843,fluid
265,0.0332615,3.39411,-0.0322066,-0.0083102,fluid
266,0.0332615,3.67696,-0.0286076,-0.0169684,fluid
267,0.0332615,3.9598,-0.0227353,-0.0242782,fluid
268,0.0332615,4.24264,-0.0150562,-0.0296587,fluid
269,0.0332615,4.52548,-0.00618062,-0.0326822,fluid
270,0.0332615,4.80833,0.00318612,-0.0331085,fluid
271,0.0332615,5.09117,0.0122997,-0.0309038,fluid
272,0.0332615,5.37401,0.0204358,-0.0262432,fluid
273,0.0332615,5.65685,0.0269479,-0.0194971,fluid
274,0.0332615,5.9397,0.0313185,-0.0112016,fluid
275,0.0332615,6.22254,0.0332003,-0.00201593,fluid
276,0.0378957,0,0.0378957,0,fluid
277,0.0378957,0.282843,0.0363899,0.0105762,fluid
278,0.0378957,0.565685,0.0319923,0.0203119,fluid
279,0.0378957,0.848528,0.0250524,0.0284334,fluid
280,0.0378957,1.13137,0.0161216,0.0342954,fluid
281,0.0378957,1.41421,0.00590959,0.037432,fluid
282,0.0378957,1.69706,-0.004772,0.037594,fluid
283,0.0378957,1.9799,-0.0150744,0.0347684,fluid
284,0.0378957,2.26274,-0.0241788,0.0291799,fluid
285,0.0378957,2.54558,-0.0313618,0.0212725,fluid
286,0.0378957,2.82843,-0.0360525,0.0116746,fluid
287,0.0378957,3.11127,-0.0378782,0.00114893,fluid
288,0.0378957,3.39411,-0.0366938,-0.00946803,fluid
289,0.0378957,3.67696,-0.0325934,-0.0193326,fluid
290,0.0378957,3.9598,-0.0259029,-0.0276608,fluid
291,0.0378957,4.24264,-0.0171539,-0.0337909,fluid
292,0.0378957,4.52548,-0.00704174,-0.0372357,fluid
293,0.0378957,4.80833,0.00363003,-0.0377214,fluid
294,0.0378957,5.09117,0.0140133,-0.0352095,fluid
295,0.0378957,5.37401,0.023283,-0.0298995,fluid
296,0.0378957,5.65685,0.0307024,-0.0222135,fluid
297,0.0378957,5.9397,0.035682,-0.0127623,fluid
298,0.0378957,6.22254,0.037826,-0.0022968,fluid
299,0.0430578,0,0.0430578,0,fluid
300,0.0430578,0.282843,0.041347,0.0120169,fluid
301,0.0430578,0.565685,0.0363503,0.0230788,fluid
302,0.0430578,0.848528,0.028465,0.0323066,fluid
303,0.0430578,1.13137,0.0183176,0.0389672,fluid
304,0.0430578,1.41421,0.0067146,0.0425311,fluid
305,0.0430578,1.69706,-0.00542205,0.0427151,fluid
306,0.0430578,1.9799,-0.0171278,0.0395046,fluid
307,0.0430578,2.26274,-0.0274725,0.0331548,fluid
308,0.0430578,2.54558,-0.0356339,0.0241702,fluid
309,0.0430578,2.82843,-0.0409636,0.0132649,fluid
310,0.0430578,3.11127,-0.043038,0.00130543,fluid
311,0.0430578,3.39411,-0.0416923,-0.0107578,fluid
312,0.0430578,3.67696,-0.0370333,-0.0219661,fluid
313,0.0430578,3.9598,-0.0294314,-0.0314288,fluid
314,0.0430578,4.24264,-0.0194906,-0.0383939,fluid
315,0.0430578,4.52548,-0.00800097,-0.0423079,fluid
316,0.0430578,4.80833,0.00412451,-0.0428598,fluid
317,0.0430578,5.09117,0.0159222,-0.0400057,fluid
318,0.0430578,5.37401,0.0264546,-0.0339725,fluid
319,0.0430578,5.65685,0.0348847,-0.0252395,fluid
320,0.0430578,5.9397,0.0405426,-0.0145007,fluid
321,0.0430578,6.22254,0.0429787,-0.00260967,fluid
322,0.0488082,0,0.0488082,0,fluid
323,0.0488082,0.282843,0.0468688,0.0136217,fluid
324,0.0488082,0.565685,0.0412049,0.0261609,fluid
325,0.0488082,0.848528,0.0322665,0.0366212,fluid
326,0.0488082,1.13137,0.0207639,0.0441712,fluid
327,0.0488082,1.41421,0.00761133,0.048211,fluid
328,0.0488082,1.69706,-0.00614616,0.0484196,fluid
329,0.0488082,1.9799,-0.0194152,0.0447804,fluid
330,0.0488082,2.26274,-0.0311414,0.0375826,fluid
331,0.0488082,2.54558,-0.0403928,0.0273981,fluid
332,0.0488082,2.82843,-0.0464343,0.0150364,fluid
333,0.0488082,3.11127,-0.0487857,0.00147977,fluid
334,0.0488082,3.39411,-0.0472603,-0.0121945,fluid
335,0.0488082,3.67696,-0.0419791,-0.0248996,fluid
336,0.0488082,3.9598,-0.033362,-0.0356261,fluid
337,0.0488082,4.24264,-0.0220936,-0.0435214,fluid
338,0.0488082,4.52548,-0.0090695,-0.0479581,fluid
339,0.0488082,4.80833,0.00467534,-0.0485837,fluid
340,0.0488082,5.09117,0.0180486,-0.0453485,fluid
341,0.0488082,5.37401,0.0299876,-0.0385095,fluid
342,0.0488082,5.65685,0.0395436,-0.0286102,fluid
343,0.0488082,5.9397,0.0459571,-0.0164373,fluid
344,0.0488082,6.22254,0.0487184,-0.00295819,fluid
345,0.0552137,0,0.0552137,0,fluid
346,0.0552137,0.282843,0.0530198,0.0154094,fluid
347,0.0552137,0.565685,0.0466126,0.0295942,fluid
348,0.0552137,0.848528,0.0365011,0.0414273,fluid
349,0.0552137,1.13137,0.023489,0.0499682,fluid
350,0.0552137,1.41421,0.00861022,0.0545382,fluid
351,0.0552137,1.69706,-0.00695277,0.0547741,fluid
352,0.0552137,1.9799,-0.0219632,0.0506573,fluid
353,0.0552137,2.26274,-0.0352283,0.0425149,fluid
354,0.0552137,2.54558,-0.0456939,0.0309938,fluid
355,0.0552137,2.82843,-0.0525282,0.0170098,fluid
356,0.0552137,3.11127,-0.0551883,0.00167398,fluid
357,0.0552137,3.39411,-0.0534626,-0.0137948,fluid
358,0.0552137,3.67696,-0.0474884,-0.0281674,fluid
359,0.0552137,3.9598,-0.0377403,-0.0403016,fluid
360,0.0552137,4.24264,-0.0249931,-0.049233,fluid
361,0.0552137,4.52548,-0.0102598,-0.0542521,fluid
362,0.0552137,4.80833,0.00528892,-0.0549598,fluid
363,0.0552137,5.09117,0.0204173,-0.0512999,fluid
364,0.0552137,5.37401,0.0339232,-0.0435634,fluid
365,0.0552137,5.65685,0.0447332,-0.0323649,fluid
366,0.0552137,5.9397,0.0519884,-0.0185945,fluid
367,0.0552137,6.22254,0.0551122,-0.00334641,fluid
368,0.062349,0,0.062349,0,fluid
369,0.062349,0.282843,0.0598716,0.0174008,fluid
370,0.062349,0.565685,0.0526363,0.0334187,fluid
371,0.062349,0.848528,0.0412182,0.0467809,fluid
372,0.062349,1.13137,0.0265245,0.0564256,fluid
373,0.062349,1.41421,0.00972293,0.0615862,fluid
374,0.062349,1.69706,-0.00785128,0.0618527,fluid
375,0.062349,1.9799,-0.0248016,0.0572038,fluid
376,0.062349,2.26274,-0.0397809,0.0480091,fluid
377,0.062349,2.54558,-0.0515989,0.0349992,fluid
378,0.062349,2.82843,-0.0593165,0.019208,fluid
379,0.062349,3.11127,-0.0623203,0.00189031,fluid
380,0.062349,3.39411,-0.0603716,-0.0155776,fluid
381,0.062349,3.67696,-0.0536253,-0.0318075,fluid
382,0.062349,3.9598,-0.0426175,-0.0455098,fluid
383,0.062349,4.24264,-0.028223,-0.0555955,fluid
384,0.062349,4.52548,-0.0115856,-0.0612631,fluid
385,0.062349,4.80833,0.00597241,-0.0620623,fluid
386,0.062349,5.09117,0.0230558,-0.0579294,fluid
387,0.062349,5.37401,0.0383071,-0.0491931,fluid
388,0.062349,5.65685,0.0505141,-0.0365475,fluid
389,0.062349,5.9397,0.0587069,-0.0209975,fluid
390,0.062349,6.22254,0.0622343,-0.00377887,fluid
391,0.0702972,0,0.0702972,0,fluid
392,0.0702972,0.282843,0.067504,0.019619,fluid
393,0.0702972,0.565685,0.0593464,0.0376789,fluid
394,0.0702972,0.848528,0.0464727,0.0527446,fluid
395,0.0702972,1.13137,0.0299058,0.0636187,fluid
396,0.0702972,1.41421,0.0109624,0.0694372,fluid
397,0.0702972,1.69706,-0.00885216,0.0697376,fluid
398,0.0702972,1.9799,-0.0279633,0.0644962,fluid
399,0.0702972,2.26274,-0.0448522,0.0541293,fluid
400,0.0702972,2.54558,-0.0581768,0.0394609,fluid
401,0.0702972,2.82843,-0.0668782,0.0216566,fluid
402,0.0702972,3.11127,-0.0702649,0.00213128,fluid
403,0.0702972,3.39411,-0.0680678,-0.0175634,fluid
404,0.0702972,3.67696,-0.0604615,-0.0358623,fluid
405,0.0702972,3.9598,-0.0480504,-0.0513114,fluid
406,0.0702972,4.24264,-0.0318209,-0.0626828,fluid
407,0.0702972,4.52548,-0.0130626,-0.0690729,fluid
408,0.0702972,4.80833,0.00673377,-0.069974,fluid
409,0.0702972,5.09117,0.025995,-0.0653143,fluid
410,0.0702972,5.37401,0.0431905,-0.0554643,fluid
411,0.0702972,5.65685,0.0569537,-0.0412066,fluid
412,0.0702972,5.9397,0.0661909,-0.0236743,fluid
413,0.0702972,6.22254,0.070168,-0.00426061,fluid
414,0.0791511,0,0.0791511,0,fluid
415,0.0791511,0.282843,0.0760061,0.02209,fluid
416,0.0791511,0.565685,0.066821,0.0424245,fluid
417,0.0791511,0.848528,0.0523258,0.0593877,fluid
418,0.0791511,1.13137,0.0336724,0.0716314,fluid
419,0.0791511,1.41421,0.0123431,0.0781827,fluid
420,0.0791511,1.69706,-0.00996708,0.078521,fluid
421,0.0791511,1.9799,-0.0314852,0.0726194,fluid
422,0.0791511,2.26274,-0.0505013,0.0609468,fluid
423,0.0791511,2.54558,-0.0655041,0.0444309,fluid
424,0.0791511,2.82843,-0.0753014,0.0243842,fluid
425,0.0791511,3.11127,-0.0791147,0.00239972,fluid
426,0.0791511,3.39411,-0.0766409,-0.0197755,fluid
427,0.0791511,3.67696,-0.0680766,-0.0403792,fluid
428,0.0791511,3.9598,-0.0541023,-0.057774,fluid
429,0.0791511,4.24264,-0.0358287,-0.0705776,fluid
430,0.0791511,4.52548,-0.0147078,-0.0777726,fluid
431,0.0791511,4.80833,0.00758188,-0.0787871,fluid
432,0.0791511,5.09117,0.029269,-0.0735406,fluid
433,0.0791511,5.37401,0.0486303,-0.0624499,fluid
434,0.0791511,5.65685,0.0641269,-0.0463965,fluid
435,0.0791511,5.9397,0.0745275,-0.026656,fluid
436,0.0791511,6.22254,0.0790056,-0.00479723,fluid
437,0.0890137,0,0.0890137,0,fluid
438,0.0890137,0.282843,0.0854768,0.0248425,fluid
439,0.0890137,0.565685,0.0751473,0.0477109,fluid
440,0.0890137,0.848528,0.0588459,0.0667877,fluid
441,0.0890137,1.13137,0.0378682,0.0805571,fluid
442,0.0890137,1.41421,0.0138811,0.0879247,fluid
443,0.0890137,1.69706,-0.011209,0.0883051,fluid
444,0.0890137,1.9799,-0.0354084,0.0816681,fluid
445,0.0890137,2.26274,-0.056794,0.0685411,fluid
446,0.0890137,2.54558,-0.0736662,0.0499673,fluid
447,0.0890137,2.82843,-0.0846843,0.0274226,fluid
448,0.0890137,3.11127,-0.0889728,0.00269873,fluid
449,0.0890137,3.39411,-0.0861907,-0.0222396,fluid
450,0.0890137,3.67696,-0.0765592,-0.0454106,fluid
451,0.0890137,3.9598,-0.0608437,-0.0649729,fluid
452,0.0890137,4.24264,-0.0402931,-0.0793719,fluid
453,0.0890137,4.52548,-0.0165405,-0.0874634,fluid
454,0.0890137,4.80833,0.00852662,-0.0886044,fluid
455,0.0890137,5.09117,0.0329161,-0.0827041,fluid
456,0.0890137,5.37401,0.0546898,-0.0702315,fluid
457,0.0890137,5.65685,0.0721174,-0.0521777,fluid
458,0.0890137,5.9397,0.083814,-0.0299775,fluid
459,0.0890137,6.22254,0.08885,-0.00539498,fluid
460,0.1,0,0.1,0,fluid
461,0.1,0.282843,0.0960266,0.0279087,fluid
462,0.1,0.565685,0.0844221,0.0535995,fluid
463,0.1,0.848528,0.0661088,0.0750308,fluid
464,0.1,1.13137,0.042542,0.0904996,fluid
465,0.1,1.41421,0.0155944,0.0987766,fluid
466,0.1,1.69706,-0.0125925,0.099204,fluid
467,0.1,1.9799,-0.0397786,0.0917478,fluid
468,0.1,2.26274,-0.0638036,0.0770006,fluid
469,0.1,2.54558,-0.0827583,0.0561343,fluid
470,0.1,2.82843,-0.0951363,0.0308072,fluid
471,0.1,3.11127,-0.099954,0.00303182,fluid
472,0.1,3.39411,-0.0968286,-0.0249845,fluid
473,0.1,3.67696,-0.0860084,-0.0510153,fluid
474,0.1,3.9598,-0.0683532,-0.072992,fluid
475,0.1,4.24264,-0.0452662,-0.0891682,fluid
476,0.1,4.52548,-0.0185819,-0.0982584,fluid
477,0.1,4.80833,0.009579,-0.0995402,fluid
478,0.1,5.09117,0.0369787,-0.0929117,fluid
479,0.1,5.37401,0.0614398,-0.0788996,fluid
480,0.1,5.65685,0.0810184,-0.0586176,fluid
481,0.1,5.9397,0.0941586,-0.0336774,fluid
482,0.1,6.22254,0.0998162,-0.00606085,fluid
