dr0,0.01
r0,0.05
R,1
R/r0,20
Nr,20
Ntheta,31
Nboundary,31
Nfluid,620
Nparticles,651
Apolar,0.134203
Bpolar,0.069626

L2normPGauss,L2normPCubic,L2normPWedn,L2normdrhodtGauss,L2normdrhodtCubic,L2normdrhodtWedn
0.17667,0.16927,0.165533,369.246,431.826,456.688

ID,r,theta,x,y,Type,,PGauss,PCubic,PWed,,dPGaussX,dPGaussY,,dPCubicX,dPCubicY,,dPWednX,dPWednY,,drhodtGauss,drhodtCubic,drhodtWedn
0,0.05,0,0.05,0,boundary,,0.558919,0.553199,0.555112,,36.2226,1.08951e-14,,42.7984,1.9873e-14,,43.7868,3.11973e-14,,0,0,0,
1,0.05,0.202683,0.0489765,0.0100649,boundary,,0.558919,0.553199,0.555112,,35.4811,7.29155,,41.9223,8.61526,,42.8905,8.81421,,0,0,0,
2,0.05,0.405367,0.0459479,0.0197178,boundary,,0.558919,0.553199,0.555112,,33.287,14.2846,,39.3299,16.8778,,40.2382,17.2676,,0,0,0,
3,0.05,0.60805,0.0410382,0.0285634,boundary,,0.558919,0.553199,0.555112,,29.7302,20.6928,,35.1274,24.4494,,35.9386,25.014,,0,0,0,
4,0.05,0.810734,0.0344483,0.0362396,boundary,,0.558919,0.553199,0.555112,,24.9562,26.2539,,29.4867,31.02,,30.1676,31.7363,,0,0,0,
5,0.05,1.01342,0.0264482,0.0424322,boundary,,0.558919,0.553199,0.555112,,19.1604,30.7401,,22.6388,36.3206,,23.1616,37.1594,,0,0,0,
6,0.05,1.2161,0.0173653,0.0468876,boundary,,0.558919,0.553199,0.555112,,12.5803,33.9678,,14.8641,40.1343,,15.2074,41.0611,,0,0,0,
7,0.05,1.41878,0.00757139,0.0494234,boundary,,0.558919,0.553199,0.555112,,5.48511,35.8049,,6.48087,42.3049,,6.63053,43.2818,,0,0,0,
8,0.05,1.62147,-0.00253246,0.0499358,boundary,,0.558919,0.553199,0.555112,,-1.83464,36.1761,,-2.1677,42.7435,,-2.21776,43.7306,,0,0,0,
9,0.05,1.82415,-0.0125326,0.0484039,boundary,,0.558919,0.553199,0.555112,,-9.07928,35.0663,,-10.7275,41.4322,,-10.9753,42.389,,0,0,0,
10,0.05,2.02683,-0.0220197,0.0448902,boundary,,0.558919,0.553199,0.555112,,-15.9522,32.5208,,-18.8482,38.4246,,-19.2834,39.312,,0,0,0,
11,0.05,2.22952,-0.0306053,0.0395388,boundary,,0.558919,0.553199,0.555112,,-22.1721,28.6439,,-26.1972,33.8439,,-26.8021,34.6255,,0,0,0,
12,0.05,2.4322,-0.0379379,0.0325686,boundary,,0.558919,0.553199,0.555112,,-27.4842,23.5944,,-32.4736,27.8777,,-33.2236,28.5215,,0,0,0,
13,0.05,2.63488,-0.0437173,0.0242651,boundary,,0.558919,0.553199,0.555112,,-31.6711,17.5789,,-37.4206,20.7702,,-38.2848,21.2498,,0,0,0,
14,0.05,2.83757,-0.047707,0.0149682,boundary,,0.558919,0.553199,0.555112,,-34.5614,10.8437,,-40.8356,12.8123,,-41.7787,13.1081,,0,0,0,
15,0.05,3.04025,-0.0497435,0.00505842,boundary,,0.558919,0.553199,0.555112,,-36.0367,3.66458,,-42.5788,4.32984,,-43.5621,4.42983,,0,0,0,
16,0.05,3.24293,-0.0497435,-0.00505842,boundary,,0.558919,0.553199,0.555112,,-36.0367,-3.66458,,-42.5788,-4.32984,,-43.5621,-4.42983,,0,0,0,
17,0.05,3.44562,-0.047707,-0.0149682,boundary,,0.558919,0.553199,0.555112,,-34.5614,-10.8437,,-40.8356,-12.8123,,-41.7787,-13.1081,,0,0,0,
18,0.05,3.6483,-0.0437173,-0.0242651,boundary,,0.558919,0.553199,0.555112,,-31.6711,-17.5789,,-37.4206,-20.7702,,-38.2848,-21.2498,,0,0,0,
19,0.05,3.85098,-0.0379379,-0.0325686,boundary,,0.558919,0.553199,0.555112,,-27.4842,-23.5944,,-32.4736,-27.8777,,-33.2236,-28.5215,,0,0,0,
20,0.05,4.05367,-0.0306053,-0.0395388,boundary,,0.558919,0.553199,0.555112,,-22.1721,-28.6439,,-26.1972,-33.8439,,-26.8021,-34.6255,,0,0,0,
21,0.05,4.25635,-0.0220197,-0.0448902,boundary,,0.558919,0.553199,0.555112,,-15.9522,-32.5208,,-18.8482,-38.4246,,-19.2834,-39.312,,0,0,0,
22,0.05,4.45903,-0.0125326,-0.0484039,boundary,,0.558919,0.553199,0.555112,,-9.07928,-35.0663,,-10.7275,-41.4322,,-10.9753,-42.389,,0,0,0,
23,0.05,4.66172,-0.00253246,-0.0499358,boundary,,0.558919,0.553199,0.555112,,-1.83464,-36.1761,,-2.1677,-42.7435,,-2.21776,-43.7306,,0,0,0,
24,0.05,4.8644,0.00757139,-0.0494234,boundary,,0.558919,0.553199,0.555112,,5.48511,-35.8049,,6.48087,-42.3049,,6.63053,-43.2818,,0,0,0,
25,0.05,5.06708,0.0173653,-0.0468876,boundary,,0.558919,0.553199,0.555112,,12.5803,-33.9678,,14.8641,-40.1343,,15.2074,-41.0611,,0,0,0,
26,0.05,5.26977,0.0264482,-0.0424322,boundary,,0.558919,0.553199,0.555112,,19.1604,-30.7401,,22.6388,-36.3206,,23.1616,-37.1594,,0,0,0,
27,0.05,5.47245,0.0344483,-0.0362396,boundary,,0.558919,0.553199,0.555112,,24.9562,-26.2539,,29.4867,-31.02,,30.1676,-31.7363,,0,0,0,
28,0.05,5.67514,0.0410382,-0.0285634,boundary,,0.558919,0.553199,0.555112,,29.7302,-20.6928,,35.1274,-24.4494,,35.9386,-25.014,,0,0,0,
29,0.05,5.87782,0.0459479,-0.0197178,boundary,,0.558919,0.553199,0.555112,,33.287,-14.2846,,39.3299,-16.8778,,40.2382,-17.2676,,0,0,0,
30,0.05,6.0805,0.0489765,-0.0100649,boundary,,0.558919,0.553199,0.555112,,35.4811,-7.29155,,41.9223,-8.61526,,42.8905,-8.81421,,0,0,0,
31,0.06,0,0.06,0,fluid,,0.787233,0.81477,0.828441,,17.5576,5.32956e-15,,19.6241,9.08995e-15,,20.2509,1.42941e-14,,0,0,0,
32,0.06,0.202683,0.0587718,0.0120779,fluid,,0.787233,0.81477,0.828441,,17.1982,3.53432,,19.2224,3.95031,,19.8363,4.07647,,0,0,0,
33,0.06,0.405367,0.0551375,0.0236614,fluid,,0.787233,0.81477,0.828441,,16.1347,6.92393,,18.0337,7.73889,,18.6097,7.98606,,0,0,0,
34,0.06,0.60805,0.0492458,0.0342761,fluid,,0.787233,0.81477,0.828441,,14.4106,10.0301,,16.1068,11.2106,,16.6212,11.5687,,0,0,0,
35,0.06,0.810734,0.041338,0.0434876,fluid,,0.787233,0.81477,0.828441,,12.0966,12.7256,,13.5204,14.2234,,13.9522,14.6777,,0,0,0,
36,0.06,1.01342,0.0317378,0.0509187,fluid,,0.787233,0.81477,0.828441,,9.28733,14.9001,,10.3805,16.6539,,10.712,17.1858,,0,0,0,
37,0.06,1.2161,0.0208383,0.0562651,fluid,,0.787233,0.81477,0.828441,,6.09784,16.4647,,6.81556,18.4026,,7.03324,18.9903,,0,0,0,
38,0.06,1.41878,0.00908567,0.0593081,fluid,,0.787233,0.81477,0.828441,,2.65871,17.3551,,2.97164,19.3978,,3.06655,20.0174,,0,0,0,
39,0.06,1.62147,-0.00303895,0.059923,fluid,,0.787233,0.81477,0.828441,,-0.889277,17.535,,-0.993946,19.5989,,-1.02569,20.2249,,0,0,0,
40,0.06,1.82415,-0.0150392,0.0580846,fluid,,0.787233,0.81477,0.828441,,-4.40085,16.9971,,-4.91884,18.9977,,-5.07594,19.6044,,0,0,0,
41,0.06,2.02683,-0.0264236,0.0538683,fluid,,0.787233,0.81477,0.828441,,-7.73226,15.7633,,-8.64235,17.6186,,-8.91837,18.1813,,0,0,0,
42,0.06,2.22952,-0.0367264,0.0474465,fluid,,0.787233,0.81477,0.828441,,-10.7471,13.8841,,-12.012,15.5183,,-12.3957,16.0139,,0,0,0,
43,0.06,2.4322,-0.0455255,0.0390823,fluid,,0.787233,0.81477,0.828441,,-13.322,11.4365,,-14.89,12.7826,,-15.3655,13.1909,,0,0,0,
44,0.06,2.63488,-0.0524608,0.0291181,fluid,,0.787233,0.81477,0.828441,,-15.3514,8.52073,,-17.1583,9.52363,,-17.7063,9.82779,,0,0,0,
45,0.06,2.83757,-0.0572484,0.0179618,fluid,,0.787233,0.81477,0.828441,,-16.7524,5.25609,,-18.7241,5.87474,,-19.3222,6.06237,,0,0,0,
46,0.06,3.04025,-0.0596922,0.0060701,fluid,,0.787233,0.81477,0.828441,,-17.4675,1.77627,,-19.5234,1.98534,,-20.147,2.04875,,0,0,0,
47,0.06,3.24293,-0.0596922,-0.0060701,fluid,,0.787233,0.81477,0.828441,,-17.4675,-1.77627,,-19.5234,-1.98534,,-20.147,-2.04875,,0,0,0,
48,0.06,3.44562,-0.0572484,-0.0179618,fluid,,0.787233,0.81477,0.828441,,-16.7524,-5.25609,,-18.7241,-5.87474,,-19.3222,-6.06237,,0,0,0,
49,0.06,3.6483,-0.0524608,-0.0291181,fluid,,0.787233,0.81477,0.828441,,-15.3514,-8.52073,,-17.1583,-9.52363,,-17.7063,-9.82779,,0,0,0,
50,0.06,3.85098,-0.0455255,-0.0390823,fluid,,0.787233,0.81477,0.828441,,-13.322,-11.4365,,-14.89,-12.7826,,-15.3655,-13.1909,,0,0,0,
51,0.06,4.05367,-0.0367264,-0.0474465,fluid,,0.787233,0.81477,0.828441,,-10.7471,-13.8841,,-12.012,-15.5183,,-12.3957,-16.0139,,0,0,0,
52,0.06,4.25635,-0.0264236,-0.0538683,fluid,,0.787233,0.81477,0.828441,,-7.73226,-15.7633,,-8.64235,-17.6186,,-8.91837,-18.1813,,0,0,0,
53,0.06,4.45903,-0.0150392,-0.0580846,fluid,,0.787233,0.81477,0.828441,,-4.40085,-16.9971,,-4.91884,-18.9977,,-5.07594,-19.6044,,0,0,0,
54,0.06,4.66172,-0.00303895,-0.059923,fluid,,0.787233,0.81477,0.828441,,-0.889277,-17.535,,-0.993946,-19.5989,,-1.02569,-20.2249,,0,0,0,
55,0.06,4.8644,0.00908567,-0.0593081,fluid,,0.787233,0.81477,0.828441,,2.65871,-17.3551,,2.97164,-19.3978,,3.06655,-20.0174,,0,0,0,
56,0.06,5.06708,0.0208383,-0.0562651,fluid,,0.787233,0.81477,0.828441,,6.09784,-16.4647,,6.81556,-18.4026,,7.03324,-18.9903,,0,0,0,
57,0.06,5.26977,0.0317378,-0.0509187,fluid,,0.787233,0.81477,0.828441,,9.28733,-14.9001,,10.3805,-16.6539,,10.712,-17.1858,,0,0,0,
58,0.06,5.47245,0.041338,-0.0434876,fluid,,0.787233,0.81477,0.828441,,12.0966,-12.7256,,13.5204,-14.2234,,13.9522,-14.6777,,0,0,0,
59,0.06,5.67514,0.0492458,-0.0342761,fluid,,0.787233,0.81477,0.828441,,14.4106,-10.0301,,16.1068,-11.2106,,16.6212,-11.5687,,0,0,0,
60,0.06,5.87782,0.0551375,-0.0236614,fluid,,0.787233,0.81477,0.828441,,16.1347,-6.92393,,18.0337,-7.73889,,18.6097,-7.98606,,0,0,0,
61,0.06,6.0805,0.0587718,-0.0120779,fluid,,0.787233,0.81477,0.828441,,17.1982,-3.53432,,19.2224,-3.95031,,19.8363,-4.07647,,0,0,0,
62,0.0714362,0,0.0714362,0,fluid,,0.909831,0.942995,0.954539,,8.84957,3.9909e-15,,8.22728,7.41074e-15,,7.68922,1.36835e-14,,0,0,0,
63,0.0714362,0.202683,0.0699739,0.01438,fluid,,0.909831,0.942995,0.954539,,8.66842,1.78141,,8.05886,1.65614,,7.53182,1.54783,,0,0,0,
64,0.0714362,0.405367,0.0656469,0.0281713,fluid,,0.909831,0.942995,0.954539,,8.13238,3.48988,,7.56052,3.24447,,7.06607,3.03229,,0,0,0,
65,0.0714362,0.60805,0.0586323,0.0408093,fluid,,0.909831,0.942995,0.954539,,7.26341,5.05548,,6.75265,4.69998,,6.31103,4.39261,,0,0,0,
66,0.0714362,0.810734,0.0492172,0.0517765,fluid,,0.909831,0.942995,0.954539,,6.09706,6.41411,,5.66832,5.96307,,5.29762,5.57309,,0,0,0,
67,0.0714362,1.01342,0.0377872,0.060624,fluid,,0.909831,0.942995,0.954539,,4.68111,7.51014,,4.35193,6.98203,,4.06732,6.52541,,0,0,0,
68,0.0714362,1.2161,0.0248102,0.0669895,fluid,,0.909831,0.942995,0.954539,,3.0735,8.29871,,2.85738,7.71515,,2.67051,7.21059,,0,0,0,
69,0.0714362,1.41878,0.0108174,0.0706125,fluid,,0.909831,0.942995,0.954539,,1.34007,8.74752,,1.24584,8.1324,,1.16436,7.60055,,0,0,0,
70,0.0714362,1.62147,-0.00361819,0.0713446,fluid,,0.909831,0.942995,0.954539,,-0.448223,8.83821,,-0.416705,8.21672,,-0.389453,7.67935,,0,0,0,
71,0.0714362,1.82415,-0.0179057,0.0691558,fluid,,0.909831,0.942995,0.954539,,-2.21817,8.56707,,-2.06219,7.96464,,-1.92732,7.44376,,0,0,0,
72,0.0714362,2.02683,-0.0314601,0.0641358,fluid,,0.909831,0.942995,0.954539,,-3.8973,7.94519,,-3.62324,7.38649,,-3.38629,6.90342,,0,0,0,
73,0.0714362,2.22952,-0.0437266,0.05649,fluid,,0.909831,0.942995,0.954539,,-5.41688,6.99803,,-5.03596,6.50593,,-4.70662,6.08045,,0,0,0,
74,0.0714362,2.4322,-0.0542028,0.0465316,fluid,,0.909831,0.942995,0.954539,,-6.71469,5.76437,,-6.24251,5.35902,,-5.83426,5.00855,,0,0,0,
75,0.0714362,2.63488,-0.06246,0.0346682,fluid,,0.909831,0.942995,0.954539,,-7.73759,4.29471,,-7.19349,3.99271,,-6.72305,3.7316,,0,0,0,
76,0.0714362,2.83757,-0.0681601,0.0213854,fluid,,0.909831,0.942995,0.954539,,-8.44372,2.64924,,-7.84997,2.46294,,-7.33659,2.30187,,0,0,0,
77,0.0714362,3.04025,-0.0710697,0.00722709,fluid,,0.909831,0.942995,0.954539,,-8.80417,0.895296,,-8.18506,0.83234,,-7.64977,0.777906,,0,0,0,
78,0.0714362,3.24293,-0.0710697,-0.00722709,fluid,,0.909831,0.942995,0.954539,,-8.80417,-0.895296,,-8.18506,-0.83234,,-7.64977,-0.777906,,0,0,0,
79,0.0714362,3.44562,-0.0681601,-0.0213854,fluid,,0.909831,0.942995,0.954539,,-8.44372,-2.64924,,-7.84997,-2.46294,,-7.33659,-2.30187,,0,0,0,
80,0.0714362,3.6483,-0.06246,-0.0346682,fluid,,0.909831,0.942995,0.954539,,-7.73759,-4.29471,,-7.19349,-3.99271,,-6.72305,-3.7316,,0,0,0,
81,0.0714362,3.85098,-0.0542028,-0.0465316,fluid,,0.909831,0.942995,0.954539,,-6.71469,-5.76437,,-6.24251,-5.35902,,-5.83426,-5.00855,,0,0,0,
82,0.0714362,4.05367,-0.0437266,-0.05649,fluid,,0.909831,0.942995,0.954539,,-5.41688,-6.99803,,-5.03596,-6.50593,,-4.70662,-6.08045,,0,0,0,
83,0.0714362,4.25635,-0.0314601,-0.0641358,fluid,,0.909831,0.942995,0.954539,,-3.8973,-7.94519,,-3.62324,-7.38649,,-3.38629,-6.90342,,0,0,0,
84,0.0714362,4.45903,-0.0179057,-0.0691558,fluid,,0.909831,0.942995,0.954539,,-2.21817,-8.56707,,-2.06219,-7.96464,,-1.92732,-7.44376,,0,0,0,
85,0.0714362,4.66172,-0.00361819,-0.0713446,fluid,,0.909831,0.942995,0.954539,,-0.448223,-8.83821,,-0.416705,-8.21672,,-0.389453,-7.67935,,0,0,0,
86,0.0714362,4.8644,0.0108174,-0.0706125,fluid,,0.909831,0.942995,0.954539,,1.34007,-8.74752,,1.24584,-8.1324,,1.16436,-7.60055,,0,0,0,
87,0.0714362,5.06708,0.0248102,-0.0669895,fluid,,0.909831,0.942995,0.954539,,3.0735,-8.29871,,2.85738,-7.71515,,2.67051,-7.21059,,0,0,0,
88,0.0714362,5.26977,0.0377872,-0.060624,fluid,,0.909831,0.942995,0.954539,,4.68111,-7.51014,,4.35193,-6.98203,,4.06732,-6.52541,,0,0,0,
89,0.0714362,5.47245,0.0492172,-0.0517765,fluid,,0.909831,0.942995,0.954539,,6.09706,-6.41411,,5.66832,-5.96307,,5.29762,-5.57309,,0,0,0,
90,0.0714362,5.67514,0.0586323,-0.0408093,fluid,,0.909831,0.942995,0.954539,,7.26341,-5.05548,,6.75265,-4.69998,,6.31103,-4.39261,,0,0,0,
91,0.0714362,5.87782,0.0656469,-0.0281713,fluid,,0.909831,0.942995,0.954539,,8.13238,-3.48988,,7.56052,-3.24447,,7.06607,-3.03229,,0,0,0,
92,0.0714362,6.0805,0.0699739,-0.01438,fluid,,0.909831,0.942995,0.954539,,8.66842,-1.78141,,8.05886,-1.65614,,7.53182,-1.54783,,0,0,0,
93,0.084515,0,0.084515,0,fluid,,0.967074,0.990595,0.996766,,3.88763,7.78516e-16,,2.62338,4.64906e-15,,2.15537,1.26774e-14,,0,0,0,
94,0.084515,0.202683,0.082785,0.0170127,fluid,,0.967074,0.990595,0.996766,,3.80805,0.782575,,2.56968,0.528083,,2.11125,0.433873,,0,0,0,
95,0.084515,0.405367,0.0776657,0.033329,fluid,,0.967074,0.990595,0.996766,,3.57257,1.53311,,2.41078,1.03455,,1.98069,0.849983,,0,0,0,
96,0.084515,0.60805,0.0693668,0.0482807,fluid,,0.967074,0.990595,0.996766,,3.19083,2.22088,,2.15318,1.49865,,1.76905,1.23129,,0,0,0,
97,0.084515,0.810734,0.0582281,0.0612559,fluid,,0.967074,0.990595,0.996766,,2.67845,2.81773,,1.80742,1.90141,,1.48498,1.5622,,0,0,0,
98,0.084515,1.01342,0.0447054,0.0717232,fluid,,0.967074,0.990595,0.996766,,2.05642,3.29922,,1.38767,2.22632,,1.14011,1.82914,,0,0,0,
99,0.084515,1.2161,0.0293525,0.0792541,fluid,,0.967074,0.990595,0.996766,,1.3502,3.64564,,0.911114,2.46008,,0.748571,2.0212,,0,0,0,
100,0.084515,1.41878,0.0127979,0.0835404,fluid,,0.967074,0.990595,0.996766,,0.588696,3.8428,,0.397253,2.59313,,0.326383,2.13052,,0,0,0,
101,0.084515,1.62147,-0.00428062,0.0844065,fluid,,0.967074,0.990595,0.996766,,-0.196905,3.88264,,-0.132872,2.62002,,-0.109168,2.1526,,0,0,0,
102,0.084515,1.82415,-0.0211839,0.0818171,fluid,,0.967074,0.990595,0.996766,,-0.974445,3.76353,,-0.657557,2.53964,,-0.540249,2.08656,,0,0,0,
103,0.084515,2.02683,-0.0372199,0.075878,fluid,,0.967074,0.990595,0.996766,,-1.71209,3.49034,,-1.15532,2.35528,,-0.949212,1.9351,,0,0,0,
104,0.084515,2.22952,-0.0517321,0.0668324,fluid,,0.967074,0.990595,0.996766,,-2.37964,3.07425,,-1.60579,2.07451,,-1.31931,1.70441,,0,0,0,
105,0.084515,2.4322,-0.0641265,0.0550508,fluid,,0.967074,0.990595,0.996766,,-2.94977,2.5323,,-1.99051,1.7088,,-1.6354,1.40395,,0,0,0,
106,0.084515,2.63488,-0.0738954,0.0410153,fluid,,0.967074,0.990595,0.996766,,-3.39914,1.88668,,-2.29375,1.27313,,-1.88454,1.04601,,0,0,0,
107,0.084515,2.83757,-0.0806391,0.0253007,fluid,,0.967074,0.990595,0.996766,,-3.70934,1.16381,,-2.50307,0.785344,,-2.05652,0.645238,,0,0,0,
108,0.084515,3.04025,-0.0840814,0.00855024,fluid,,0.967074,0.990595,0.996766,,-3.86769,0.393305,,-2.60992,0.265403,,-2.14431,0.218055,,0,0,0,
109,0.084515,3.24293,-0.0840814,-0.00855024,fluid,,0.967074,0.990595,0.996766,,-3.86769,-0.393305,,-2.60992,-0.265403,,-2.14431,-0.218055,,0,0,0,
110,0.084515,3.44562,-0.0806391,-0.0253007,fluid,,0.967074,0.990595,0.996766,,-3.70934,-1.16381,,-2.50307,-0.785344,,-2.05652,-0.645238,,0,0,0,
111,0.084515,3.6483,-0.0738954,-0.0410153,fluid,,0.967074,0.990595,0.996766,,-3.39914,-1.88668,,-2.29375,-1.27313,,-1.88454,-1.04601,,0,0,0,
112,0.084515,3.85098,-0.0641265,-0.0550508,fluid,,0.967074,0.990595,0.996766,,-2.94977,-2.5323,,-1.99051,-1.7088,,-1.6354,-1.40395,,0,0,0,
113,0.084515,4.05367,-0.0517321,-0.0668324,fluid,,0.967074,0.990595,0.996766,,-2.37964,-3.07425,,-1.60579,-2.07451,,-1.31931,-1.70441,,0,0,0,
114,0.084515,4.25635,-0.0372199,-0.075878,fluid,,0.967074,0.990595,0.996766,,-1.71209,-3.49034,,-1.15532,-2.35528,,-0.949212,-1.9351,,0,0,0,
115,0.084515,4.45903,-0.0211839,-0.0818171,fluid,,0.967074,0.990595,0.996766,,-0.974445,-3.76353,,-0.657557,-2.53964,,-0.540249,-2.08656,,0,0,0,
116,0.084515,4.66172,-0.00428062,-0.0844065,fluid,,0.967074,0.990595,0.996766,,-0.196905,-3.88264,,-0.132872,-2.62002,,-0.109168,-2.1526,,0,0,0,
117,0.084515,4.8644,0.0127979,-0.0835404,fluid,,0.967074,0.990595,0.996766,,0.588696,-3.8428,,0.397253,-2.59313,,0.326383,-2.13052,,0,0,0,
118,0.084515,5.06708,0.0293525,-0.0792541,fluid,,0.967074,0.990595,0.996766,,1.3502,-3.64564,,0.911114,-2.46008,,0.748571,-2.0212,,0,0,0,
119,0.084515,5.26977,0.0447054,-0.0717232,fluid,,0.967074,0.990595,0.996766,,2.05642,-3.29922,,1.38767,-2.22632,,1.14011,-1.82914,,0,0,0,
120,0.084515,5.47245,0.0582281,-0.0612559,fluid,,0.967074,0.990595,0.996766,,2.67845,-2.81773,,1.80742,-1.90141,,1.48498,-1.5622,,0,0,0,
121,0.084515,5.67514,0.0693668,-0.0482807,fluid,,0.967074,0.990595,0.996766,,3.19083,-2.22088,,2.15318,-1.49865,,1.76905,-1.23129,,0,0,0,
122,0.084515,5.87782,0.0776657,-0.033329,fluid,,0.967074,0.990595,0.996766,,3.57257,-1.53311,,2.41078,-1.03455,,1.98069,-0.849983,,0,0,0,
123,0.084515,6.0805,0.082785,-0.0170127,fluid,,0.967074,0.990595,0.996766,,3.80805,-0.782575,,2.56968,-0.528083,,2.11125,-0.433873,,0,0,0,
124,0.0994722,0,0.0994722,0,fluid,,0.991249,1.0045,1.00747,,1.6041,4.81039e-15,,0.670418,9.74221e-15,,0.41354,1.31284e-14,,-1.80012e-266,0,0,
125,0.0994722,0.202683,0.097436,0.0200236,fluid,,0.991249,1.0045,1.00747,,1.57126,0.322902,,0.656694,0.134954,,0.405075,0.083245,,-1.76327e-266,0,0,
126,0.0994722,0.405367,0.0914108,0.0392275,fluid,,0.991249,1.0045,1.00747,,1.4741,0.632585,,0.616086,0.264383,,0.380026,0.163082,,-1.65423e-266,0,0,
127,0.0994722,0.60805,0.0816432,0.0568253,fluid,,0.991249,1.0045,1.00747,,1.31658,0.916369,,0.550254,0.382988,,0.339419,0.236242,,-1.47747e-266,0,0,
128,0.0994722,0.810734,0.0685331,0.0720967,fluid,,0.991249,1.0045,1.00747,,1.10517,1.16264,,0.461896,0.485914,,0.284915,0.299731,,-1.24022e-266,0,0,
129,0.0994722,1.01342,0.0526172,0.0844165,fluid,,0.991249,1.0045,1.00747,,0.848509,1.36131,,0.354627,0.568946,,0.218748,0.350948,,-9.52197e-267,0,0,
130,0.0994722,1.2161,0.0345472,0.0932803,fluid,,0.991249,1.0045,1.00747,,0.557111,1.50424,,0.23284,0.628686,,0.143625,0.387798,,-6.2519e-267,0,0,
131,0.0994722,1.41878,0.0150629,0.0983251,fluid,,0.991249,1.0045,1.00747,,0.242905,1.5856,,0.10152,0.662687,,0.0626214,0.408771,,-2.72588e-267,0,0,
132,0.0994722,1.62147,-0.00503819,0.0993446,fluid,,0.991249,1.0045,1.00747,,-0.0812461,1.60204,,-0.0339561,0.669557,,-0.0209455,0.413009,,9.11744e-268,0,0,
133,0.0994722,1.82415,-0.024933,0.0962968,fluid,,0.991249,1.0045,1.00747,,-0.402071,1.55289,,-0.168042,0.649016,,-0.103655,0.400339,,4.51204e-267,0,0,
134,0.0994722,2.02683,-0.043807,0.0893066,fluid,,0.991249,1.0045,1.00747,,-0.706434,1.44016,,-0.295248,0.601904,,-0.182121,0.371278,,7.92761e-267,0,0,
135,0.0994722,2.22952,-0.0608875,0.0786602,fluid,,0.991249,1.0045,1.00747,,-0.981877,1.26848,,-0.410367,0.53015,,-0.25313,0.327017,,1.10186e-266,0,0,
136,0.0994722,2.4322,-0.0754754,0.0647935,fluid,,0.991249,1.0045,1.00747,,-1.21712,1.04486,,-0.508685,0.436692,,-0.313777,0.269369,,1.36585e-266,0,0,
137,0.0994722,2.63488,-0.0869732,0.0482741,fluid,,0.991249,1.0045,1.00747,,-1.40254,0.778471,,-0.586177,0.325355,,-0.361577,0.200692,,1.57393e-266,0,0,
138,0.0994722,2.83757,-0.0949104,0.0297783,fluid,,0.991249,1.0045,1.00747,,-1.53053,0.480207,,-0.639672,0.200698,,-0.394575,0.123799,,1.71756e-266,0,0,
139,0.0994722,3.04025,-0.0989619,0.0100634,fluid,,0.991249,1.0045,1.00747,,-1.59587,0.162284,,-0.666978,0.067825,,-0.411418,0.0418371,,1.79088e-266,0,0,
140,0.0994722,3.24293,-0.0989619,-0.0100634,fluid,,0.991249,1.0045,1.00747,,-1.59587,-0.162284,,-0.666978,-0.067825,,-0.411418,-0.0418371,,1.79088e-266,0,0,
141,0.0994722,3.44562,-0.0949104,-0.0297783,fluid,,0.991249,1.0045,1.00747,,-1.53053,-0.480207,,-0.639672,-0.200698,,-0.394575,-0.123799,,1.71756e-266,0,0,
142,0.0994722,3.6483,-0.0869732,-0.0482741,fluid,,0.991249,1.0045,1.00747,,-1.40254,-0.778471,,-0.586177,-0.325355,,-0.361577,-0.200692,,1.57393e-266,0,0,
143,0.0994722,3.85098,-0.0754754,-0.0647935,fluid,,0.991249,1.0045,1.00747,,-1.21712,-1.04486,,-0.508685,-0.436692,,-0.313777,-0.269369,,1.36585e-266,0,0,
144,0.0994722,4.05367,-0.0608875,-0.0786602,fluid,,0.991249,1.0045,1.00747,,-0.981877,-1.26848,,-0.410367,-0.53015,,-0.25313,-0.327017,,1.10186e-266,0,0,
145,0.0994722,4.25635,-0.043807,-0.0893066,fluid,,0.991249,1.0045,1.00747,,-0.706434,-1.44016,,-0.295248,-0.601904,,-0.182121,-0.371278,,7.92761e-267,0,0,
146,0.0994722,4.45903,-0.024933,-0.0962968,fluid,,0.991249,1.0045,1.00747,,-0.402071,-1.55289,,-0.168042,-0.649016,,-0.103655,-0.400339,,4.51204e-267,0,0,
147,0.0994722,4.66172,-0.00503819,-0.0993446,fluid,,0.991249,1.0045,1.00747,,-0.0812461,-1.60204,,-0.0339561,-0.669557,,-0.0209455,-0.413009,,9.11744e-268,0,0,
148,0.0994722,4.8644,0.0150629,-0.0983251,fluid,,0.991249,1.0045,1.00747,,0.242905,-1.5856,,0.10152,-0.662687,,0.0626214,-0.408771,,-2.72588e-267,0,0,
149,0.0994722,5.06708,0.0345472,-0.0932803,fluid,,0.991249,1.0045,1.00747,,0.557111,-1.50424,,0.23284,-0.628686,,0.143625,-0.387798,,-6.2519e-267,0,0,
150,0.0994722,5.26977,0.0526172,-0.0844165,fluid,,0.991249,1.0045,1.00747,,0.848509,-1.36131,,0.354627,-0.568946,,0.218748,-0.350948,,-9.52197e-267,0,0,
151,0.0994722,5.47245,0.0685331,-0.0720967,fluid,,0.991249,1.0045,1.00747,,1.10517,-1.16264,,0.461896,-0.485914,,0.284915,-0.299731,,-1.24022e-266,0,0,
152,0.0994722,5.67514,0.0816432,-0.0568253,fluid,,0.991249,1.0045,1.00747,,1.31658,-0.916369,,0.550254,-0.382988,,0.339419,-0.236242,,-1.47747e-266,0,0,
153,0.0994722,5.87782,0.0914108,-0.0392275,fluid,,0.991249,1.0045,1.00747,,1.4741,-0.632585,,0.616086,-0.264383,,0.380026,-0.163082,,-1.65423e-266,0,0,
154,0.0994722,6.0805,0.097436,-0.0200236,fluid,,0.991249,1.0045,1.00747,,1.57126,-0.322902,,0.656694,-0.134954,,0.405075,-0.083245,,-1.76327e-266,0,0,
155,0.116578,0,0.116578,0,fluid,,1.00106,1.00772,1.00937,,0.65156,3.54958e-15,,0.136826,8.40994e-15,,0.0178861,9.11771e-15,,-6.6035e-190,0,0,
156,0.116578,0.202683,0.114191,0.0234669,fluid,,1.00106,1.00772,1.00937,,0.638223,0.131158,,0.134025,0.0275429,,0.0175199,0.00360044,,-6.46833e-190,0,0,
157,0.116578,0.405367,0.10713,0.0459731,fluid,,1.00106,1.00772,1.00937,,0.598756,0.256947,,0.125737,0.0539581,,0.0164365,0.00705347,,-6.06834e-190,0,0,
158,0.116578,0.60805,0.0956827,0.0665971,fluid,,1.00106,1.00772,1.00937,,0.534777,0.372216,,0.112302,0.0781643,,0.0146802,0.0102177,,-5.41991e-190,0,0,
159,0.116578,0.810734,0.0803181,0.0844946,fluid,,1.00106,1.00772,1.00937,,0.448903,0.472246,,0.0942686,0.0991705,,0.0123229,0.0129637,,-4.5496e-190,0,0,
160,0.116578,1.01342,0.0616654,0.098933,fluid,,1.00106,1.00772,1.00937,,0.344652,0.552943,,0.072376,0.116117,,0.00946108,0.0151789,,-3.49302e-190,0,0,
161,0.116578,1.2161,0.040488,0.109321,fluid,,1.00106,1.00772,1.00937,,0.22629,0.611002,,0.0475204,0.128309,,0.00621192,0.0167727,,-2.29343e-190,0,0,
162,0.116578,1.41878,0.0176531,0.115233,fluid,,1.00106,1.00772,1.00937,,0.0986643,0.644047,,0.0207193,0.135248,,0.00270845,0.0176798,,-9.99954e-191,0,0,
163,0.116578,1.62147,-0.00590456,0.116428,fluid,,1.00106,1.00772,1.00937,,-0.033001,0.650724,,-0.00693012,0.13665,,-0.000905914,0.0178631,,3.34462e-191,0,0,
164,0.116578,1.82415,-0.0292205,0.112856,fluid,,1.00106,1.00772,1.00937,,-0.163315,0.630761,,-0.0342958,0.132458,,-0.00448319,0.0173151,,1.65518e-190,0,0,
165,0.116578,2.02683,-0.0513401,0.104664,fluid,,1.00106,1.00772,1.00937,,-0.286943,0.584974,,-0.0602574,0.122843,,-0.00787692,0.0160582,,2.90814e-190,0,0,
166,0.116578,2.22952,-0.0713579,0.0921868,fluid,,1.00106,1.00772,1.00937,,-0.398824,0.515238,,-0.083752,0.108199,,-0.0109482,0.0141439,,4.04204e-190,0,0,
167,0.116578,2.4322,-0.0884542,0.0759355,fluid,,1.00106,1.00772,1.00937,,-0.494377,0.424408,,-0.103818,0.0891247,,-0.0135712,0.0116505,,5.01046e-190,0,0,
168,0.116578,2.63488,-0.101929,0.0565754,fluid,,1.00106,1.00772,1.00937,,-0.56969,0.316203,,-0.119633,0.0664019,,-0.0156386,0.00868014,,5.77375e-190,0,0,
169,0.116578,2.83757,-0.111231,0.034899,fluid,,1.00106,1.00772,1.00937,,-0.621679,0.195053,,-0.130551,0.0409607,,-0.0170658,0.00535443,,6.30066e-190,0,0,
170,0.116578,3.04025,-0.11598,0.011794,fluid,,1.00106,1.00772,1.00937,,-0.648217,0.0659173,,-0.136124,0.0138425,,-0.0177943,0.0018095,,6.56962e-190,0,0,
171,0.116578,3.24293,-0.11598,-0.011794,fluid,,1.00106,1.00772,1.00937,,-0.648217,-0.0659173,,-0.136124,-0.0138425,,-0.0177943,-0.0018095,,6.56962e-190,0,0,
172,0.116578,3.44562,-0.111231,-0.034899,fluid,,1.00106,1.00772,1.00937,,-0.621679,-0.195053,,-0.130551,-0.0409607,,-0.0170658,-0.00535443,,6.30066e-190,0,0,
173,0.116578,3.6483,-0.101929,-0.0565754,fluid,,1.00106,1.00772,1.00937,,-0.56969,-0.316203,,-0.119633,-0.0664019,,-0.0156386,-0.00868014,,5.77375e-190,0,0,
174,0.116578,3.85098,-0.0884542,-0.0759355,fluid,,1.00106,1.00772,1.00937,,-0.494377,-0.424408,,-0.103818,-0.0891247,,-0.0135712,-0.0116505,,5.01046e-190,0,0,
175,0.116578,4.05367,-0.0713579,-0.0921868,fluid,,1.00106,1.00772,1.00937,,-0.398824,-0.515238,,-0.083752,-0.108199,,-0.0109482,-0.0141439,,4.04204e-190,0,0,
176,0.116578,4.25635,-0.0513401,-0.104664,fluid,,1.00106,1.00772,1.00937,,-0.286943,-0.584974,,-0.0602574,-0.122843,,-0.00787692,-0.0160582,,2.90814e-190,0,0,
177,0.116578,4.45903,-0.0292205,-0.112856,fluid,,1.00106,1.00772,1.00937,,-0.163315,-0.630761,,-0.0342958,-0.132458,,-0.00448319,-0.0173151,,1.65518e-190,0,0,
178,0.116578,4.66172,-0.00590456,-0.116428,fluid,,1.00106,1.00772,1.00937,,-0.033001,-0.650724,,-0.00693012,-0.13665,,-0.000905914,-0.0178631,,3.34462e-191,0,0,
179,0.116578,4.8644,0.0176531,-0.115233,fluid,,1.00106,1.00772,1.00937,,0.0986643,-0.644047,,0.0207193,-0.135248,,0.00270845,-0.0176798,,-9.99954e-191,0,0,
180,0.116578,5.06708,0.040488,-0.109321,fluid,,1.00106,1.00772,1.00937,,0.22629,-0.611002,,0.0475204,-0.128309,,0.00621192,-0.0167727,,-2.29343e-190,0,0,
181,0.116578,5.26977,0.0616654,-0.098933,fluid,,1.00106,1.00772,1.00937,,0.344652,-0.552943,,0.072376,-0.116117,,0.00946108,-0.0151789,,-3.49302e-190,0,0,
182,0.116578,5.47245,0.0803181,-0.0844946,fluid,,1.00106,1.00772,1.00937,,0.448903,-0.472246,,0.0942686,-0.0991705,,0.0123229,-0.0129637,,-4.5496e-190,0,0,
183,0.116578,5.67514,0.0956827,-0.0665971,fluid,,1.00106,1.00772,1.00937,,0.534777,-0.372216,,0.112302,-0.0781643,,0.0146802,-0.0102177,,-5.41991e-190,0,0,
184,0.116578,5.87782,0.10713,-0.0459731,fluid,,1.00106,1.00772,1.00937,,0.598756,-0.256947,,0.125737,-0.0539581,,0.0164365,-0.00705347,,-6.06834e-190,0,0,
185,0.116578,6.0805,0.114191,-0.0234669,fluid,,1.00106,1.00772,1.00937,,0.638223,-0.131158,,0.134025,-0.0275429,,0.0175199,-0.00360044,,-6.46833e-190,0,0,
186,0.13614,0,0.13614,0,fluid,,1.00502,1.00822,1.00951,,0.267907,3.75861e-15,,0.0404364,7.64666e-15,,-0.0317389,1.09079e-14,,-1.3633e-134,0,0,
187,0.13614,0.202683,0.133353,0.0274047,fluid,,1.00502,1.00822,1.00951,,0.262423,0.0539292,,0.0396087,0.00813979,,-0.0310892,-0.00638899,,-1.33539e-134,0,0,
188,0.13614,0.405367,0.125107,0.0536875,fluid,,1.00502,1.00822,1.00951,,0.246195,0.105651,,0.0371593,0.0159463,,-0.0291667,-0.0125164,,-1.25281e-134,0,0,
189,0.13614,0.60805,0.111739,0.0777724,fluid,,1.00502,1.00822,1.00951,,0.219888,0.153047,,0.0331887,0.0231,,-0.0260501,-0.0181314,,-1.11895e-134,0,0,
190,0.13614,0.810734,0.0937958,0.0986732,fluid,,1.00502,1.00822,1.00951,,0.184579,0.194177,,0.0278593,0.029308,,-0.021867,-0.0230041,,-9.39268e-135,0,0,
191,0.13614,1.01342,0.0720131,0.115534,fluid,,1.00502,1.00822,1.00951,,0.141713,0.227357,,0.0213894,0.0343161,,-0.0167887,-0.026935,,-7.21136e-135,0,0,
192,0.13614,1.2161,0.0472821,0.127665,fluid,,1.00502,1.00822,1.00951,,0.0930454,0.25123,,0.0140438,0.0379193,,-0.0110231,-0.0297632,,-4.73481e-135,0,0,
193,0.13614,1.41878,0.0206154,0.13457,fluid,,1.00502,1.00822,1.00951,,0.0405685,0.264817,,0.00612319,0.0399701,,-0.00480615,-0.0313729,,-2.06441e-135,0,0,
194,0.13614,1.62147,-0.00689537,0.135965,fluid,,1.00502,1.00822,1.00951,,-0.0135692,0.267563,,-0.00204807,0.0403845,,0.00160755,-0.0316981,,6.905e-136,0,0,
195,0.13614,1.82415,-0.0341238,0.131794,fluid,,1.00502,1.00822,1.00951,,-0.0671515,0.259354,,-0.0101355,0.0391455,,0.00795543,-0.0307257,,3.41714e-135,0,0,
196,0.13614,2.02683,-0.0599552,0.122227,fluid,,1.00502,1.00822,1.00951,,-0.117985,0.240528,,-0.0178079,0.036304,,0.0139776,-0.0284953,,6.00389e-135,0,0,
197,0.13614,2.22952,-0.083332,0.107656,fluid,,1.00502,1.00822,1.00951,,-0.163987,0.211854,,-0.0247514,0.0319761,,0.0194276,-0.0250983,,8.34484e-135,0,0,
198,0.13614,2.4322,-0.103297,0.0886777,fluid,,1.00502,1.00822,1.00951,,-0.203276,0.174507,,-0.0306814,0.0263392,,0.0240821,-0.0206738,,1.03441e-134,0,0,
199,0.13614,2.63488,-0.119033,0.0660689,fluid,,1.00502,1.00822,1.00951,,-0.234243,0.130016,,-0.0353554,0.0196239,,0.0277508,-0.0154029,,1.192e-134,0,0,
200,0.13614,2.83757,-0.129896,0.0407552,fluid,,1.00502,1.00822,1.00951,,-0.25562,0.0802014,,-0.0385819,0.0121052,,0.0302833,-0.00950145,,1.30078e-134,0,0,
201,0.13614,3.04025,-0.135441,0.013773,fluid,,1.00502,1.00822,1.00951,,-0.266532,0.0271037,,-0.0402289,0.00409088,,0.031576,-0.00321097,,1.3563e-134,0,0,
202,0.13614,3.24293,-0.135441,-0.013773,fluid,,1.00502,1.00822,1.00951,,-0.266532,-0.0271037,,-0.0402289,-0.00409088,,0.031576,0.00321097,,1.3563e-134,0,0,
203,0.13614,3.44562,-0.129896,-0.0407552,fluid,,1.00502,1.00822,1.00951,,-0.25562,-0.0802014,,-0.0385819,-0.0121052,,0.0302833,0.00950145,,1.30078e-134,0,0,
204,0.13614,3.6483,-0.119033,-0.0660689,fluid,,1.00502,1.00822,1.00951,,-0.234243,-0.130016,,-0.0353554,-0.0196239,,0.0277508,0.0154029,,1.192e-134,0,0,
205,0.13614,3.85098,-0.103297,-0.0886777,fluid,,1.00502,1.00822,1.00951,,-0.203276,-0.174507,,-0.0306814,-0.0263392,,0.0240821,0.0206738,,1.03441e-134,0,0,
206,0.13614,4.05367,-0.083332,-0.107656,fluid,,1.00502,1.00822,1.00951,,-0.163987,-0.211854,,-0.0247514,-0.0319761,,0.0194276,0.0250983,,8.34484e-135,0,0,
207,0.13614,4.25635,-0.0599552,-0.122227,fluid,,1.00502,1.00822,1.00951,,-0.117985,-0.240528,,-0.0178079,-0.036304,,0.0139776,0.0284953,,6.00389e-135,0,0,
208,0.13614,4.45903,-0.0341238,-0.131794,fluid,,1.00502,1.00822,1.00951,,-0.0671515,-0.259354,,-0.0101355,-0.0391455,,0.00795543,0.0307257,,3.41714e-135,0,0,
209,0.13614,4.66172,-0.00689537,-0.135965,fluid,,1.00502,1.00822,1.00951,,-0.0135692,-0.267563,,-0.00204807,-0.0403845,,0.00160755,0.0316981,,6.905e-136,0,0,
210,0.13614,4.8644,0.0206154,-0.13457,fluid,,1.00502,1.00822,1.00951,,0.0405685,-0.264817,,0.00612319,-0.0399701,,-0.00480615,0.0313729,,-2.06441e-135,0,0,
211,0.13614,5.06708,0.0472821,-0.127665,fluid,,1.00502,1.00822,1.00951,,0.0930454,-0.25123,,0.0140438,-0.0379193,,-0.0110231,0.0297632,,-4.73481e-135,0,0,
212,0.13614,5.26977,0.0720131,-0.115534,fluid,,1.00502,1.00822,1.00951,,0.141713,-0.227357,,0.0213894,-0.0343161,,-0.0167887,0.026935,,-7.21136e-135,0,0,
213,0.13614,5.47245,0.0937958,-0.0986732,fluid,,1.00502,1.00822,1.00951,,0.184579,-0.194177,,0.0278593,-0.029308,,-0.021867,0.0230041,,-9.39268e-135,0,0,
214,0.13614,5.67514,0.111739,-0.0777724,fluid,,1.00502,1.00822,1.00951,,0.219888,-0.153047,,0.0331887,-0.0231,,-0.0260501,0.0181314,,-1.11895e-134,0,0,
215,0.13614,5.87782,0.125107,-0.0536875,fluid,,1.00502,1.00822,1.00951,,0.246195,-0.105651,,0.0371593,-0.0159463,,-0.0291667,0.0125164,,-1.25281e-134,0,0,
216,0.13614,6.0805,0.133353,-0.0274047,fluid,,1.00502,1.00822,1.00951,,0.262423,-0.0539292,,0.0396087,-0.00813979,,-0.0310892,0.00638899,,-1.33539e-134,0,0,
217,0.158512,0,0.158512,0,fluid,,1.00664,1.00824,1.00944,,0.113193,3.60964e-15,,0.0401056,3.64986e-15,,-0.0245639,5.68295e-15,,-1.39708e-94,0,0,
218,0.158512,0.202683,0.155267,0.0319082,fluid,,1.00664,1.00824,1.00944,,0.110876,0.0227855,,0.0392846,0.00807319,,-0.024061,-0.00494467,,-1.36848e-94,0,0,
219,0.158512,0.405367,0.145666,0.06251,fluid,,1.00664,1.00824,1.00944,,0.104019,0.0446382,,0.0368553,0.0158159,,-0.0225731,-0.0096869,,-1.28386e-94,0,0,
220,0.158512,0.60805,0.130101,0.0905527,fluid,,1.00664,1.00824,1.00944,,0.0929044,0.0646634,,0.0329172,0.022911,,-0.0201611,-0.0140325,,-1.14667e-94,0,0,
221,0.158512,0.810734,0.109209,0.114888,fluid,,1.00664,1.00824,1.00944,,0.077986,0.0820413,,0.0276314,0.0290682,,-0.0169237,-0.0178037,,-9.62544e-95,0,0,
222,0.158512,1.01342,0.083847,0.13452,fluid,,1.00664,1.00824,1.00944,,0.0598749,0.0960603,,0.0212144,0.0340354,,-0.0129934,-0.020846,,-7.39007e-95,0,0,
223,0.158512,1.2161,0.0550519,0.148645,fluid,,1.00664,1.00824,1.00944,,0.0393124,0.106147,,0.0139289,0.0376091,,-0.00853116,-0.0230348,,-4.85214e-95,0,0,
224,0.158512,1.41878,0.0240031,0.156684,fluid,,1.00664,1.00824,1.00944,,0.0171405,0.111887,,0.0060731,0.0396431,,-0.00371965,-0.0242806,,-2.11557e-95,0,0,
225,0.158512,1.62147,-0.00802848,0.158308,fluid,,1.00664,1.00824,1.00944,,-0.00573312,0.113047,,-0.00203131,0.0400541,,0.00124414,-0.0245323,,7.07611e-96,0,0,
226,0.158512,1.82415,-0.0397313,0.153451,fluid,,1.00664,1.00824,1.00944,,-0.028372,0.109579,,-0.0100526,0.0388253,,0.00615699,-0.0237797,,3.50182e-95,0,0,
227,0.158512,2.02683,-0.0698076,0.142312,fluid,,1.00664,1.00824,1.00944,,-0.0498494,0.101625,,-0.0176623,0.036007,,0.0108178,-0.0220535,,6.15267e-95,0,0,
228,0.158512,2.22952,-0.0970259,0.125347,fluid,,1.00664,1.00824,1.00944,,-0.0692859,0.0895101,,-0.0245489,0.0317145,,0.0150357,-0.0194245,,8.55163e-95,0,0,
229,0.158512,2.4322,-0.120272,0.10325,fluid,,1.00664,1.00824,1.00944,,-0.0858859,0.0737306,,-0.0304304,0.0261237,,0.018638,-0.0160002,,1.06005e-94,0,0,
230,0.158512,2.63488,-0.138594,0.076926,fluid,,1.00664,1.00824,1.00944,,-0.0989697,0.0549326,,-0.0350662,0.0194633,,0.0214773,-0.0119209,,1.22153e-94,0,0,
231,0.158512,2.83757,-0.151242,0.0474525,fluid,,1.00664,1.00824,1.00944,,-0.108002,0.0338857,,-0.0382663,0.0120061,,0.0234373,-0.00735351,,1.33301e-94,0,0,
232,0.158512,3.04025,-0.157698,0.0160364,fluid,,1.00664,1.00824,1.00944,,-0.112612,0.0114515,,-0.0398998,0.00405741,,0.0244378,-0.00248508,,1.38991e-94,0,0,
233,0.158512,3.24293,-0.157698,-0.0160364,fluid,,1.00664,1.00824,1.00944,,-0.112612,-0.0114515,,-0.0398998,-0.00405741,,0.0244378,0.00248508,,1.38991e-94,0,0,
234,0.158512,3.44562,-0.151242,-0.0474525,fluid,,1.00664,1.00824,1.00944,,-0.108002,-0.0338857,,-0.0382663,-0.0120061,,0.0234373,0.00735351,,1.33301e-94,0,0,
235,0.158512,3.6483,-0.138594,-0.076926,fluid,,1.00664,1.00824,1.00944,,-0.0989697,-0.0549326,,-0.0350662,-0.0194633,,0.0214773,0.0119209,,1.22153e-94,0,0,
236,0.158512,3.85098,-0.120272,-0.10325,fluid,,1.00664,1.00824,1.00944,,-0.0858859,-0.0737306,,-0.0304304,-0.0261237,,0.018638,0.0160002,,1.06005e-94,0,0,
237,0.158512,4.05367,-0.0970259,-0.125347,fluid,,1.00664,1.00824,1.00944,,-0.0692859,-0.0895101,,-0.0245489,-0.0317145,,0.0150357,0.0194245,,8.55163e-95,0,0,
238,0.158512,4.25635,-0.0698076,-0.142312,fluid,,1.00664,1.00824,1.00944,,-0.0498494,-0.101625,,-0.0176623,-0.036007,,0.0108178,0.0220535,,6.15267e-95,0,0,
239,0.158512,4.45903,-0.0397313,-0.153451,fluid,,1.00664,1.00824,1.00944,,-0.028372,-0.109579,,-0.0100526,-0.0388253,,0.00615699,0.0237797,,3.50182e-95,0,0,
240,0.158512,4.66172,-0.00802848,-0.158308,fluid,,1.00664,1.00824,1.00944,,-0.00573312,-0.113047,,-0.00203131,-0.0400541,,0.00124414,0.0245323,,7.07611e-96,0,0,
241,0.158512,4.8644,0.0240031,-0.156684,fluid,,1.00664,1.00824,1.00944,,0.0171405,-0.111887,,0.0060731,-0.0396431,,-0.00371965,0.0242806,,-2.11557e-95,0,0,
242,0.158512,5.06708,0.0550519,-0.148645,fluid,,1.00664,1.00824,1.00944,,0.0393124,-0.106147,,0.0139289,-0.0376091,,-0.00853116,0.0230348,,-4.85214e-95,0,0,
243,0.158512,5.26977,0.083847,-0.13452,fluid,,1.00664,1.00824,1.00944,,0.0598749,-0.0960603,,0.0212144,-0.0340354,,-0.0129934,0.020846,,-7.39007e-95,0,0,
244,0.158512,5.47245,0.109209,-0.114888,fluid,,1.00664,1.00824,1.00944,,0.077986,-0.0820413,,0.0276314,-0.0290682,,-0.0169237,0.0178037,,-9.62544e-95,0,0,
245,0.158512,5.67514,0.130101,-0.0905527,fluid,,1.00664,1.00824,1.00944,,0.0929044,-0.0646634,,0.0329172,-0.022911,,-0.0201611,0.0140325,,-1.14667e-94,0,0,
246,0.158512,5.87782,0.145666,-0.06251,fluid,,1.00664,1.00824,1.00944,,0.104019,-0.0446382,,0.0368553,-0.0158159,,-0.0225731,0.0096869,,-1.28386e-94,0,0,
247,0.158512,6.0805,0.155267,-0.0319082,fluid,,1.00664,1.00824,1.00944,,0.110876,-0.0227855,,0.0392846,-0.00807319,,-0.024061,0.00494467,,-1.36848e-94,0,0,
248,0.184097,0,0.184097,0,fluid,,1.00731,1.00824,1.00938,,0.0494444,2.52988e-15,,0.0472195,3.40006e-15,,-0.0155098,6.18949e-15,,-1.17627e-65,0,0,
249,0.184097,0.202683,0.180328,0.0370584,fluid,,1.00731,1.00824,1.00938,,0.0484323,0.00995309,,0.0462529,0.00950522,,-0.0151923,-0.00312209,,-1.15219e-65,0,0,
250,0.184097,0.405367,0.169177,0.0725996,fluid,,1.00731,1.00824,1.00938,,0.0454373,0.0194987,,0.0433928,0.0186213,,-0.0142528,-0.00611636,,-1.08094e-65,0,0,
251,0.184097,0.60805,0.1511,0.105169,fluid,,1.00731,1.00824,1.00938,,0.0405822,0.028246,,0.0387561,0.026975,,-0.0127298,-0.00886023,,-9.65437e-66,0,0,
252,0.184097,0.810734,0.126836,0.133432,fluid,,1.00731,1.00824,1.00938,,0.0340656,0.035837,,0.0325327,0.0342244,,-0.0106857,-0.0112414,,-8.10409e-66,0,0,
253,0.184097,1.01342,0.0973805,0.156233,fluid,,1.00731,1.00824,1.00938,,0.0261543,0.0419607,,0.0249774,0.0400726,,-0.0082041,-0.0131623,,-6.22203e-66,0,0,
254,0.184097,1.2161,0.0639377,0.172637,fluid,,1.00731,1.00824,1.00938,,0.0171723,0.0463666,,0.0163996,0.0442802,,-0.00538662,-0.0145443,,-4.08524e-66,0,0,
255,0.184097,1.41878,0.0278773,0.181974,fluid,,1.00731,1.00824,1.00938,,0.00748726,0.0488743,,0.00715035,0.046675,,-0.00234861,-0.0153309,,-1.7812e-66,0,0,
256,0.184097,1.62147,-0.00932434,0.18386,fluid,,1.00731,1.00824,1.00938,,-0.00250432,0.049381,,-0.00239163,0.0471589,,0.000785556,-0.0154898,,5.95769e-67,0,0,
257,0.184097,1.82415,-0.0461443,0.17822,fluid,,1.00731,1.00824,1.00938,,-0.0123934,0.047866,,-0.0118357,0.0457121,,0.00388756,-0.0150146,,2.94834e-66,0,0,
258,0.184097,2.02683,-0.0810751,0.165283,fluid,,1.00731,1.00824,1.00938,,-0.021775,0.0443914,,-0.0207952,0.0423939,,0.0068304,-0.0139247,,5.18021e-66,0,0,
259,0.184097,2.22952,-0.112687,0.145579,fluid,,1.00731,1.00824,1.00938,,-0.0302652,0.0390995,,-0.0289034,0.0373401,,0.00949361,-0.0122647,,7.2e-66,0,0,
260,0.184097,2.4322,-0.139685,0.119915,fluid,,1.00731,1.00824,1.00938,,-0.0375164,0.0322067,,-0.0358282,0.0307575,,0.0117681,-0.0101026,,8.92502e-66,0,0,
261,0.184097,2.63488,-0.160964,0.0893424,fluid,,1.00731,1.00824,1.00938,,-0.0432316,0.0239955,,-0.0412862,0.0229157,,0.0135609,-0.00752691,,1.02847e-65,0,0,
262,0.184097,2.83757,-0.175654,0.0551117,fluid,,1.00731,1.00824,1.00938,,-0.0471769,0.0148018,,-0.045054,0.0141358,,0.0147985,-0.00464305,,1.12232e-65,0,0,
263,0.184097,3.04025,-0.183152,0.0186247,fluid,,1.00731,1.00824,1.00938,,-0.0491907,0.00500221,,-0.0469773,0.00477712,,0.0154302,-0.0015691,,1.17023e-65,0,0,
264,0.184097,3.24293,-0.183152,-0.0186247,fluid,,1.00731,1.00824,1.00938,,-0.0491907,-0.00500221,,-0.0469773,-0.00477712,,0.0154302,0.0015691,,1.17023e-65,0,0,
265,0.184097,3.44562,-0.175654,-0.0551117,fluid,,1.00731,1.00824,1.00938,,-0.0471769,-0.0148018,,-0.045054,-0.0141358,,0.0147985,0.00464305,,1.12232e-65,0,0,
266,0.184097,3.6483,-0.160964,-0.0893424,fluid,,1.00731,1.00824,1.00938,,-0.0432316,-0.0239955,,-0.0412862,-0.0229157,,0.0135609,0.00752691,,1.02847e-65,0,0,
267,0.184097,3.85098,-0.139685,-0.119915,fluid,,1.00731,1.00824,1.00938,,-0.0375164,-0.0322067,,-0.0358282,-0.0307575,,0.0117681,0.0101026,,8.92502e-66,0,0,
268,0.184097,4.05367,-0.112687,-0.145579,fluid,,1.00731,1.00824,1.00938,,-0.0302652,-0.0390995,,-0.0289034,-0.0373401,,0.00949361,0.0122647,,7.2e-66,0,0,
269,0.184097,4.25635,-0.0810751,-0.165283,fluid,,1.00731,1.00824,1.00938,,-0.021775,-0.0443914,,-0.0207952,-0.0423939,,0.0068304,0.0139247,,5.18021e-66,0,0,
270,0.184097,4.45903,-0.0461443,-0.17822,fluid,,1.00731,1.00824,1.00938,,-0.0123934,-0.047866,,-0.0118357,-0.0457121,,0.00388756,0.0150146,,2.94834e-66,0,0,
271,0.184097,4.66172,-0.00932434,-0.18386,fluid,,1.00731,1.00824,1.00938,,-0.00250432,-0.049381,,-0.00239163,-0.0471589,,0.000785556,0.0154898,,5.95769e-67,0,0,
272,0.184097,4.8644,0.0278773,-0.181974,fluid,,1.00731,1.00824,1.00938,,0.00748726,-0.0488743,,0.00715035,-0.046675,,-0.00234861,0.0153309,,-1.7812e-66,0,0,
273,0.184097,5.06708,0.0639377,-0.172637,fluid,,1.00731,1.00824,1.00938,,0.0171723,-0.0463666,,0.0163996,-0.0442802,,-0.00538662,0.0145443,,-4.08524e-66,0,0,
274,0.184097,5.26977,0.0973805,-0.156233,fluid,,1.00731,1.00824,1.00938,,0.0261543,-0.0419607,,0.0249774,-0.0400726,,-0.0082041,0.0131623,,-6.22203e-66,0,0,
275,0.184097,5.47245,0.126836,-0.133432,fluid,,1.00731,1.00824,1.00938,,0.0340656,-0.035837,,0.0325327,-0.0342244,,-0.0106857,0.0112414,,-8.10409e-66,0,0,
276,0.184097,5.67514,0.1511,-0.105169,fluid,,1.00731,1.00824,1.00938,,0.0405822,-0.028246,,0.0387561,-0.026975,,-0.0127298,0.00886023,,-9.65437e-66,0,0,
277,0.184097,5.87782,0.169177,-0.0725996,fluid,,1.00731,1.00824,1.00938,,0.0454373,-0.0194987,,0.0433928,-0.0186213,,-0.0142528,0.00611636,,-1.08094e-65,0,0,
278,0.184097,6.0805,0.180328,-0.0370584,fluid,,1.00731,1.00824,1.00938,,0.0484323,-0.00995309,,0.0462529,-0.00950522,,-0.0151923,0.00312209,,-1.15219e-65,0,0,
279,0.213356,0,0.213356,0,fluid,,1.00759,1.00824,1.00934,,0.022329,2.42179e-15,,0.0497605,4.05231e-15,,-0.00894943,5.4054e-15,,-8.55131e-45,0,0,
280,0.213356,0.202683,0.208989,0.0429483,fluid,,1.00759,1.00824,1.00934,,0.0218719,0.00449479,,0.0487419,0.0100167,,-0.00876623,-0.00180151,,-8.37627e-45,0,0,
281,0.213356,0.405367,0.196065,0.0841382,fluid,,1.00759,1.00824,1.00934,,0.0205194,0.00880557,,0.0457278,0.0196234,,-0.00822415,-0.00352926,,-7.8583e-45,0,0,
282,0.213356,0.60805,0.175115,0.121884,fluid,,1.00759,1.00824,1.00934,,0.0183268,0.0127558,,0.0408416,0.0284266,,-0.00734536,-0.00511252,,-7.01861e-45,0,0,
283,0.213356,0.810734,0.146995,0.154639,fluid,,1.00759,1.00824,1.00934,,0.0153839,0.0161839,,0.0342834,0.0360661,,-0.00616586,-0.00648648,,-5.89157e-45,0,0,
284,0.213356,1.01342,0.112858,0.181063,fluid,,1.00759,1.00824,1.00934,,0.0118112,0.0189494,,0.0263215,0.042229,,-0.00473392,-0.00759488,,-4.52334e-45,0,0,
285,0.213356,1.2161,0.0740997,0.200075,fluid,,1.00759,1.00824,1.00934,,0.00775497,0.0209391,,0.0172821,0.046663,,-0.00310818,-0.00839234,,-2.96992e-45,0,0,
286,0.213356,1.41878,0.032308,0.210896,fluid,,1.00759,1.00824,1.00934,,0.00338123,0.0220715,,0.00753513,0.0491867,,-0.00135519,-0.00884622,,-1.29491e-45,0,0,
287,0.213356,1.62147,-0.0108063,0.213082,fluid,,1.00759,1.00824,1.00934,,-0.00113094,0.0223003,,-0.00252033,0.0496967,,0.000453281,-0.00893794,,4.33117e-46,0,0,
288,0.213356,1.82415,-0.0534783,0.206545,fluid,,1.00759,1.00824,1.00934,,-0.00559682,0.0216162,,-0.0124726,0.048172,,0.0022432,-0.00866374,,2.14341e-45,0,0,
289,0.213356,2.02683,-0.0939608,0.191552,fluid,,1.00759,1.00824,1.00934,,-0.00983356,0.0200471,,-0.0219142,0.0446752,,0.00394128,-0.00803484,,3.76595e-45,0,0,
290,0.213356,2.22952,-0.130597,0.168717,fluid,,1.00759,1.00824,1.00934,,-0.0136677,0.0176572,,-0.0304587,0.0393494,,0.005478,-0.00707699,,5.23431e-45,0,0,
291,0.213356,2.4322,-0.161886,0.138974,fluid,,1.00759,1.00824,1.00934,,-0.0169423,0.0145445,,-0.0377562,0.0324126,,0.00679045,-0.00582941,,6.48838e-45,0,0,
292,0.213356,2.63488,-0.186547,0.103542,fluid,,1.00759,1.00824,1.00934,,-0.0195233,0.0108363,,-0.0435079,0.0241489,,0.0078249,-0.00434317,,7.47681e-45,0,0,
293,0.213356,2.83757,-0.203571,0.063871,fluid,,1.00759,1.00824,1.00934,,-0.021305,0.00668448,,-0.0474785,0.0148965,,0.008539,-0.00267913,,8.15914e-45,0,0,
294,0.213356,3.04025,-0.212261,0.0215849,fluid,,1.00759,1.00824,1.00934,,-0.0222144,0.00225899,,-0.0495052,0.00503419,,0.00890351,-0.000905398,,8.50744e-45,0,0,
295,0.213356,3.24293,-0.212261,-0.0215849,fluid,,1.00759,1.00824,1.00934,,-0.0222144,-0.00225899,,-0.0495052,-0.00503419,,0.00890351,0.000905398,,8.50744e-45,0,0,
296,0.213356,3.44562,-0.203571,-0.063871,fluid,,1.00759,1.00824,1.00934,,-0.021305,-0.00668448,,-0.0474785,-0.0148965,,0.008539,0.00267913,,8.15914e-45,0,0,
297,0.213356,3.6483,-0.186547,-0.103542,fluid,,1.00759,1.00824,1.00934,,-0.0195233,-0.0108363,,-0.0435079,-0.0241489,,0.0078249,0.00434317,,7.47681e-45,0,0,
298,0.213356,3.85098,-0.161886,-0.138974,fluid,,1.00759,1.00824,1.00934,,-0.0169423,-0.0145445,,-0.0377562,-0.0324126,,0.00679045,0.00582941,,6.48838e-45,0,0,
299,0.213356,4.05367,-0.130597,-0.168717,fluid,,1.00759,1.00824,1.00934,,-0.0136677,-0.0176572,,-0.0304587,-0.0393494,,0.005478,0.00707699,,5.23431e-45,0,0,
300,0.213356,4.25635,-0.0939608,-0.191552,fluid,,1.00759,1.00824,1.00934,,-0.00983356,-0.0200471,,-0.0219142,-0.0446752,,0.00394128,0.00803484,,3.76595e-45,0,0,
301,0.213356,4.45903,-0.0534783,-0.206545,fluid,,1.00759,1.00824,1.00934,,-0.00559682,-0.0216162,,-0.0124726,-0.048172,,0.0022432,0.00866374,,2.14341e-45,0,0,
302,0.213356,4.66172,-0.0108063,-0.213082,fluid,,1.00759,1.00824,1.00934,,-0.00113094,-0.0223003,,-0.00252033,-0.0496967,,0.000453281,0.00893794,,4.33117e-46,0,0,
303,0.213356,4.8644,0.032308,-0.210896,fluid,,1.00759,1.00824,1.00934,,0.00338123,-0.0220715,,0.00753513,-0.0491867,,-0.00135519,0.00884622,,-1.29491e-45,0,0,
304,0.213356,5.06708,0.0740997,-0.200075,fluid,,1.00759,1.00824,1.00934,,0.00775497,-0.0209391,,0.0172821,-0.046663,,-0.00310818,0.00839234,,-2.96992e-45,0,0,
305,0.213356,5.26977,0.112858,-0.181063,fluid,,1.00759,1.00824,1.00934,,0.0118112,-0.0189494,,0.0263215,-0.042229,,-0.00473392,0.00759488,,-4.52334e-45,0,0,
306,0.213356,5.47245,0.146995,-0.154639,fluid,,1.00759,1.00824,1.00934,,0.0153839,-0.0161839,,0.0342834,-0.0360661,,-0.00616586,0.00648648,,-5.89157e-45,0,0,
307,0.213356,5.67514,0.175115,-0.121884,fluid,,1.00759,1.00824,1.00934,,0.0183268,-0.0127558,,0.0408416,-0.0284266,,-0.00734536,0.00511252,,-7.01861e-45,0,0,
308,0.213356,5.87782,0.196065,-0.0841382,fluid,,1.00759,1.00824,1.00934,,0.0205194,-0.00880557,,0.0457278,-0.0196234,,-0.00822415,0.00352926,,-7.8583e-45,0,0,
309,0.213356,6.0805,0.208989,-0.0429483,fluid,,1.00759,1.00824,1.00934,,0.0218719,-0.00449479,,0.0487419,-0.0100167,,-0.00876623,0.00180151,,-8.37627e-45,0,0,
310,0.246818,0,0.246818,0,fluid,,1.0077,1.00825,1.0093,,0.0103783,2.14033e-15,,0.0493449,2.15106e-15,,-0.00431364,5.6205e-15,,-8.13255e-30,0,0,
311,0.246818,0.202683,0.241766,0.0496841,fluid,,1.0077,1.00825,1.0093,,0.0101659,0.00208914,,0.0483348,0.00993305,,-0.00422534,-0.00086833,,-7.96608e-30,0,0,
312,0.246818,0.405367,0.226815,0.0973342,fluid,,1.0077,1.00825,1.0093,,0.00953723,0.00409275,,0.0453458,0.0194594,,-0.00396406,-0.00170111,,-7.47347e-30,0,0,
313,0.246818,0.60805,0.202579,0.140999,fluid,,1.0077,1.00825,1.0093,,0.00851813,0.0059288,,0.0405005,0.0281892,,-0.00354048,-0.00246425,,-6.6749e-30,0,0,
314,0.246818,0.810734,0.17005,0.178892,fluid,,1.0077,1.00825,1.0093,,0.00715031,0.00752212,,0.033997,0.0357648,,-0.00297196,-0.0031265,,-5.60306e-30,0,0,
315,0.246818,1.01342,0.130558,0.209461,fluid,,1.0077,1.00825,1.0093,,0.00548975,0.00880749,,0.0261017,0.0418762,,-0.00228176,-0.00366075,,-4.30183e-30,0,0,
316,0.246818,1.2161,0.0857212,0.231454,fluid,,1.0077,1.00825,1.0093,,0.00360444,0.00973228,,0.0171377,0.0462733,,-0.00149815,-0.00404513,,-2.82448e-30,0,0,
317,0.246818,1.41878,0.0373751,0.243972,fluid,,1.0077,1.00825,1.0093,,0.00157156,0.0102586,,0.00747218,0.0487758,,-0.000653206,-0.0042639,,-1.23149e-30,0,0,
318,0.246818,1.62147,-0.0125011,0.246501,fluid,,1.0077,1.00825,1.0093,,-0.000525653,0.010365,,-0.00249928,0.0492815,,0.000218483,-0.00430811,,4.11907e-31,0,0,
319,0.246818,1.82415,-0.0618656,0.238939,fluid,,1.0077,1.00825,1.0093,,-0.00260135,0.010047,,-0.0123684,0.0477696,,0.00108123,-0.00417594,,2.03845e-30,0,0,
320,0.246818,2.02683,-0.108697,0.221594,fluid,,1.0077,1.00825,1.0093,,-0.00457055,0.00931769,,-0.0217312,0.044302,,0.0018997,-0.00387281,,3.58153e-30,0,0,
321,0.246818,2.22952,-0.151079,0.195178,fluid,,1.0077,1.00825,1.0093,,-0.00635262,0.00820691,,-0.0302043,0.0390207,,0.00264041,-0.00341113,,4.97799e-30,0,0,
322,0.246818,2.4322,-0.187275,0.160771,fluid,,1.0077,1.00825,1.0093,,-0.00787462,0.00676014,,-0.0374408,0.0321419,,0.00327301,-0.00280979,,6.17064e-30,0,0,
323,0.246818,2.63488,-0.215805,0.119781,fluid,,1.0077,1.00825,1.0093,,-0.00907424,0.00503661,,-0.0431445,0.0239472,,0.00377162,-0.00209342,,7.11067e-30,0,0,
324,0.246818,2.83757,-0.235499,0.0738882,fluid,,1.0077,1.00825,1.0093,,-0.00990235,0.00310688,,-0.0470819,0.014772,,0.00411582,-0.00129135,,7.75959e-30,0,0,
325,0.246818,3.04025,-0.245552,0.0249702,fluid,,1.0077,1.00825,1.0093,,-0.0103251,0.00104996,,-0.0490917,0.00499214,,0.00429151,-0.000436404,,8.09083e-30,0,0,
326,0.246818,3.24293,-0.245552,-0.0249702,fluid,,1.0077,1.00825,1.0093,,-0.0103251,-0.00104996,,-0.0490917,-0.00499214,,0.00429151,0.000436404,,8.09083e-30,0,0,
327,0.246818,3.44562,-0.235499,-0.0738882,fluid,,1.0077,1.00825,1.0093,,-0.00990235,-0.00310688,,-0.0470819,-0.014772,,0.00411582,0.00129135,,7.75959e-30,0,0,
328,0.246818,3.6483,-0.215805,-0.119781,fluid,,1.0077,1.00825,1.0093,,-0.00907424,-0.00503661,,-0.0431445,-0.0239472,,0.00377162,0.00209342,,7.11067e-30,0,0,
329,0.246818,3.85098,-0.187275,-0.160771,fluid,,1.0077,1.00825,1.0093,,-0.00787462,-0.00676014,,-0.0374408,-0.0321419,,0.00327301,0.00280979,,6.17064e-30,0,0,
330,0.246818,4.05367,-0.151079,-0.195178,fluid,,1.0077,1.00825,1.0093,,-0.00635262,-0.00820691,,-0.0302043,-0.0390207,,0.00264041,0.00341113,,4.97799e-30,0,0,
331,0.246818,4.25635,-0.108697,-0.221594,fluid,,1.0077,1.00825,1.0093,,-0.00457055,-0.00931769,,-0.0217312,-0.044302,,0.0018997,0.00387281,,3.58153e-30,0,0,
332,0.246818,4.45903,-0.0618656,-0.238939,fluid,,1.0077,1.00825,1.0093,,-0.00260135,-0.010047,,-0.0123684,-0.0477696,,0.00108123,0.00417594,,2.03845e-30,0,0,
333,0.246818,4.66172,-0.0125011,-0.246501,fluid,,1.0077,1.00825,1.0093,,-0.000525653,-0.010365,,-0.00249928,-0.0492815,,0.000218483,0.00430811,,4.11907e-31,0,0,
334,0.246818,4.8644,0.0373751,-0.243972,fluid,,1.0077,1.00825,1.0093,,0.00157156,-0.0102586,,0.00747218,-0.0487758,,-0.000653206,0.0042639,,-1.23149e-30,0,0,
335,0.246818,5.06708,0.0857212,-0.231454,fluid,,1.0077,1.00825,1.0093,,0.00360444,-0.00973228,,0.0171377,-0.0462733,,-0.00149815,0.00404513,,-2.82448e-30,0,0,
336,0.246818,5.26977,0.130558,-0.209461,fluid,,1.0077,1.00825,1.0093,,0.00548975,-0.00880749,,0.0261017,-0.0418762,,-0.00228176,0.00366075,,-4.30183e-30,0,0,
337,0.246818,5.47245,0.17005,-0.178892,fluid,,1.0077,1.00825,1.0093,,0.00715031,-0.00752212,,0.033997,-0.0357648,,-0.00297196,0.0031265,,-5.60306e-30,0,0,
338,0.246818,5.67514,0.202579,-0.140999,fluid,,1.0077,1.00825,1.0093,,0.00851813,-0.0059288,,0.0405005,-0.0281892,,-0.00354048,0.00246425,,-6.6749e-30,0,0,
339,0.246818,5.87782,0.226815,-0.0973342,fluid,,1.0077,1.00825,1.0093,,0.00953723,-0.00409275,,0.0453458,-0.0194594,,-0.00396406,0.00170111,,-7.47347e-30,0,0,
340,0.246818,6.0805,0.241766,-0.0496841,fluid,,1.0077,1.00825,1.0093,,0.0101659,-0.00208914,,0.0483348,-0.00993305,,-0.00422534,0.00086833,,-7.96608e-30,0,0,
341,0.285086,0,0.285086,0,fluid,,1.00774,1.00827,1.00928,,0.00492446,2.23282e-15,,0.047183,4.44089e-15,,-0.00111686,5.80785e-15,,-3.87226e-19,0,0,
342,0.285086,0.202683,0.27925,0.0573874,fluid,,1.00774,1.00827,1.00928,,0.00482365,0.000991286,,0.0462172,0.00949787,,-0.00109399,-0.000224822,,-3.793e-19,0,0,
343,0.285086,0.405367,0.261982,0.112425,fluid,,1.00774,1.00827,1.00928,,0.00452537,0.00194199,,0.0433592,0.0186069,,-0.00102634,-0.000440439,,-3.55845e-19,0,0,
344,0.285086,0.60805,0.233988,0.162861,fluid,,1.00774,1.00827,1.00928,,0.00404181,0.00281319,,0.0387261,0.0269541,,-0.000916675,-0.000638025,,-3.17821e-19,0,0,
345,0.285086,0.810734,0.196415,0.206628,fluid,,1.00774,1.00827,1.00928,,0.00339279,0.00356921,,0.0325075,0.0341979,,-0.000769478,-0.00080949,,-2.66786e-19,0,0,
346,0.285086,1.01342,0.1508,0.241937,fluid,,1.00774,1.00827,1.00928,,0.00260486,0.00417911,,0.0249581,0.0400416,,-0.000590777,-0.000947814,,-2.04829e-19,0,0,
347,0.285086,1.2161,0.0990119,0.26734,fluid,,1.00774,1.00827,1.00928,,0.00171029,0.00461792,,0.0163869,0.044246,,-0.00038789,-0.00104734,,-1.34486e-19,0,0,
348,0.285086,1.41878,0.0431699,0.281798,fluid,,1.00774,1.00827,1.00928,,0.0007457,0.00486767,,0.00714482,0.0466389,,-0.000169123,-0.00110398,,-5.86368e-20,0,0,
349,0.285086,1.62147,-0.0144394,0.28472,fluid,,1.00774,1.00827,1.00928,,-0.00024942,0.00491814,,-0.00238978,0.0471224,,5.65679e-05,-0.00111542,,1.96127e-20,0,0,
350,0.285086,1.82415,-0.0714575,0.275985,fluid,,1.00774,1.00827,1.00928,,-0.00123433,0.00476725,,-0.0118265,0.0456768,,0.000279943,-0.0010812,,9.70593e-20,0,0,
351,0.285086,2.02683,-0.12555,0.255952,fluid,,1.00774,1.00827,1.00928,,-0.0021687,0.0044212,,-0.0207791,0.0423611,,0.000491857,-0.00100272,,1.70532e-19,0,0,
352,0.285086,2.22952,-0.174503,0.225439,fluid,,1.00774,1.00827,1.00928,,-0.00301429,0.00389414,,-0.028881,0.0373112,,0.000683635,-0.000883183,,2.37024e-19,0,0,
353,0.285086,2.4322,-0.216311,0.185697,fluid,,1.00774,1.00827,1.00928,,-0.00373647,0.00320766,,-0.0358005,0.0307337,,0.000847424,-0.00072749,,2.93811e-19,0,0,
354,0.285086,2.63488,-0.249264,0.138353,fluid,,1.00774,1.00827,1.00928,,-0.00430568,0.00238985,,-0.0412543,0.022898,,0.00097652,-0.000542013,,3.3857e-19,0,0,
355,0.285086,2.83757,-0.272012,0.0853442,fluid,,1.00774,1.00827,1.00928,,-0.00469862,0.0014742,,-0.0450192,0.0141249,,0.00106564,-0.000334346,,3.69468e-19,0,0,
356,0.285086,3.04025,-0.283623,0.0288417,fluid,,1.00774,1.00827,1.00928,,-0.00489919,0.000498199,,-0.0469409,0.00477343,,0.00111113,-0.000112991,,3.8524e-19,0,0,
357,0.285086,3.24293,-0.283623,-0.0288417,fluid,,1.00774,1.00827,1.00928,,-0.00489919,-0.000498199,,-0.0469409,-0.00477343,,0.00111113,0.000112991,,3.8524e-19,0,0,
358,0.285086,3.44562,-0.272012,-0.0853442,fluid,,1.00774,1.00827,1.00928,,-0.00469862,-0.0014742,,-0.0450192,-0.0141249,,0.00106564,0.000334346,,3.69468e-19,0,0,
359,0.285086,3.6483,-0.249264,-0.138353,fluid,,1.00774,1.00827,1.00928,,-0.00430568,-0.00238985,,-0.0412543,-0.022898,,0.00097652,0.000542013,,3.3857e-19,0,0,
360,0.285086,3.85098,-0.216311,-0.185697,fluid,,1.00774,1.00827,1.00928,,-0.00373647,-0.00320766,,-0.0358005,-0.0307337,,0.000847424,0.00072749,,2.93811e-19,0,0,
361,0.285086,4.05367,-0.174503,-0.225439,fluid,,1.00774,1.00827,1.00928,,-0.00301429,-0.00389414,,-0.028881,-0.0373112,,0.000683635,0.000883183,,2.37024e-19,0,0,
362,0.285086,4.25635,-0.12555,-0.255952,fluid,,1.00774,1.00827,1.00928,,-0.0021687,-0.0044212,,-0.0207791,-0.0423611,,0.000491857,0.00100272,,1.70532e-19,0,0,
363,0.285086,4.45903,-0.0714575,-0.275985,fluid,,1.00774,1.00827,1.00928,,-0.00123433,-0.00476725,,-0.0118265,-0.0456768,,0.000279943,0.0010812,,9.70593e-20,0,0,
364,0.285086,4.66172,-0.0144394,-0.28472,fluid,,1.00774,1.00827,1.00928,,-0.00024942,-0.00491814,,-0.00238978,-0.0471224,,5.65679e-05,0.00111542,,1.96127e-20,0,0,
365,0.285086,4.8644,0.0431699,-0.281798,fluid,,1.00774,1.00827,1.00928,,0.0007457,-0.00486767,,0.00714482,-0.0466389,,-0.000169123,0.00110398,,-5.86368e-20,0,0,
366,0.285086,5.06708,0.0990119,-0.26734,fluid,,1.00774,1.00827,1.00928,,0.00171029,-0.00461792,,0.0163869,-0.044246,,-0.00038789,0.00104734,,-1.34486e-19,0,0,
367,0.285086,5.26977,0.1508,-0.241937,fluid,,1.00774,1.00827,1.00928,,0.00260486,-0.00417911,,0.0249581,-0.0400416,,-0.000590777,0.000947814,,-2.04829e-19,0,0,
368,0.285086,5.47245,0.196415,-0.206628,fluid,,1.00774,1.00827,1.00928,,0.00339279,-0.00356921,,0.0325075,-0.0341979,,-0.000769478,0.00080949,,-2.66786e-19,0,0,
369,0.285086,5.67514,0.233988,-0.162861,fluid,,1.00774,1.00827,1.00928,,0.00404181,-0.00281319,,0.0387261,-0.0269541,,-0.000916675,0.000638025,,-3.17821e-19,0,0,
370,0.285086,5.87782,0.261982,-0.112425,fluid,,1.00774,1.00827,1.00928,,0.00452537,-0.00194199,,0.0433592,-0.0186069,,-0.00102634,0.000440439,,-3.55845e-19,0,0,
371,0.285086,6.0805,0.27925,-0.0573874,fluid,,1.00774,1.00827,1.00928,,0.00482365,-0.000991286,,0.0462172,-0.00949787,,-0.00109399,0.000224822,,-3.793e-19,0,0,
372,0.32885,0,0.32885,0,fluid,,1.00774,1.00828,1.00926,,0.00235696,1.18471e-15,,0.0440618,1.17961e-15,,0.0010229,2.35229e-15,,-1.31718e-11,0,0,
373,0.32885,0.202683,0.322119,0.066197,fluid,,1.00774,1.00828,1.00926,,0.00230872,0.000474453,,0.0431598,0.00886957,,0.00100196,0.000205908,,-1.29022e-11,0,0,
374,0.32885,0.405367,0.302199,0.129684,fluid,,1.00774,1.00828,1.00926,,0.00216595,0.000929482,,0.0404909,0.017376,,0.000940001,0.000403386,,-1.21043e-11,0,0,
375,0.32885,0.60805,0.269908,0.187862,fluid,,1.00774,1.00828,1.00926,,0.00193451,0.00134646,,0.0361643,0.0251711,,0.000839558,0.00058435,,-1.08109e-11,0,0,
376,0.32885,0.810734,0.226567,0.238348,fluid,,1.00774,1.00828,1.00926,,0.00162387,0.00170831,,0.0303571,0.0319357,,0.000704744,0.00074139,,-9.07494e-12,0,0,
377,0.32885,1.01342,0.17395,0.279077,fluid,,1.00774,1.00828,1.00926,,0.00124675,0.00200022,,0.0233071,0.0373928,,0.000541077,0.000868078,,-6.96741e-12,0,0,
378,0.32885,1.2161,0.114211,0.30838,fluid,,1.00774,1.00828,1.00926,,0.000818585,0.00221025,,0.0153029,0.041319,,0.000355258,0.000959226,,-4.57464e-12,0,0,
379,0.32885,1.41878,0.049797,0.325058,fluid,,1.00774,1.00828,1.00926,,0.00035691,0.00232978,,0.00667218,0.0435537,,0.000154895,0.0010111,,-1.99458e-12,0,0,
380,0.32885,1.62147,-0.016656,0.328428,fluid,,1.00774,1.00828,1.00926,,-0.000119378,0.00235394,,-0.00223169,0.0440052,,-5.1809e-05,0.00102159,,6.67141e-13,0,0,
381,0.32885,1.82415,-0.0824271,0.318352,fluid,,1.00774,1.00828,1.00926,,-0.000590779,0.00228172,,-0.0110442,0.0426552,,-0.000256392,0.000990245,,3.30155e-12,0,0,
382,0.32885,2.02683,-0.144824,0.295243,fluid,,1.00774,1.00828,1.00926,,-0.00103799,0.00211609,,-0.0194045,0.0395589,,-0.000450479,0.000918364,,5.80079e-12,0,0,
383,0.32885,2.22952,-0.201291,0.260047,fluid,,1.00774,1.00828,1.00926,,-0.00144271,0.00186383,,-0.0269705,0.034843,,-0.000626123,0.000808884,,8.06254e-12,0,0,
384,0.32885,2.4322,-0.249518,0.214204,fluid,,1.00774,1.00828,1.00926,,-0.00178836,0.00153526,,-0.0334322,0.0287006,,-0.000776133,0.000666288,,9.99422e-12,0,0,
385,0.32885,2.63488,-0.287529,0.159592,fluid,,1.00774,1.00828,1.00926,,-0.0020608,0.00114384,,-0.0385253,0.0213833,,-0.000894368,0.000496415,,1.15167e-11,0,0,
386,0.32885,2.83757,-0.313769,0.0984456,fluid,,1.00774,1.00828,1.00926,,-0.00224887,0.000705588,,-0.0420411,0.0131905,,-0.000975988,0.000306218,,1.25677e-11,0,0,
387,0.32885,3.04025,-0.327163,0.0332692,fluid,,1.00774,1.00828,1.00926,,-0.00234487,0.00023845,,-0.0438357,0.00445766,,-0.00101765,0.000103485,,1.31042e-11,0,0,
388,0.32885,3.24293,-0.327163,-0.0332692,fluid,,1.00774,1.00828,1.00926,,-0.00234487,-0.00023845,,-0.0438357,-0.00445766,,-0.00101765,-0.000103485,,1.31042e-11,0,0,
389,0.32885,3.44562,-0.313769,-0.0984456,fluid,,1.00774,1.00828,1.00926,,-0.00224887,-0.000705588,,-0.0420411,-0.0131905,,-0.000975988,-0.000306218,,1.25677e-11,0,0,
390,0.32885,3.6483,-0.287529,-0.159592,fluid,,1.00774,1.00828,1.00926,,-0.0020608,-0.00114384,,-0.0385253,-0.0213833,,-0.000894368,-0.000496415,,1.15167e-11,0,0,
391,0.32885,3.85098,-0.249518,-0.214204,fluid,,1.00774,1.00828,1.00926,,-0.00178836,-0.00153526,,-0.0334322,-0.0287006,,-0.000776133,-0.000666288,,9.99422e-12,0,0,
392,0.32885,4.05367,-0.201291,-0.260047,fluid,,1.00774,1.00828,1.00926,,-0.00144271,-0.00186383,,-0.0269705,-0.034843,,-0.000626123,-0.000808884,,8.06254e-12,0,0,
393,0.32885,4.25635,-0.144824,-0.295243,fluid,,1.00774,1.00828,1.00926,,-0.00103799,-0.00211609,,-0.0194045,-0.0395589,,-0.000450479,-0.000918364,,5.80079e-12,0,0,
394,0.32885,4.45903,-0.0824271,-0.318352,fluid,,1.00774,1.00828,1.00926,,-0.000590779,-0.00228172,,-0.0110442,-0.0426552,,-0.000256392,-0.000990245,,3.30155e-12,0,0,
395,0.32885,4.66172,-0.016656,-0.328428,fluid,,1.00774,1.00828,1.00926,,-0.000119378,-0.00235394,,-0.00223169,-0.0440052,,-5.1809e-05,-0.00102159,,6.67141e-13,0,0,
396,0.32885,4.8644,0.049797,-0.325058,fluid,,1.00774,1.00828,1.00926,,0.00035691,-0.00232978,,0.00667218,-0.0435537,,0.000154895,-0.0010111,,-1.99458e-12,0,0,
397,0.32885,5.06708,0.114211,-0.30838,fluid,,1.00774,1.00828,1.00926,,0.000818585,-0.00221025,,0.0153029,-0.041319,,0.000355258,-0.000959226,,-4.57464e-12,0,0,
398,0.32885,5.26977,0.17395,-0.279077,fluid,,1.00774,1.00828,1.00926,,0.00124675,-0.00200022,,0.0233071,-0.0373928,,0.000541077,-0.000868078,,-6.96741e-12,0,0,
399,0.32885,5.47245,0.226567,-0.238348,fluid,,1.00774,1.00828,1.00926,,0.00162387,-0.00170831,,0.0303571,-0.0319357,,0.000704744,-0.00074139,,-9.07494e-12,0,0,
400,0.32885,5.67514,0.269908,-0.187862,fluid,,1.00774,1.00828,1.00926,,0.00193451,-0.00134646,,0.0361643,-0.0251711,,0.000839558,-0.00058435,,-1.08109e-11,0,0,
401,0.32885,5.87782,0.302199,-0.129684,fluid,,1.00774,1.00828,1.00926,,0.00216595,-0.000929482,,0.0404909,-0.017376,,0.000940001,-0.000403386,,-1.21043e-11,0,0,
402,0.32885,6.0805,0.322119,-0.066197,fluid,,1.00774,1.00828,1.00926,,0.00230872,-0.000474453,,0.0431598,-0.00886957,,0.00100196,-0.000205908,,-1.29022e-11,0,0,
403,0.3789,0,0.3789,0,fluid,,1.00773,1.00829,1.00924,,0.0011178,1.36599e-15,,0.0404866,2.2482e-15,,0.00239739,3.56659e-15,,-2.2383e-06,0,0,
404,0.3789,0.202683,0.371144,0.076272,fluid,,1.00773,1.00829,1.00924,,0.00109492,0.000225012,,0.0396578,0.00814989,,0.00234831,0.000482591,,-2.19248e-06,0,0,
405,0.3789,0.405367,0.348193,0.149421,fluid,,1.00773,1.00829,1.00924,,0.00102721,0.000440812,,0.0372055,0.0159661,,0.0022031,0.000945424,,-2.0569e-06,0,0,
406,0.3789,0.60805,0.310987,0.216453,fluid,,1.00773,1.00829,1.00924,,0.000917451,0.000638564,,0.0332299,0.0231287,,0.00196769,0.00136955,,-1.83712e-06,0,0,
407,0.3789,0.810734,0.261049,0.274624,fluid,,1.00773,1.00829,1.00924,,0.000770128,0.000810174,,0.0278939,0.0293444,,0.00165172,0.00173761,,-1.54212e-06,0,0,
408,0.3789,1.01342,0.200424,0.321551,fluid,,1.00773,1.00829,1.00924,,0.000591277,0.000948616,,0.021416,0.0343587,,0.00126813,0.00203453,,-1.18398e-06,0,0,
409,0.3789,1.2161,0.131594,0.355314,fluid,,1.00773,1.00829,1.00924,,0.000388218,0.00104822,,0.0140612,0.0379664,,0.000832625,0.00224816,,-7.77374e-07,0,0,
410,0.3789,1.41878,0.057376,0.374531,fluid,,1.00773,1.00829,1.00924,,0.000169266,0.00110491,,0.0061308,0.0400197,,0.000363031,0.00236974,,-3.38941e-07,0,0,
411,0.3789,1.62147,-0.019191,0.378414,fluid,,1.00773,1.00829,1.00924,,-5.66157e-05,0.00111637,,-0.00205061,0.0404346,,-0.000121426,0.00239431,,1.13368e-07,0,0,
412,0.3789,1.82415,-0.0949722,0.366804,fluid,,1.00773,1.00829,1.00924,,-0.00028018,0.00108212,,-0.0101481,0.0391941,,-0.000600911,0.00232086,,5.61036e-07,0,0,
413,0.3789,2.02683,-0.166865,0.340178,fluid,,1.00773,1.00829,1.00924,,-0.000492273,0.00100357,,-0.0178301,0.036349,,-0.0010558,0.00215239,,9.85735e-07,0,0,
414,0.3789,2.22952,-0.231927,0.299625,fluid,,1.00773,1.00829,1.00924,,-0.000684213,0.00088393,,-0.0247821,0.0320158,,-0.00146746,0.0018958,,1.37008e-06,0,0,
415,0.3789,2.4322,-0.287493,0.246805,fluid,,1.00773,1.00829,1.00924,,-0.000848141,0.000728105,,-0.0307195,0.0263719,,-0.00181904,0.00156159,,1.69833e-06,0,0,
416,0.3789,2.63488,-0.33129,0.183881,fluid,,1.00773,1.00829,1.00924,,-0.000977346,0.000542471,,-0.0353993,0.0196482,,-0.00209615,0.00116346,,1.95705e-06,0,0,
417,0.3789,2.83757,-0.361523,0.113429,fluid,,1.00773,1.00829,1.00924,,-0.00106654,0.000334629,,-0.0386298,0.0121202,,-0.00228744,0.000717689,,2.13565e-06,0,0,
418,0.3789,3.04025,-0.376956,0.0383327,fluid,,1.00773,1.00829,1.00924,,-0.00111207,0.000113086,,-0.0402789,0.00409596,,-0.00238509,0.00024254,,2.22682e-06,0,0,
419,0.3789,3.24293,-0.376956,-0.0383327,fluid,,1.00773,1.00829,1.00924,,-0.00111207,-0.000113086,,-0.0402789,-0.00409596,,-0.00238509,-0.00024254,,2.22682e-06,0,0,
420,0.3789,3.44562,-0.361523,-0.113429,fluid,,1.00773,1.00829,1.00924,,-0.00106654,-0.000334629,,-0.0386298,-0.0121202,,-0.00228744,-0.000717689,,2.13565e-06,0,0,
421,0.3789,3.6483,-0.33129,-0.183881,fluid,,1.00773,1.00829,1.00924,,-0.000977346,-0.000542471,,-0.0353993,-0.0196482,,-0.00209615,-0.00116346,,1.95705e-06,0,0,
422,0.3789,3.85098,-0.287493,-0.246805,fluid,,1.00773,1.00829,1.00924,,-0.000848141,-0.000728105,,-0.0307195,-0.0263719,,-0.00181904,-0.00156159,,1.69833e-06,0,0,
423,0.3789,4.05367,-0.231927,-0.299625,fluid,,1.00773,1.00829,1.00924,,-0.000684213,-0.00088393,,-0.0247821,-0.0320158,,-0.00146746,-0.0018958,,1.37008e-06,0,0,
424,0.3789,4.25635,-0.166865,-0.340178,fluid,,1.00773,1.00829,1.00924,,-0.000492273,-0.00100357,,-0.0178301,-0.036349,,-0.0010558,-0.00215239,,9.85735e-07,0,0,
425,0.3789,4.45903,-0.0949722,-0.366804,fluid,,1.00773,1.00829,1.00924,,-0.00028018,-0.00108212,,-0.0101481,-0.0391941,,-0.000600911,-0.00232086,,5.61036e-07,0,0,
426,0.3789,4.66172,-0.019191,-0.378414,fluid,,1.00773,1.00829,1.00924,,-5.66157e-05,-0.00111637,,-0.00205061,-0.0404346,,-0.000121426,-0.00239431,,1.13368e-07,0,0,
427,0.3789,4.8644,0.057376,-0.374531,fluid,,1.00773,1.00829,1.00924,,0.000169266,-0.00110491,,0.0061308,-0.0400197,,0.000363031,-0.00236974,,-3.38941e-07,0,0,
428,0.3789,5.06708,0.131594,-0.355314,fluid,,1.00773,1.00829,1.00924,,0.000388218,-0.00104822,,0.0140612,-0.0379664,,0.000832625,-0.00224816,,-7.77374e-07,0,0,
429,0.3789,5.26977,0.200424,-0.321551,fluid,,1.00773,1.00829,1.00924,,0.000591277,-0.000948616,,0.021416,-0.0343587,,0.00126813,-0.00203453,,-1.18398e-06,0,0,
430,0.3789,5.47245,0.261049,-0.274624,fluid,,1.00773,1.00829,1.00924,,0.000770128,-0.000810174,,0.0278939,-0.0293444,,0.00165172,-0.00173761,,-1.54212e-06,0,0,
431,0.3789,5.67514,0.310987,-0.216453,fluid,,1.00773,1.00829,1.00924,,0.000917451,-0.000638564,,0.0332299,-0.0231287,,0.00196769,-0.00136955,,-1.83712e-06,0,0,
432,0.3789,5.87782,0.348193,-0.149421,fluid,,1.00773,1.00829,1.00924,,0.00102721,-0.000440812,,0.0372055,-0.0159661,,0.0022031,-0.000945424,,-2.0569e-06,0,0,
433,0.3789,6.0805,0.371144,-0.076272,fluid,,1.00773,1.00829,1.00924,,0.00109492,-0.000225012,,0.0396578,-0.00814989,,0.00234831,-0.000482591,,-2.19248e-06,0,0,
434,0.436138,0,0.436138,0,fluid,,1.00771,1.0083,1.00923,,0.000500161,1.34935e-15,,0.0367765,1.06859e-15,,0.00322532,3.27516e-15,,-0.00790392,0,0,
435,0.436138,0.202683,0.42721,0.0877939,fluid,,1.00771,1.0083,1.00923,,0.000489923,0.000100682,,0.0360236,0.00740305,,0.0031593,0.000649253,,-0.00774213,0,0,
436,0.436138,0.405367,0.400792,0.171994,fluid,,1.00771,1.0083,1.00923,,0.000459627,0.000197241,,0.033796,0.014503,,0.00296393,0.00127192,,-0.00726337,0,0,
437,0.436138,0.60805,0.357966,0.249152,fluid,,1.00771,1.0083,1.00923,,0.000410514,0.000285726,,0.0301848,0.0210092,,0.00264723,0.00184252,,-0.00648725,0,0,
438,0.436138,0.810734,0.300485,0.31611,fluid,,1.00771,1.0083,1.00923,,0.000344594,0.000362513,,0.0253378,0.0266553,,0.00222214,0.00233769,,-0.00544554,0,0,
439,0.436138,1.01342,0.230701,0.370126,fluid,,1.00771,1.0083,1.00923,,0.000264567,0.000424459,,0.0194534,0.0312101,,0.00170608,0.00273715,,-0.00418089,0,0,
440,0.436138,1.2161,0.151473,0.408989,fluid,,1.00771,1.0083,1.00923,,0.000173708,0.000469027,,0.0127727,0.0344872,,0.00112017,0.00302455,,-0.00274507,0,0,
441,0.436138,1.41878,0.0660434,0.431109,fluid,,1.00771,1.0083,1.00923,,7.57382e-05,0.000494393,,0.00556898,0.0363524,,0.000488403,0.00318813,,-0.00119687,0,0,
442,0.436138,1.62147,-0.02209,0.435578,fluid,,1.00771,1.0083,1.00923,,-2.53327e-05,0.000499519,,-0.0018627,0.0367293,,-0.00016336,0.00322118,,0.000400327,0,0,
443,0.436138,1.82415,-0.109319,0.422215,fluid,,1.00771,1.0083,1.00923,,-0.000125367,0.000484194,,-0.00921811,0.0356024,,-0.000808435,0.00312236,,0.00198114,0,0,
444,0.436138,2.02683,-0.192073,0.391567,fluid,,1.00771,1.0083,1.00923,,-0.000220268,0.000449047,,-0.0161961,0.0330181,,-0.00142041,0.00289571,,0.00348084,0,0,
445,0.436138,2.22952,-0.266963,0.344887,fluid,,1.00771,1.0083,1.00923,,-0.000306151,0.000395515,,-0.0225111,0.0290819,,-0.00197424,0.00255051,,0.00483804,0,0,
446,0.436138,2.4322,-0.330923,0.284088,fluid,,1.00771,1.0083,1.00923,,-0.000379501,0.000325791,,-0.0279044,0.0239552,,-0.00244724,0.00210089,,0.00599716,0,0,
447,0.436138,2.63488,-0.381336,0.211659,fluid,,1.00771,1.0083,1.00923,,-0.000437314,0.000242729,,-0.0321554,0.0178477,,-0.00282005,0.00156526,,0.00691077,0,0,
448,0.436138,2.83757,-0.416136,0.130564,fluid,,1.00771,1.0083,1.00923,,-0.000477223,0.00014973,,-0.0350899,0.0110095,,-0.00307741,0.000965543,,0.00754144,0,0,
449,0.436138,3.04025,-0.4339,0.0441233,fluid,,1.00771,1.0083,1.00923,,-0.000497595,5.06004e-05,,-0.0365878,0.00372061,,-0.00320877,0.0003263,,0.00786337,0,0,
450,0.436138,3.24293,-0.4339,-0.0441233,fluid,,1.00771,1.0083,1.00923,,-0.000497595,-5.06004e-05,,-0.0365878,-0.00372061,,-0.00320877,-0.0003263,,0.00786337,0,0,
451,0.436138,3.44562,-0.416136,-0.130564,fluid,,1.00771,1.0083,1.00923,,-0.000477223,-0.00014973,,-0.0350899,-0.0110095,,-0.00307741,-0.000965543,,0.00754144,0,0,
452,0.436138,3.6483,-0.381336,-0.211659,fluid,,1.00771,1.0083,1.00923,,-0.000437314,-0.000242729,,-0.0321554,-0.0178477,,-0.00282005,-0.00156526,,0.00691077,0,0,
453,0.436138,3.85098,-0.330923,-0.284088,fluid,,1.00771,1.0083,1.00923,,-0.000379501,-0.000325791,,-0.0279044,-0.0239552,,-0.00244724,-0.00210089,,0.00599716,0,0,
454,0.436138,4.05367,-0.266963,-0.344887,fluid,,1.00771,1.0083,1.00923,,-0.000306151,-0.000395515,,-0.0225111,-0.0290819,,-0.00197424,-0.00255051,,0.00483804,0,0,
455,0.436138,4.25635,-0.192073,-0.391567,fluid,,1.00771,1.0083,1.00923,,-0.000220268,-0.000449047,,-0.0161961,-0.0330181,,-0.00142041,-0.00289571,,0.00348084,0,0,
456,0.436138,4.45903,-0.109319,-0.422215,fluid,,1.00771,1.0083,1.00923,,-0.000125367,-0.000484194,,-0.00921811,-0.0356024,,-0.000808435,-0.00312236,,0.00198114,0,0,
457,0.436138,4.66172,-0.02209,-0.435578,fluid,,1.00771,1.0083,1.00923,,-2.53327e-05,-0.000499519,,-0.0018627,-0.0367293,,-0.00016336,-0.00322118,,0.000400327,0,0,
458,0.436138,4.8644,0.0660434,-0.431109,fluid,,1.00771,1.0083,1.00923,,7.57382e-05,-0.000494393,,0.00556898,-0.0363524,,0.000488403,-0.00318813,,-0.00119687,0,0,
459,0.436138,5.06708,0.151473,-0.408989,fluid,,1.00771,1.0083,1.00923,,0.000173708,-0.000469027,,0.0127727,-0.0344872,,0.00112017,-0.00302455,,-0.00274507,0,0,
460,0.436138,5.26977,0.230701,-0.370126,fluid,,1.00771,1.0083,1.00923,,0.000264567,-0.000424459,,0.0194534,-0.0312101,,0.00170608,-0.00273715,,-0.00418089,0,0,
461,0.436138,5.47245,0.300485,-0.31611,fluid,,1.00771,1.0083,1.00923,,0.000344594,-0.000362513,,0.0253378,-0.0266553,,0.00222214,-0.00233769,,-0.00544554,0,0,
462,0.436138,5.67514,0.357966,-0.249152,fluid,,1.00771,1.0083,1.00923,,0.000410514,-0.000285726,,0.0301848,-0.0210092,,0.00264723,-0.00184252,,-0.00648725,0,0,
463,0.436138,5.87782,0.400792,-0.171994,fluid,,1.00771,1.0083,1.00923,,0.000459627,-0.000197241,,0.033796,-0.014503,,0.00296393,-0.00127192,,-0.00726337,0,0,
464,0.436138,6.0805,0.42721,-0.0877939,fluid,,1.00771,1.0083,1.00923,,0.000489923,-0.000100682,,0.0360236,-0.00740305,,0.0031593,-0.000649253,,-0.00774213,0,0,
465,0.501597,0,0.501597,0,fluid,,1.00763,1.00832,1.00922,,-0.00182426,1.26177e-15,,0.0331273,1.5335e-15,,0.00366853,2.09902e-15,,-1.64758,0,0,
466,0.501597,0.202683,0.491329,0.100971,fluid,,1.00763,1.00832,1.00922,,-0.00178691,-0.00036722,,0.0324492,0.00666847,,0.00359344,0.00073847,,-1.61385,0,0,
467,0.501597,0.405367,0.460946,0.197808,fluid,,1.00763,1.00832,1.00922,,-0.00167641,-0.000719406,,0.0304426,0.0130639,,0.00337123,0.00144671,,-1.51406,0,0,
468,0.501597,0.60805,0.411692,0.286546,fluid,,1.00763,1.00832,1.00922,,-0.00149728,-0.00104214,,0.0271897,0.0189246,,0.003011,0.00209572,,-1.35227,0,0,
469,0.501597,0.810734,0.345584,0.363554,fluid,,1.00763,1.00832,1.00922,,-0.00125685,-0.00132221,,0.0228236,0.0240104,,0.0025275,0.00265893,,-1.13513,0,0,
470,0.501597,1.01342,0.265327,0.425677,fluid,,1.00763,1.00832,1.00922,,-0.000964966,-0.00154814,,0.0175231,0.0281133,,0.00194052,0.00311328,,-0.871511,0,0,
471,0.501597,1.2161,0.174207,0.470374,fluid,,1.00763,1.00832,1.00922,,-0.000633574,-0.0017107,,0.0115053,0.0310652,,0.0012741,0.00344018,,-0.572214,0,0,
472,0.501597,1.41878,0.0759557,0.495813,fluid,,1.00763,1.00832,1.00922,,-0.000276243,-0.00180322,,0.00501639,0.0327453,,0.000555518,0.00362623,,-0.24949,0,0,
473,0.501597,1.62147,-0.0254055,0.500953,fluid,,1.00763,1.00832,1.00922,,9.2397e-05,-0.00182191,,-0.00167787,0.0330848,,-0.000185808,0.00366383,,0.0834486,0,0,
474,0.501597,1.82415,-0.125727,0.485584,fluid,,1.00763,1.00832,1.00922,,0.000457254,-0.00176602,,-0.00830344,0.0320698,,-0.000919527,0.00355142,,0.41297,0,0,
475,0.501597,2.02683,-0.2209,0.450336,fluid,,1.00763,1.00832,1.00922,,0.000803392,-0.00163783,,-0.0145891,0.0297418,,-0.0016156,0.00329363,,0.725585,0,0,
476,0.501597,2.22952,-0.30703,0.396651,fluid,,1.00763,1.00832,1.00922,,0.00111664,-0.00144258,,-0.0202774,0.0261963,,-0.00224553,0.00290099,,1.00849,0,0,
477,0.501597,2.4322,-0.380591,0.326726,fluid,,1.00763,1.00832,1.00922,,0.00138417,-0.00118827,,-0.0251356,0.0215782,,-0.00278353,0.00238958,,1.25012,0,0,
478,0.501597,2.63488,-0.43857,0.243426,fluid,,1.00763,1.00832,1.00922,,0.00159503,-0.000885315,,-0.0289647,0.0160767,,-0.00320757,0.00178035,,1.44056,0,0,
479,0.501597,2.83757,-0.478593,0.15016,fluid,,1.00763,1.00832,1.00922,,0.00174059,-0.000546115,,-0.031608,0.00991709,,-0.00350029,0.00109822,,1.57202,0,0,
480,0.501597,3.04025,-0.499023,0.0507457,fluid,,1.00763,1.00832,1.00922,,0.0018149,-0.000184557,,-0.0329573,0.00335143,,-0.00364971,0.000371139,,1.63913,0,0,
481,0.501597,3.24293,-0.499023,-0.0507457,fluid,,1.00763,1.00832,1.00922,,0.0018149,0.000184557,,-0.0329573,-0.00335143,,-0.00364971,-0.000371139,,1.63913,0,0,
482,0.501597,3.44562,-0.478593,-0.15016,fluid,,1.00763,1.00832,1.00922,,0.00174059,0.000546115,,-0.031608,-0.00991709,,-0.00350029,-0.00109822,,1.57202,0,0,
483,0.501597,3.6483,-0.43857,-0.243426,fluid,,1.00763,1.00832,1.00922,,0.00159503,0.000885315,,-0.0289647,-0.0160767,,-0.00320757,-0.00178035,,1.44056,0,0,
484,0.501597,3.85098,-0.380591,-0.326726,fluid,,1.00763,1.00832,1.00922,,0.00138417,0.00118827,,-0.0251356,-0.0215782,,-0.00278353,-0.00238958,,1.25012,0,0,
485,0.501597,4.05367,-0.30703,-0.396651,fluid,,1.00763,1.00832,1.00922,,0.00111664,0.00144258,,-0.0202774,-0.0261963,,-0.00224553,-0.00290099,,1.00849,0,0,
486,0.501597,4.25635,-0.2209,-0.450336,fluid,,1.00763,1.00832,1.00922,,0.000803392,0.00163783,,-0.0145891,-0.0297418,,-0.0016156,-0.00329363,,0.725585,0,0,
487,0.501597,4.45903,-0.125727,-0.485584,fluid,,1.00763,1.00832,1.00922,,0.000457254,0.00176602,,-0.00830344,-0.0320698,,-0.000919527,-0.00355142,,0.41297,0,0,
488,0.501597,4.66172,-0.0254055,-0.500953,fluid,,1.00763,1.00832,1.00922,,9.2397e-05,0.00182191,,-0.00167787,-0.0330848,,-0.000185808,-0.00366383,,0.0834486,0,0,
489,0.501597,4.8644,0.0759557,-0.495813,fluid,,1.00763,1.00832,1.00922,,-0.000276243,0.00180322,,0.00501639,-0.0327453,,0.000555518,-0.00362623,,-0.24949,0,0,
490,0.501597,5.06708,0.174207,-0.470374,fluid,,1.00763,1.00832,1.00922,,-0.000633574,0.0017107,,0.0115053,-0.0310652,,0.0012741,-0.00344018,,-0.572214,0,0,
491,0.501597,5.26977,0.265327,-0.425677,fluid,,1.00763,1.00832,1.00922,,-0.000964966,0.00154814,,0.0175231,-0.0281133,,0.00194052,-0.00311328,,-0.871511,0,0,
492,0.501597,5.47245,0.345584,-0.363554,fluid,,1.00763,1.00832,1.00922,,-0.00125685,0.00132221,,0.0228236,-0.0240104,,0.0025275,-0.00265893,,-1.13513,0,0,
493,0.501597,5.67514,0.411692,-0.286546,fluid,,1.00763,1.00832,1.00922,,-0.00149728,0.00104214,,0.0271897,-0.0189246,,0.003011,-0.00209572,,-1.35227,0,0,
494,0.501597,5.87782,0.460946,-0.197808,fluid,,1.00763,1.00832,1.00922,,-0.00167641,0.000719406,,0.0304426,-0.0130639,,0.00337123,-0.00144671,,-1.51406,0,0,
495,0.501597,6.0805,0.491329,-0.100971,fluid,,1.00763,1.00832,1.00922,,-0.00178691,0.00036722,,0.0324492,-0.00666847,,0.00359344,-0.00073847,,-1.61385,0,0,
496,0.576457,0,0.576457,0,fluid,,1.00512,1.00833,1.00921,,-0.0563856,6.79144e-16,,0.0296542,1.38084e-15,,0.00384559,3.13638e-15,,-43.3725,0,0,
497,0.576457,0.202683,0.564657,0.11604,fluid,,1.00512,1.00833,1.00921,,-0.0552314,-0.0113503,,0.0290472,0.00596935,,0.00376687,0.000774111,,-42.4847,0,0,
498,0.576457,0.405367,0.52974,0.227329,fluid,,1.00512,1.00833,1.00921,,-0.051816,-0.022236,,0.027251,0.0116943,,0.00353393,0.00151653,,-39.8575,0,0,
499,0.576457,0.60805,0.473135,0.329312,fluid,,1.00512,1.00833,1.00921,,-0.0462792,-0.0322113,,0.0243391,0.0169405,,0.00315632,0.00219686,,-35.5986,0,0,
500,0.576457,0.810734,0.39716,0.417812,fluid,,1.00512,1.00833,1.00921,,-0.0388478,-0.0408679,,0.0204308,0.0214932,,0.00264948,0.00278725,,-29.8822,0,0,
501,0.576457,1.01342,0.304925,0.489207,fluid,,1.00512,1.00833,1.00921,,-0.0298259,-0.0478513,,0.015686,0.0251659,,0.00203418,0.00326353,,-22.9425,0,0,
502,0.576457,1.2161,0.200207,0.540574,fluid,,1.00512,1.00833,1.00921,,-0.019583,-0.0528757,,0.0102991,0.0278083,,0.00133559,0.00360621,,-15.0635,0,0,
503,0.576457,1.41878,0.0872917,0.56981,fluid,,1.00512,1.00833,1.00921,,-0.00853834,-0.0557354,,0.00449047,0.0293122,,0.000582329,0.00380124,,-6.5678,0,0,
504,0.576457,1.62147,-0.0291971,0.575717,fluid,,1.00512,1.00833,1.00921,,0.00285588,-0.0563132,,-0.00150196,0.0296162,,-0.000194776,0.00384065,,2.19678,0,0,
505,0.576457,1.82415,-0.14449,0.558055,fluid,,1.00512,1.00833,1.00921,,0.0141332,-0.0545856,,-0.0074329,0.0287076,,-0.000963906,0.00372282,,10.8714,0,0,
506,0.576457,2.02683,-0.253868,0.517546,fluid,,1.00512,1.00833,1.00921,,0.0248319,-0.0506232,,-0.0130595,0.0266237,,-0.00169357,0.00345258,,19.101,0,0,
507,0.576457,2.22952,-0.352853,0.455848,fluid,,1.00512,1.00833,1.00921,,0.0345139,-0.0445883,,-0.0181515,0.0234498,,-0.00235391,0.003041,,26.5486,0,0,
508,0.576457,2.4322,-0.437392,0.375488,fluid,,1.00512,1.00833,1.00921,,0.042783,-0.036728,,-0.0225004,0.0193159,,-0.00291787,0.00250491,,32.9092,0,0,
509,0.576457,2.63488,-0.504024,0.279756,fluid,,1.00512,1.00833,1.00921,,0.0493005,-0.027364,,-0.0259281,0.0143912,,-0.00336238,0.00186627,,37.9226,0,0,
510,0.576457,2.83757,-0.550021,0.17257,fluid,,1.00512,1.00833,1.00921,,0.0537997,-0.0168798,,-0.0282942,0.00887738,,-0.00366922,0.00115123,,41.3834,0,0,
511,0.576457,3.04025,-0.5735,0.0583192,fluid,,1.00512,1.00833,1.00921,,0.0560963,-0.00570443,,-0.0295021,0.00300007,,-0.00382586,0.000389051,,43.15,0,0,
512,0.576457,3.24293,-0.5735,-0.0583192,fluid,,1.00512,1.00833,1.00921,,0.0560963,0.00570443,,-0.0295021,-0.00300007,,-0.00382586,-0.000389051,,43.15,0,0,
513,0.576457,3.44562,-0.550021,-0.17257,fluid,,1.00512,1.00833,1.00921,,0.0537997,0.0168798,,-0.0282942,-0.00887738,,-0.00366922,-0.00115123,,41.3834,0,0,
514,0.576457,3.6483,-0.504024,-0.279756,fluid,,1.00512,1.00833,1.00921,,0.0493005,0.027364,,-0.0259281,-0.0143912,,-0.00336238,-0.00186627,,37.9226,0,0,
515,0.576457,3.85098,-0.437392,-0.375488,fluid,,1.00512,1.00833,1.00921,,0.042783,0.036728,,-0.0225004,-0.0193159,,-0.00291787,-0.00250491,,32.9092,0,0,
516,0.576457,4.05367,-0.352853,-0.455848,fluid,,1.00512,1.00833,1.00921,,0.0345139,0.0445883,,-0.0181515,-0.0234498,,-0.00235391,-0.003041,,26.5486,0,0,
517,0.576457,4.25635,-0.253868,-0.517546,fluid,,1.00512,1.00833,1.00921,,0.0248319,0.0506232,,-0.0130595,-0.0266237,,-0.00169357,-0.00345258,,19.101,0,0,
518,0.576457,4.45903,-0.14449,-0.558055,fluid,,1.00512,1.00833,1.00921,,0.0141332,0.0545856,,-0.0074329,-0.0287076,,-0.000963906,-0.00372282,,10.8714,0,0,
519,0.576457,4.66172,-0.0291971,-0.575717,fluid,,1.00512,1.00833,1.00921,,0.00285588,0.0563132,,-0.00150196,-0.0296162,,-0.000194776,-0.00384065,,2.19678,0,0,
520,0.576457,4.8644,0.0872917,-0.56981,fluid,,1.00512,1.00833,1.00921,,-0.00853834,0.0557354,,0.00449047,-0.0293122,,0.000582329,-0.00380124,,-6.5678,0,0,
521,0.576457,5.06708,0.200207,-0.540574,fluid,,1.00512,1.00833,1.00921,,-0.019583,0.0528757,,0.0102991,-0.0278083,,0.00133559,-0.00360621,,-15.0635,0,0,
522,0.576457,5.26977,0.304925,-0.489207,fluid,,1.00512,1.00833,1.00921,,-0.0298259,0.0478513,,0.015686,-0.0251659,,0.00203418,-0.00326353,,-22.9425,0,0,
523,0.576457,5.47245,0.39716,-0.417812,fluid,,1.00512,1.00833,1.00921,,-0.0388478,0.0408679,,0.0204308,-0.0214932,,0.00264948,-0.00278725,,-29.8822,0,0,
524,0.576457,5.67514,0.473135,-0.329312,fluid,,1.00512,1.00833,1.00921,,-0.0462792,0.0322113,,0.0243391,-0.0169405,,0.00315632,-0.00219686,,-35.5986,0,0,
525,0.576457,5.87782,0.52974,-0.227329,fluid,,1.00512,1.00833,1.00921,,-0.051816,0.022236,,0.027251,-0.0116943,,0.00353393,-0.00151653,,-39.8575,0,0,
526,0.576457,6.0805,0.564657,-0.11604,fluid,,1.00512,1.00833,1.00921,,-0.0552314,0.0113503,,0.0290472,-0.00596935,,0.00376687,-0.000774111,,-42.4847,0,0,
527,0.66207,0,0.66207,0,fluid,,0.97957,1.00244,1.00608,,-0.39238,5.55112e-16,,-0.158962,8.46545e-16,,-0.117548,1.88738e-15,,-248.138,-151.369,-99.1185,
528,0.66207,0.202683,0.648517,0.133274,fluid,,0.97957,1.00244,1.00608,,-0.384348,-0.0789855,,-0.155708,-0.0319988,,-0.115142,-0.0236622,,-243.059,-148.271,-97.0896,
529,0.66207,0.405367,0.608414,0.261091,fluid,,0.97957,1.00244,1.00608,,-0.360581,-0.154737,,-0.146079,-0.0626876,,-0.108022,-0.0463557,,-228.028,-139.102,-91.0858,
530,0.66207,0.60805,0.543402,0.378219,fluid,,0.97957,1.00244,1.00608,,-0.322051,-0.224154,,-0.13047,-0.0908099,,-0.096479,-0.0671513,,-203.663,-124.238,-81.3529,
531,0.66207,0.810734,0.456144,0.479863,fluid,,0.97957,1.00244,1.00608,,-0.270337,-0.284394,,-0.10952,-0.115214,,-0.0809866,-0.0851978,,-170.959,-104.288,-68.2894,
532,0.66207,1.01342,0.350211,0.561862,fluid,,0.97957,1.00244,1.00608,,-0.207555,-0.332991,,-0.0840852,-0.134902,,-0.0621786,-0.0997563,,-131.256,-80.0688,-52.4301,
533,0.66207,1.2161,0.22994,0.620857,fluid,,0.97957,1.00244,1.00608,,-0.136276,-0.367955,,-0.0552083,-0.149067,,-0.040825,-0.110231,,-86.1796,-52.5713,-34.4244,
534,0.66207,1.41878,0.100256,0.654435,fluid,,0.97957,1.00244,1.00608,,-0.0594172,-0.387855,,-0.0240713,-0.157129,,-0.0178,-0.116192,,-37.575,-22.9215,-15.0093,
535,0.66207,1.62147,-0.0335333,0.66122,fluid,,0.97957,1.00244,1.00608,,0.0198737,-0.391876,,0.00805129,-0.158758,,0.0059537,-0.117397,,12.568,7.66672,5.02027,
536,0.66207,1.82415,-0.165949,0.640934,fluid,,0.97957,1.00244,1.00608,,0.098351,-0.379854,,0.0398442,-0.153887,,0.0294637,-0.113795,,62.1964,37.941,24.8443,
537,0.66207,2.02683,-0.291572,0.594409,fluid,,0.97957,1.00244,1.00608,,0.172802,-0.35228,,0.0700059,-0.142717,,0.0517674,-0.105535,,109.279,66.6621,43.6512,
538,0.66207,2.22952,-0.405257,0.523549,fluid,,0.97957,1.00244,1.00608,,0.240178,-0.310285,,0.0973016,-0.125703,,0.0719517,-0.092954,,151.887,92.6539,60.671,
539,0.66207,2.4322,-0.502351,0.431254,fluid,,0.97957,1.00244,1.00608,,0.297721,-0.255585,,0.120614,-0.103543,,0.0891904,-0.0765674,,188.277,114.853,75.207,
540,0.66207,2.63488,-0.578878,0.321304,fluid,,0.97957,1.00244,1.00608,,0.343076,-0.190423,,0.138988,-0.0771446,,0.102778,-0.0570462,,216.959,132.349,86.664,
541,0.66207,2.83757,-0.631707,0.198199,fluid,,0.97957,1.00244,1.00608,,0.374385,-0.117464,,0.151672,-0.0475874,,0.112157,-0.0351895,,236.758,144.427,94.5729,
542,0.66207,3.04025,-0.658673,0.0669805,fluid,,0.97957,1.00244,1.00608,,0.390367,-0.0396964,,0.158146,-0.0160819,,0.116945,-0.0118921,,246.865,150.592,98.61,
543,0.66207,3.24293,-0.658673,-0.0669805,fluid,,0.97957,1.00244,1.00608,,0.390367,0.0396964,,0.158146,0.0160819,,0.116945,0.0118921,,246.865,150.592,98.61,
544,0.66207,3.44562,-0.631707,-0.198199,fluid,,0.97957,1.00244,1.00608,,0.374385,0.117464,,0.151672,0.0475874,,0.112157,0.0351895,,236.758,144.427,94.5729,
545,0.66207,3.6483,-0.578878,-0.321304,fluid,,0.97957,1.00244,1.00608,,0.343076,0.190423,,0.138988,0.0771446,,0.102778,0.0570462,,216.959,132.349,86.664,
546,0.66207,3.85098,-0.502351,-0.431254,fluid,,0.97957,1.00244,1.00608,,0.297721,0.255585,,0.120614,0.103543,,0.0891904,0.0765674,,188.277,114.853,75.207,
547,0.66207,4.05367,-0.405257,-0.523549,fluid,,0.97957,1.00244,1.00608,,0.240178,0.310285,,0.0973016,0.125703,,0.0719517,0.092954,,151.887,92.6539,60.671,
548,0.66207,4.25635,-0.291572,-0.594409,fluid,,0.97957,1.00244,1.00608,,0.172802,0.35228,,0.0700059,0.142717,,0.0517674,0.105535,,109.279,66.6621,43.6512,
549,0.66207,4.45903,-0.165949,-0.640934,fluid,,0.97957,1.00244,1.00608,,0.098351,0.379854,,0.0398442,0.153887,,0.0294637,0.113795,,62.1964,37.941,24.8443,
550,0.66207,4.66172,-0.0335333,-0.66122,fluid,,0.97957,1.00244,1.00608,,0.0198737,0.391876,,0.00805129,0.158758,,0.0059537,0.117397,,12.568,7.66672,5.02027,
551,0.66207,4.8644,0.100256,-0.654435,fluid,,0.97957,1.00244,1.00608,,-0.0594172,0.387855,,-0.0240713,0.157129,,-0.0178,0.116192,,-37.575,-22.9215,-15.0093,
552,0.66207,5.06708,0.22994,-0.620857,fluid,,0.97957,1.00244,1.00608,,-0.136276,0.367955,,-0.0552083,0.149067,,-0.040825,0.110231,,-86.1796,-52.5713,-34.4244,
553,0.66207,5.26977,0.350211,-0.561862,fluid,,0.97957,1.00244,1.00608,,-0.207555,0.332991,,-0.0840852,0.134902,,-0.0621786,0.0997563,,-131.256,-80.0688,-52.4301,
554,0.66207,5.47245,0.456144,-0.479863,fluid,,0.97957,1.00244,1.00608,,-0.270337,0.284394,,-0.10952,0.115214,,-0.0809866,0.0851978,,-170.959,-104.288,-68.2894,
555,0.66207,5.67514,0.543402,-0.378219,fluid,,0.97957,1.00244,1.00608,,-0.322051,0.224154,,-0.13047,0.0908099,,-0.096479,0.0671513,,-203.663,-124.238,-81.3529,
556,0.66207,5.87782,0.608414,-0.261091,fluid,,0.97957,1.00244,1.00608,,-0.360581,0.154737,,-0.146079,0.0626876,,-0.108022,0.0463557,,-228.028,-139.102,-91.0858,
557,0.66207,6.0805,0.648517,-0.133274,fluid,,0.97957,1.00244,1.00608,,-0.384348,0.0789855,,-0.155708,0.0319988,,-0.115142,0.0236622,,-243.059,-148.271,-97.0896,
558,0.759978,0,0.759978,0,fluid,,0.880392,0.932919,0.946711,,-1.10077,5.41234e-16,,-0.974269,1.1241e-15,,-0.888318,1.95677e-15,,-439.78,-571.999,-568.758,
559,0.759978,0.202683,0.744421,0.152982,fluid,,0.880392,0.932919,0.946711,,-1.07824,-0.221584,,-0.954325,-0.196119,,-0.870134,-0.178817,,-430.778,-560.29,-557.115,
560,0.759978,0.405367,0.698388,0.299702,fluid,,0.880392,0.932919,0.946711,,-1.01156,-0.434096,,-0.895312,-0.384209,,-0.816327,-0.350313,,-404.139,-525.643,-522.664,
561,0.759978,0.60805,0.623762,0.434151,fluid,,0.880392,0.932919,0.946711,,-0.903473,-0.628836,,-0.799644,-0.556569,,-0.729099,-0.507468,,-360.956,-469.476,-466.816,
562,0.759978,0.810734,0.5236,0.550826,fluid,,0.880392,0.932919,0.946711,,-0.758395,-0.797831,,-0.671239,-0.706143,,-0.612022,-0.643846,,-302.994,-394.088,-391.855,
563,0.759978,1.01342,0.402001,0.644951,fluid,,0.880392,0.932919,0.946711,,-0.582268,-0.934163,,-0.515353,-0.826807,,-0.469888,-0.753866,,-232.628,-302.567,-300.852,
564,0.759978,1.2161,0.263944,0.712671,fluid,,0.880392,0.932919,0.946711,,-0.382304,-1.03225,,-0.338369,-0.913622,,-0.308517,-0.833022,,-152.738,-198.658,-197.533,
565,0.759978,1.41878,0.115082,0.751214,fluid,,0.880392,0.932919,0.946711,,-0.166687,-1.08808,,-0.147531,-0.963034,,-0.134516,-0.878074,,-66.5949,-86.6165,-86.1257,
566,0.759978,1.62147,-0.0384922,0.759002,fluid,,0.880392,0.932919,0.946711,,0.0557531,-1.09936,,0.0493459,-0.973018,,0.0449926,-0.887178,,22.2745,28.9713,28.8071,
567,0.759978,1.82415,-0.19049,0.735717,fluid,,0.880392,0.932919,0.946711,,0.275911,-1.06563,,0.244203,-0.943167,,0.222659,-0.85996,,110.232,143.373,142.561,
568,0.759978,2.02683,-0.33469,0.682312,fluid,,0.880392,0.932919,0.946711,,0.484773,-0.988277,,0.429062,-0.874703,,0.39121,-0.797536,,193.677,251.905,250.478,
569,0.759978,2.22952,-0.465187,0.600972,fluid,,0.880392,0.932919,0.946711,,0.673789,-0.870463,,0.596356,-0.770428,,0.543745,-0.70246,,269.192,350.124,348.14,
570,0.759978,2.4322,-0.576639,0.495029,fluid,,0.880392,0.932919,0.946711,,0.835219,-0.717012,,0.739234,-0.634612,,0.674018,-0.578626,,333.687,434.009,431.55,
571,0.759978,2.63488,-0.664484,0.368819,fluid,,0.880392,0.932919,0.946711,,0.962456,-0.534206,,0.851848,-0.472814,,0.776698,-0.431102,,384.52,500.125,497.291,
572,0.759978,2.83757,-0.725125,0.227509,fluid,,0.880392,0.932919,0.946711,,1.05029,-0.32953,,0.929588,-0.29166,,0.847579,-0.26593,,419.612,545.767,542.674,
573,0.759978,3.04025,-0.756079,0.0768857,fluid,,0.880392,0.932919,0.946711,,1.09512,-0.111363,,0.96927,-0.0985651,,0.88376,-0.0898696,,437.524,569.064,565.84,
574,0.759978,3.24293,-0.756079,-0.0768857,fluid,,0.880392,0.932919,0.946711,,1.09512,0.111363,,0.96927,0.0985651,,0.88376,0.0898696,,437.524,569.064,565.84,
575,0.759978,3.44562,-0.725125,-0.227509,fluid,,0.880392,0.932919,0.946711,,1.05029,0.32953,,0.929588,0.29166,,0.847579,0.26593,,419.612,545.767,542.674,
576,0.759978,3.6483,-0.664484,-0.368819,fluid,,0.880392,0.932919,0.946711,,0.962456,0.534206,,0.851848,0.472814,,0.776698,0.431102,,384.52,500.125,497.291,
577,0.759978,3.85098,-0.576639,-0.495029,fluid,,0.880392,0.932919,0.946711,,0.835219,0.717012,,0.739234,0.634612,,0.674018,0.578626,,333.687,434.009,431.55,
578,0.759978,4.05367,-0.465187,-0.600972,fluid,,0.880392,0.932919,0.946711,,0.673789,0.870463,,0.596356,0.770428,,0.543745,0.70246,,269.192,350.124,348.14,
579,0.759978,4.25635,-0.33469,-0.682312,fluid,,0.880392,0.932919,0.946711,,0.484773,0.988277,,0.429062,0.874703,,0.39121,0.797536,,193.677,251.905,250.478,
580,0.759978,4.45903,-0.19049,-0.735717,fluid,,0.880392,0.932919,0.946711,,0.275911,1.06563,,0.244203,0.943167,,0.222659,0.85996,,110.232,143.373,142.561,
581,0.759978,4.66172,-0.0384922,-0.759002,fluid,,0.880392,0.932919,0.946711,,0.0557531,1.09936,,0.0493459,0.973018,,0.0449926,0.887178,,22.2745,28.9713,28.8071,
582,0.759978,4.8644,0.115082,-0.751214,fluid,,0.880392,0.932919,0.946711,,-0.166687,1.08808,,-0.147531,0.963034,,-0.134516,0.878074,,-66.5949,-86.6165,-86.1257,
583,0.759978,5.06708,0.263944,-0.712671,fluid,,0.880392,0.932919,0.946711,,-0.382304,1.03225,,-0.338369,0.913622,,-0.308517,0.833022,,-152.738,-198.658,-197.533,
584,0.759978,5.26977,0.402001,-0.644951,fluid,,0.880392,0.932919,0.946711,,-0.582268,0.934163,,-0.515353,0.826807,,-0.469888,0.753866,,-232.628,-302.567,-300.852,
585,0.759978,5.47245,0.5236,-0.550826,fluid,,0.880392,0.932919,0.946711,,-0.758395,0.797831,,-0.671239,0.706143,,-0.612022,0.643846,,-302.994,-394.088,-391.855,
586,0.759978,5.67514,0.623762,-0.434151,fluid,,0.880392,0.932919,0.946711,,-0.903473,0.628836,,-0.799644,0.556569,,-0.729099,0.507468,,-360.956,-469.476,-466.816,
587,0.759978,5.87782,0.698388,-0.299702,fluid,,0.880392,0.932919,0.946711,,-1.01156,0.434096,,-0.895312,0.384209,,-0.816327,0.350313,,-404.139,-525.643,-522.664,
588,0.759978,6.0805,0.744421,-0.152982,fluid,,0.880392,0.932919,0.946711,,-1.07824,0.221584,,-0.954325,0.196119,,-0.870134,0.178817,,-430.778,-560.29,-557.115,
589,0.871948,0,0.871948,0,fluid,,0.684312,0.732822,0.750978,,-1.665,3.05311e-16,,-1.88177,6.66134e-16,,-1.94318,1.249e-15,,-259.961,-432.155,-545.62,
590,0.871948,0.202683,0.854099,0.175522,fluid,,0.684312,0.732822,0.750978,,-1.63091,-0.335161,,-1.84325,-0.378797,,-1.90341,-0.39116,,-254.64,-423.309,-534.451,
591,0.871948,0.405367,0.801283,0.343858,fluid,,0.684312,0.732822,0.750978,,-1.53006,-0.656601,,-1.72927,-0.742086,,-1.7857,-0.766305,,-238.893,-397.132,-501.402,
592,0.871948,0.60805,0.715663,0.498116,fluid,,0.684312,0.732822,0.750978,,-1.36657,-0.951159,,-1.54449,-1.07499,,-1.59489,-1.11008,,-213.366,-354.697,-447.825,
593,0.871948,0.810734,0.600743,0.631982,fluid,,0.684312,0.732822,0.750978,,-1.14713,-1.20678,,-1.29648,-1.36389,,-1.33879,-1.4084,,-179.105,-297.741,-375.914,
594,0.871948,1.01342,0.461229,0.739974,fluid,,0.684312,0.732822,0.750978,,-0.880723,-1.41299,,-0.995388,-1.59695,,-1.02787,-1.64907,,-137.51,-228.595,-288.613,
595,0.871948,1.2161,0.302832,0.817671,fluid,,0.684312,0.732822,0.750978,,-0.578262,-1.56135,,-0.653548,-1.76463,,-0.674877,-1.82222,,-90.2858,-150.09,-189.497,
596,0.871948,1.41878,0.132037,0.861893,fluid,,0.684312,0.732822,0.750978,,-0.252127,-1.6458,,-0.284952,-1.86007,,-0.294252,-1.92077,,-39.3653,-65.4403,-82.6221,
597,0.871948,1.62147,-0.0441634,0.870829,fluid,,0.684312,0.732822,0.750978,,0.0843307,-1.66286,,0.09531,-1.87935,,0.0984206,-1.94069,,13.1668,21.8883,27.6352,
598,0.871948,1.82415,-0.218556,0.844113,fluid,,0.684312,0.732822,0.750978,,0.417336,-1.61184,,0.47167,-1.8217,,0.487064,-1.88115,,65.1599,108.321,136.761,
599,0.871948,2.02683,-0.384001,0.782839,fluid,,0.684312,0.732822,0.750978,,0.733255,-1.49484,,0.82872,-1.68946,,0.855766,-1.7446,,114.485,190.319,240.288,
600,0.871948,2.22952,-0.533725,0.689515,fluid,,0.684312,0.732822,0.750978,,1.01915,-1.31664,,1.15184,-1.48806,,1.18943,-1.53662,,159.124,264.525,333.977,
601,0.871948,2.4322,-0.661598,0.567963,fluid,,0.684312,0.732822,0.750978,,1.26333,-1.08453,,1.42781,-1.22573,,1.47441,-1.26574,,197.248,327.901,413.994,
602,0.871948,2.63488,-0.762385,0.423158,fluid,,0.684312,0.732822,0.750978,,1.45578,-0.808026,,1.64532,-0.913226,,1.69901,-0.94303,,227.296,377.853,477.061,
603,0.871948,2.83757,-0.83196,0.261029,fluid,,0.684312,0.732822,0.750978,,1.58864,-0.498438,,1.79547,-0.563332,,1.85407,-0.581717,,248.039,412.336,520.598,
604,0.871948,3.04025,-0.867474,0.0882135,fluid,,0.684312,0.732822,0.750978,,1.65645,-0.168445,,1.87211,-0.190375,,1.93321,-0.196588,,258.627,429.938,542.821,
605,0.871948,3.24293,-0.867474,-0.0882135,fluid,,0.684312,0.732822,0.750978,,1.65645,0.168445,,1.87211,0.190375,,1.93321,0.196588,,258.627,429.938,542.821,
606,0.871948,3.44562,-0.83196,-0.261029,fluid,,0.684312,0.732822,0.750978,,1.58864,0.498438,,1.79547,0.563332,,1.85407,0.581717,,248.039,412.336,520.598,
607,0.871948,3.6483,-0.762385,-0.423158,fluid,,0.684312,0.732822,0.750978,,1.45578,0.808026,,1.64532,0.913226,,1.69901,0.94303,,227.296,377.853,477.061,
608,0.871948,3.85098,-0.661598,-0.567963,fluid,,0.684312,0.732822,0.750978,,1.26333,1.08453,,1.42781,1.22573,,1.47441,1.26574,,197.248,327.901,413.994,
609,0.871948,4.05367,-0.533725,-0.689515,fluid,,0.684312,0.732822,0.750978,,1.01915,1.31664,,1.15184,1.48806,,1.18943,1.53662,,159.124,264.525,333.977,
610,0.871948,4.25635,-0.384001,-0.782839,fluid,,0.684312,0.732822,0.750978,,0.733255,1.49484,,0.82872,1.68946,,0.855766,1.7446,,114.485,190.319,240.288,
611,0.871948,4.45903,-0.218556,-0.844113,fluid,,0.684312,0.732822,0.750978,,0.417336,1.61184,,0.47167,1.8217,,0.487064,1.88115,,65.1599,108.321,136.761,
612,0.871948,4.66172,-0.0441634,-0.870829,fluid,,0.684312,0.732822,0.750978,,0.0843307,1.66286,,0.09531,1.87935,,0.0984206,1.94069,,13.1668,21.8883,27.6352,
613,0.871948,4.8644,0.132037,-0.861893,fluid,,0.684312,0.732822,0.750978,,-0.252127,1.6458,,-0.284952,1.86007,,-0.294252,1.92077,,-39.3653,-65.4403,-82.6221,
614,0.871948,5.06708,0.302832,-0.817671,fluid,,0.684312,0.732822,0.750978,,-0.578262,1.56135,,-0.653548,1.76463,,-0.674877,1.82222,,-90.2858,-150.09,-189.497,
615,0.871948,5.26977,0.461229,-0.739974,fluid,,0.684312,0.732822,0.750978,,-0.880723,1.41299,,-0.995388,1.59695,,-1.02787,1.64907,,-137.51,-228.595,-288.613,
616,0.871948,5.47245,0.600743,-0.631982,fluid,,0.684312,0.732822,0.750978,,-1.14713,1.20678,,-1.29648,1.36389,,-1.33879,1.4084,,-179.105,-297.741,-375.914,
617,0.871948,5.67514,0.715663,-0.498116,fluid,,0.684312,0.732822,0.750978,,-1.36657,0.951159,,-1.54449,1.07499,,-1.59489,1.11008,,-213.366,-354.697,-447.825,
618,0.871948,5.87782,0.801283,-0.343858,fluid,,0.684312,0.732822,0.750978,,-1.53006,0.656601,,-1.72927,0.742086,,-1.7857,0.766305,,-238.893,-397.132,-501.402,
619,0.871948,6.0805,0.854099,-0.175522,fluid,,0.684312,0.732822,0.750978,,-1.63091,0.335161,,-1.84325,0.378797,,-1.90341,0.39116,,-254.64,-423.309,-534.451,
620,1,0,1,0,fluid,,0.460188,0.463624,0.470849,,-2.30951,4.996e-16,,-2.71689,1.16573e-15,,-2.87112,1.16573e-15,,-2232.02,-2622.03,-2776.45,
621,1,0.202683,0.97953,0.201299,fluid,,0.460188,0.463624,0.470849,,-2.26223,-0.4649,,-2.66127,-0.546905,,-2.81235,-0.577953,,-2186.33,-2568.35,-2719.62,
622,1,0.405367,0.918958,0.394356,fluid,,0.460188,0.463624,0.470849,,-2.12234,-0.910768,,-2.4967,-1.07142,,-2.63844,-1.13224,,-2051.14,-2409.53,-2551.44,
623,1,0.60805,0.820763,0.571268,fluid,,0.460188,0.463624,0.470849,,-1.89556,-1.31935,,-2.22992,-1.55207,,-2.35651,-1.64018,,-1831.96,-2152.06,-2278.81,
624,1,0.810734,0.688967,0.724793,fluid,,0.460188,0.463624,0.470849,,-1.59117,-1.67391,,-1.87185,-1.96918,,-1.97811,-2.08097,,-1537.79,-1806.49,-1912.88,
625,1,1.01342,0.528964,0.848644,fluid,,0.460188,0.463624,0.470849,,-1.22165,-1.95995,,-1.43714,-2.30567,,-1.51872,-2.43656,,-1180.66,-1386.96,-1468.64,
626,1,1.2161,0.347305,0.937752,fluid,,0.460188,0.463624,0.470849,,-0.802104,-2.16575,,-0.943589,-2.54777,,-0.997156,-2.6924,,-775.194,-910.644,-964.276,
627,1,1.41878,0.151428,0.988468,fluid,,0.460188,0.463624,0.470849,,-0.349724,-2.28287,,-0.411412,-2.68556,,-0.434768,-2.83801,,-337.99,-397.048,-420.432,
628,1,1.62147,-0.0506492,0.998717,fluid,,0.460188,0.463624,0.470849,,0.116975,-2.30654,,0.137608,-2.7134,,0.14542,-2.86744,,113.05,132.803,140.625,
629,1,1.82415,-0.250653,0.968077,fluid,,0.460188,0.463624,0.470849,,0.578884,-2.23578,,0.680995,-2.63016,,0.719654,-2.77947,,559.463,657.218,695.924,
630,1,2.02683,-0.440394,0.897805,fluid,,0.460188,0.463624,0.470849,,1.01709,-2.07349,,1.1965,-2.43923,,1.26443,-2.57771,,982.97,1154.73,1222.73,
631,1,2.22952,-0.612106,0.790776,fluid,,0.460188,0.463624,0.470849,,1.41366,-1.8263,,1.66302,-2.14845,,1.75743,-2.27041,,1366.24,1604.96,1699.48,
632,1,2.4322,-0.758758,0.651372,fluid,,0.460188,0.463624,0.470849,,1.75236,-1.50435,,2.06146,-1.76971,,2.17849,-1.87017,,1693.57,1989.48,2106.65,
633,1,2.63488,-0.874347,0.485302,fluid,,0.460188,0.463624,0.470849,,2.01931,-1.12081,,2.3755,-1.31851,,2.51036,-1.39336,,1951.56,2292.56,2427.58,
634,1,2.83757,-0.954139,0.299363,fluid,,0.460188,0.463624,0.470849,,2.20359,-0.691381,,2.59229,-0.813336,,2.73945,-0.859508,,2129.66,2501.78,2649.12,
635,1,3.04025,-0.994869,0.101168,fluid,,0.460188,0.463624,0.470849,,2.29766,-0.233649,,2.70295,-0.274863,,2.85639,-0.290467,,2220.57,2608.57,2762.2,
636,1,3.24293,-0.994869,-0.101168,fluid,,0.460188,0.463624,0.470849,,2.29766,0.233649,,2.70295,0.274863,,2.85639,0.290467,,2220.57,2608.57,2762.2,
637,1,3.44562,-0.954139,-0.299363,fluid,,0.460188,0.463624,0.470849,,2.20359,0.691381,,2.59229,0.813336,,2.73945,0.859508,,2129.66,2501.78,2649.12,
638,1,3.6483,-0.874347,-0.485302,fluid,,0.460188,0.463624,0.470849,,2.01931,1.12081,,2.3755,1.31851,,2.51036,1.39336,,1951.56,2292.56,2427.58,
639,1,3.85098,-0.758758,-0.651372,fluid,,0.460188,0.463624,0.470849,,1.75236,1.50435,,2.06146,1.76971,,2.17849,1.87017,,1693.57,1989.48,2106.65,
640,1,4.05367,-0.612106,-0.790776,fluid,,0.460188,0.463624,0.470849,,1.41366,1.8263,,1.66302,2.14845,,1.75743,2.27041,,1366.24,1604.96,1699.48,
641,1,4.25635,-0.440394,-0.897805,fluid,,0.460188,0.463624,0.470849,,1.01709,2.07349,,1.1965,2.43923,,1.26443,2.57771,,982.97,1154.73,1222.73,
642,1,4.45903,-0.250653,-0.968077,fluid,,0.460188,0.463624,0.470849,,0.578884,2.23578,,0.680995,2.63016,,0.719654,2.77947,,559.463,657.218,695.924,
643,1,4.66172,-0.0506492,-0.998717,fluid,,0.460188,0.463624,0.470849,,0.116975,2.30654,,0.137608,2.7134,,0.14542,2.86744,,113.05,132.803,140.625,
644,1,4.8644,0.151428,-0.988468,fluid,,0.460188,0.463624,0.470849,,-0.349724,2.28287,,-0.411412,2.68556,,-0.434768,2.83801,,-337.99,-397.048,-420.432,
645,1,5.06708,0.347305,-0.937752,fluid,,0.460188,0.463624,0.470849,,-0.802104,2.16575,,-0.943589,2.54777,,-0.997156,2.6924,,-775.194,-910.644,-964.276,
646,1,5.26977,0.528964,-0.848644,fluid,,0.460188,0.463624,0.470849,,-1.22165,1.95995,,-1.43714,2.30567,,-1.51872,2.43656,,-1180.66,-1386.96,-1468.64,
647,1,5.47245,0.688967,-0.724793,fluid,,0.460188,0.463624,0.470849,,-1.59117,1.67391,,-1.87185,1.96918,,-1.97811,2.08097,,-1537.79,-1806.49,-1912.88,
648,1,5.67514,0.820763,-0.571268,fluid,,0.460188,0.463624,0.470849,,-1.89556,1.31935,,-2.22992,1.55207,,-2.35651,1.64018,,-1831.96,-2152.06,-2278.81,
649,1,5.87782,0.918958,-0.394356,fluid,,0.460188,0.463624,0.470849,,-2.12234,0.910768,,-2.4967,1.07142,,-2.63844,1.13224,,-2051.14,-2409.53,-2551.44,
650,1,6.0805,0.97953,-0.201299,fluid,,0.460188,0.463624,0.470849,,-2.26223,0.4649,,-2.66127,0.546905,,-2.81235,0.577953,,-2186.33,-2568.35,-2719.62,
