dx/h :,0.5
dy/h :,0.5
L2normdrhodt,dx,dy,Ncol,Nrow
81.8607,0.5,0.5,50,20

t,0.183
x,y,,rho,drhodt,pressure,,u,v,,dudt,dvdt
-0.5,-0.5,,1026.02,163.549,248440,,0,0,,0,0
-0.5,0,,1033.8,204.389,330470,,0,0,,0,0
-0.5,0.5,,1032.28,215.177,314153,,0,0,,0,0
-0.5,1,,1029.79,206.908,287701,,0,0,,0,0
-0.5,1.5,,1028.21,202.763,271136,,0,0,,0,0
-0.5,2,,1027.62,215.971,265058,,0,0,,0,0
-0.5,2.5,,1026.58,224.015,254271,,0,0,,0,0
-0.5,3,,1025.14,227.664,239405,,0,0,,0,0
-0.5,3.5,,1023.8,230.644,225752,,0,0,,0,0
-0.5,4,,1022.05,238.175,208022,,0,0,,0,0
-0.5,4.5,,1020.36,247.128,191080,,0,0,,0,0
-0.5,5,,1018.6,237.518,173627,,0,0,,0,0
-0.5,5.5,,1016.52,220.215,153260,,0,0,,0,0
-0.5,6,,1014.81,222.276,136694,,0,0,,0,0
-0.5,6.5,,1012.72,221.592,116719,,0,0,,0,0
-0.5,7,,1008.51,158.172,77059.1,,0,0,,0,0
-0.5,7.5,,1005.81,74.9467,52182.3,,0,0,,0,0
-0.5,8,,1009.35,101.265,84946.3,,0,0,,0,0
-0.5,8.5,,1008.07,170.11,73017,,0,0,,0,0
-0.5,9,,993.907,111.543,-52820.6,,0,0,,0,0
0,-0.5,,1035.51,235.981,348920,,0,0,,0,0
-0.0645791,-0.0785876,,997.266,-4.16146,-23938.8,,-0.315834,-0.466873,,0.36937,12.2618
-0.0654956,0.451942,,1006.37,18.9859,57337.2,,-0.511433,-0.230852,,0.378627,12.1927
-0.0577344,0.932303,,1007.02,48.1626,63328.8,,-0.420751,-0.433413,,1.38227,8.85052
-0.0510024,1.4385,,1006.9,52.2512,62230.9,,-0.348783,-0.280386,,1.09051,10.809
-0.0504832,1.92702,,1006.94,17.3578,62572.4,,-0.482183,-0.393676,,1.40016,11.2932
-0.0511722,2.41782,,1005.88,24.5756,52884.2,,-0.470668,-0.412061,,4.56462,10.9484
-0.0451209,2.91357,,1006.51,36.2568,58652.5,,-0.425882,-0.450764,,3.19248,10.9807
-0.0426538,3.40415,,1006.66,-4.89572,59945,,-0.52471,-0.529181,,2.33982,14.0062
-0.0412563,3.897,,1005.52,-3.93872,49530.5,,-0.524324,-0.516744,,5.14687,15.2483
-0.0368886,4.39224,,1005.57,32.5207,49981.4,,-0.47558,-0.577425,,4.0221,13.2586
-0.0327553,4.88538,,1006,15.1255,53926.6,,-0.507511,-0.682284,,0.931811,15.3117
-0.0295596,5.37898,,1005.15,-13.7444,46201.7,,-0.496691,-0.715758,,2.48143,19.0306
-0.0270876,5.87616,,1004.23,-2.39412,37798.4,,-0.453579,-0.720717,,4.55995,18.7491
-0.0244681,6.37373,,1004.33,14.7877,38764.6,,-0.486564,-0.729977,,1.32024,19.5478
-0.0168585,6.86589,,1003.95,14.6764,35271.8,,-0.421673,-0.860473,,-1.75258,21.6044
-0.00697803,7.36332,,1002.57,3.02408,22868.2,,-0.173334,-1.0155,,1.38012,18.5676
-0.010468,7.88312,,1002.28,8.02553,20287.5,,-0.0785793,-0.669619,,5.47238,19.417
-0.0467557,8.39423,,998.801,-30.7223,-10545.6,,-0.365777,-0.411241,,10.7343,22.4316
-0.0912217,8.89738,,999.825,-58.5775,-1542.08,,-1.25815,-0.513868,,-1.54438,18.9742
0.5,-0.5,,1034.83,259.996,341572,,0,0,,0,0
0.466155,-0.0701344,,1007.33,21.5393,66196,,-0.218122,-0.559977,,-0.117474,8.76495
0.492385,0.474363,,1016.01,130.889,148329,,0.00697204,0.00650006,,-0.831733,11.9357
0.49269,0.922636,,1015.28,134.924,141287,,-0.0533924,-0.551383,,-2.22387,9.26491
0.493817,1.43383,,1012.82,119.803,117589,,0.0246529,-0.339898,,-0.780266,10.8927
0.49659,1.92171,,1013.06,124.058,119900,,0.0457211,-0.489789,,-0.979393,11.8051
0.494624,2.41166,,1011.86,123.681,108512,,0.0270941,-0.493356,,0.11502,11.9642
0.495153,2.90969,,1010.94,126.012,99839.9,,0.0689393,-0.532441,,1.40231,10.9246
0.495312,3.39957,,1010.94,97.5139,99795.9,,0.0506038,-0.64725,,1.60968,14.0935
0.494087,3.89273,,1009.18,88.4178,83307.5,,0.0363423,-0.601295,,3.06005,15.5874
0.493898,4.38958,,1008.3,123.137,75137.3,,0.0520587,-0.657372,,3.61335,11.7542
0.494099,4.88307,,1008.52,107.365,77149.1,,0.0320558,-0.779824,,2.79161,13.9768
0.493888,5.37653,,1007.09,58.778,63919.3,,0.0142387,-0.787531,,3.67467,19.5771
0.493413,5.87348,,1005.35,58.4342,48036.6,,0.0226421,-0.799248,,5.48835,18.176
0.492305,6.37148,,1005.27,81.4997,47297.7,,-0.00868908,-0.851394,,5.20625,16.0204
0.491549,6.86739,,1004.69,64.4851,41980.7,,-0.0701953,-0.909954,,3.47796,18.3583
0.492845,7.36667,,1003.26,30.5212,29050.7,,-0.0699966,-0.917271,,2.87364,19.4743
0.492705,7.86754,,1001.64,30.677,14507.1,,-0.0376542,-0.851088,,3.82833,19.5194
0.480699,8.34733,,1001.02,39.1724,9041.19,,-0.246907,-1.08519,,1.8631,20.1895
0.467828,8.85056,,1001.49,21.6584,13194,,-0.541932,-1.05818,,-2.85445,21.7486
1,-0.5,,1033.28,252.039,324836,,0,0,,0,0
0.960235,-0.0659825,,1007.55,-3.74322,68148.2,,-0.366427,-0.600086,,0.938665,9.94266
0.957804,0.474603,,1016,92.8722,148197,,-0.470763,-0.11888,,1.09373,10.0409
0.956258,0.92123,,1016.16,99.9078,149780,,-0.526046,-0.572082,,1.03034,9.00756
0.961734,1.4392,,1013.73,94.2697,126320,,-0.465579,-0.272843,,0.687781,10.5316
0.966096,1.92337,,1014.57,103.682,134368,,-0.467774,-0.507141,,-0.450422,11.2725
0.967766,2.41234,,1013.45,102.499,123636,,-0.489308,-0.478044,,-0.792211,12.6612
0.970783,2.91194,,1012.44,113.092,114003,,-0.462417,-0.505521,,-0.702656,10.9492
0.973957,3.40074,,1012.78,90.0472,117278,,-0.45065,-0.650519,,-1.38438,14.0616
0.976222,3.89355,,1010.84,85.3597,98878.2,,-0.438113,-0.578296,,-1.8692,16.0619
0.978791,4.39102,,1009.8,134.386,89106.1,,-0.401161,-0.63463,,-2.27872,11.3186
0.981299,4.88421,,1010.2,120.855,92883.1,,-0.380573,-0.782353,,-3.00527,13.6214
0.983404,5.37754,,1008.7,70.8486,78868.7,,-0.363446,-0.765406,,-3.17946,20.5636
0.985782,5.87442,,1006.61,87.1107,59535.7,,-0.310242,-0.758038,,-2.68966,19.2311
0.988022,6.3713,,1006,117.324,53927.6,,-0.246584,-0.853293,,-2.11807,16.0296
0.988629,6.86632,,1005,81.0308,44792,,-0.219113,-0.947231,,-1.4654,17.8703
0.986827,7.36579,,1004.1,39.2438,36643.1,,-0.236408,-0.93227,,-0.835631,19.5416
0.984957,7.86725,,1003.64,47.2753,32468,,-0.265052,-0.839279,,-0.751926,20.1673
0.98745,8.3466,,1001.19,42.5478,10505.8,,-0.237759,-1.14515,,-1.02871,18.3945
0.993473,8.83868,,1001.48,16.317,13135,,-0.166318,-1.21688,,-1.77438,19.9671
1.5,-0.5,,1032.8,246.073,319680,,0,0,,0,0
1.47442,-0.0670153,,1006.1,40.1974,54829.7,,-0.153223,-0.456096,,1.30373,12.821
1.47699,0.473468,,1013.65,88.7526,125567,,-0.094753,-0.109754,,1.45631,12.1738
1.47933,0.924058,,1013.11,89.8077,120431,,-0.0460971,-0.533355,,2.48104,9.62131
1.48065,1.44261,,1010.84,87.9279,98892.7,,-0.040889,-0.273556,,2.88303,9.91044
1.48093,1.92411,,1012.21,81.2209,111825,,-0.0757354,-0.559477,,2.91293,10.8801
1.48055,2.41337,,1010.96,60.3834,100051,,-0.10226,-0.488836,,4.05119,13.322
1.48123,2.91429,,1010.03,68.0069,91219,,-0.109348,-0.505931,,5.0646,10.803
1.48206,3.40236,,1010.9,40.326,99413.4,,-0.134856,-0.672972,,4.98954,13.2265
1.48255,3.89519,,1009.19,29.0975,83454.6,,-0.163504,-0.577096,,4.59218,15.4511
1.48356,4.3931,,1008.44,80.2516,76413.9,,-0.174648,-0.625607,,4.2639,10.6282
1.48457,4.88584,,1009.2,60.56,83496.6,,-0.19211,-0.792009,,4.04248,13.0366
1.48532,5.3792,,1007.97,4.36004,72053.1,,-0.214211,-0.757904,,3.85957,20.2385
1.48639,5.87663,,1006.31,36.571,56765.4,,-0.220045,-0.719726,,3.16234,18.7629
1.488,6.37354,,1006.13,87.4426,55118.6,,-0.210205,-0.808268,,1.96477,15.7932
1.49026,6.86731,,1004.99,57.0886,44755.9,,-0.176287,-0.909404,,1.41414,18.632
1.49145,7.36349,,1003.07,8.21047,27344,,-0.129048,-0.943725,,2.12703,20.2731
1.48927,7.86608,,1003,17.9425,26728.7,,-0.139197,-0.864588,,2.34112,19.4952
1.4884,8.36147,,1000.69,5.33932,6124.57,,-0.165401,-0.961904,,1.12783,16.2016
1.49344,8.85032,,1001.06,11.7906,9413.06,,-0.100293,-1.10384,,0.264298,17.1758
2,-0.5,,1033.19,246.534,323863,,0,0,,0,0
1.97487,-0.064307,,1007.76,55.2569,70119.9,,-0.31517,-0.461241,,-0.787782,7.7942
1.97956,0.477503,,1015.26,126.863,141024,,-0.291954,-0.0663739,,-2.83651,11.042
1.98115,0.92507,,1014.7,135.627,135685,,-0.292862,-0.513292,,-3.54856,10.228
1.98182,1.44304,,1012.26,139.814,112344,,-0.272377,-0.275082,,-3.46343,9.91657
1.98284,1.92408,,1013.37,131.39,122890,,-0.247507,-0.563149,,-3.36194,11.7591
1.98406,2.4138,,1011.45,105.622,104676,,-0.215649,-0.475598,,-2.51558,14.8686
1.98528,2.91498,,1010.14,117.857,92278.1,,-0.186656,-0.505549,,-1.54981,11.5711
1.98601,3.40257,,1010.82,85.758,98703.9,,-0.175511,-0.690923,,-1.01674,13.4235
1.98669,3.8957,,1008.84,62.4262,80105,,-0.166844,-0.585454,,-0.591557,15.5883
1.98763,4.39389,,1007.94,105.689,71786.1,,-0.155786,-0.631409,,-0.0714324,10.9403
1.98834,4.88627,,1008.52,74.1216,77128.5,,-0.14901,-0.806573,,0.93129,13.7174
1.98888,5.37969,,1006.98,2.75851,62916.7,,-0.140928,-0.767519,,2.24796,20.6524
1.98945,5.87724,,1005.23,25.28,46906.7,,-0.134729,-0.729241,,2.9584,18.142
1.98964,6.37453,,1005.39,69.9886,48383.7,,-0.149516,-0.817847,,2.59553,14.5476
1.99051,6.86972,,1004.98,43.709,44667.5,,-0.160298,-0.875592,,1.73195,18.2185
1.99313,7.36504,,1002.99,6.39365,26620,,-0.120438,-0.891675,,1.47099,20.7894
1.99478,7.86359,,1001.97,15.8049,17489.5,,-0.0788157,-0.902482,,1.4309,18.5143
1.99408,8.36191,,1001.1,19.6475,9700.92,,-0.0939583,-0.950598,,0.408909,15.8656
1.99515,8.85664,,1001.18,18.608,10441.8,,-0.0816057,-1.01614,,-0.269045,17.4123
2.5,-0.5,,1032.99,227.034,321785,,0,0,,0,0
2.47457,-0.0663889,,1007.04,10.7716,63495.5,,-0.297435,-0.517775,,2.74245,8.3206
2.4764,0.477962,,1015.66,81.1056,144888,,-0.29961,-0.12452,,2.49177,9.59392
2.47617,0.925304,,1015.38,82.301,142185,,-0.324007,-0.513545,,2.46047,10.0911
2.47692,1.44451,,1012.95,93.8995,118904,,-0.313061,-0.246849,,2.21843,9.48108
2.47901,1.926,,1014.25,95.2764,131331,,-0.29904,-0.540196,,1.19456,11.219
2.4807,2.41553,,1012.6,79.4751,115554,,-0.305385,-0.45219,,0.0434121,14.9139
2.48203,2.91628,,1011.41,106.421,104233,,-0.299687,-0.483747,,-0.417062,11.7391
2.48334,3.40367,,1012.05,86.3301,110309,,-0.283897,-0.672847,,-0.861017,13.4195
2.48479,3.89703,,1010.02,68.8009,91193.1,,-0.270994,-0.567361,,-1.54587,15.5761
2.48622,4.39509,,1009.13,116.779,82881.4,,-0.258978,-0.614718,,-1.88221,11.3951
2.48739,4.88716,,1009.54,92.1604,86717.5,,-0.240093,-0.785984,,-1.57276,14.8438
2.48861,5.38075,,1007.74,30.5596,69914.3,,-0.210411,-0.738996,,-0.962523,21.8186
2.49007,5.87808,,1005.68,56.738,51050.1,,-0.174946,-0.711771,,-0.287649,18.7997
2.49093,6.37456,,1005.4,86.7756,48478.1,,-0.155056,-0.829989,,0.417914,14.5296
2.49101,6.87064,,1005.03,45.4665,45059.4,,-0.158399,-0.876996,,0.760894,17.8336
2.49197,7.3675,,1003.55,10.6952,31667.6,,-0.150602,-0.85031,,0.627511,20.6668
2.49396,7.8651,,1002.31,20.1273,20579.8,,-0.118845,-0.871312,,0.389595,18.2104
2.49546,8.36299,,1001.39,21.5176,12285.2,,-0.0939716,-0.91799,,0.0188818,15.9396
2.49689,8.85984,,1001.28,7.56294,11319.1,,-0.0666006,-0.94334,,-0.165769,17.9293
3,-0.5,,1032.37,219.308,315100,,0,0,,0,0
2.98072,-0.065336,,1006.24,45.2575,56159.9,,-0.196311,-0.410446,,1.17201,10.5621
2.98295,0.478322,,1014.25,87.6061,131290,,-0.148489,-0.115475,,1.17913,10.5766
2.98317,0.925031,,1013.55,77.0854,124644,,-0.13867,-0.518249,,1.85339,10.5641
2.9836,1.44591,,1010.97,84.0591,100071,,-0.130552,-0.236374,,2.54695,9.22921
2.9845,1.92724,,1012.72,77.9915,116689,,-0.142575,-0.564141,,2.38298,10.1087
2.98463,2.41616,,1011.41,45.1488,104260,,-0.174439,-0.475548,,2.35241,14.3953
2.98485,2.91716,,1010.26,65.7373,93464.7,,-0.184904,-0.48051,,2.63716,11.4813
2.98568,3.40487,,1011.08,49.4816,101155,,-0.182888,-0.669006,,2.3641,12.5872
2.9866,3.89826,,1009.37,29.869,85132.4,,-0.194081,-0.572009,,1.64804,14.73
2.9874,4.39616,,1008.73,73.1127,79131,,-0.206188,-0.612049,,1.30208,11.1643
2.98821,4.88817,,1009.25,53.9567,83961.1,,-0.203855,-0.770254,,1.17688,14.8435
2.98915,5.38207,,1007.65,8.46213,69070.9,,-0.194905,-0.714966,,0.656935,21.68
2.99042,5.87962,,1005.89,50.6002,52909.8,,-0.181516,-0.682699,,0.0940554,19.019
2.99186,6.37542,,1005.5,83.293,49367.6,,-0.157603,-0.810316,,0.267694,15.225
2.99287,6.87101,,1004.73,35.0764,42359.6,,-0.132936,-0.86906,,0.910406,18.2537
2.99362,7.36863,,1003.24,-2.00501,28865.9,,-0.113698,-0.832373,,1.23556,20.5883
2.99471,7.86696,,1002.15,8.17046,19094.9,,-0.0935102,-0.841683,,1.11254,17.8474
2.99608,8.36538,,1001.2,11.308,10603.9,,-0.0714234,-0.884027,,0.798635,15.1662
2.99757,8.86254,,1001.13,-3.6725,10054.6,,-0.0462062,-0.891491,,0.493662,16.8962
3.5,-0.5,,1032.63,222.242,317852,,0,0,,0,0
3.48332,-0.0642496,,1007.11,73.0501,64173.9,,-0.269654,-0.3901,,-2.22131,7.60095
3.48536,0.479547,,1015.27,129.636,141200,,-0.248616,-0.0992725,,-3.5647,9.83806
3.4859,0.925173,,1014.54,123.484,134076,,-0.24241,-0.504475,,-3.72903,11.4841
3.48627,1.44658,,1011.76,134.333,107519,,-0.223064,-0.226557,,-3.02021,9.73086
3.48669,1.92742,,1013.41,122.54,123294,,-0.211865,-0.577727,,-2.46446,10.561
3.48688,2.41614,,1011.71,74.0933,107083,,-0.202139,-0.480603,,-1.57188,15.2695
3.48745,2.91777,,1010.16,89.7693,92474.9,,-0.181676,-0.469278,,-0.767249,11.9305
3.4883,3.40569,,1010.93,72.9189,99746.6,,-0.168671,-0.670185,,-0.519177,12.4075
3.4889,3.89885,,1009.23,40.6074,83769.1,,-0.171294,-0.585361,,-0.1737,14.7515
3.48938,4.39678,,1008.44,68.1741,76471.8,,-0.172184,-0.614437,,0.583084,11.5239
3.49008,4.88892,,1008.84,43.6265,80108.1,,-0.162554,-0.762989,,1.13329,14.7964
3.49081,5.38289,,1007.27,-2.48722,65596.1,,-0.155732,-0.712178,,1.03899,21.042
3.49147,5.8807,,1005.73,38.511,51442.6,,-0.156776,-0.675932,,0.67122,18.6142
3.49238,6.37671,,1005.52,72.3354,49536.9,,-0.150146,-0.788573,,0.596624,15.5117
3.49363,6.87216,,1004.71,28.4188,42146.8,,-0.127828,-0.841525,,0.77936,18.6829
3.49495,7.36969,,1003.09,-4.08575,27560.5,,-0.0987208,-0.807478,,0.874225,20.6554
3.49612,7.86804,,1001.96,7.77068,17397.7,,-0.0729162,-0.822033,,0.763446,17.5415
3.49714,8.3668,,1001.15,13.0871,10183,,-0.0530651,-0.85947,,0.51596,14.7381
3.49821,8.86465,,1001.04,-0.0600422,9242.5,,-0.0332305,-0.858805,,0.268109,16.0507
4,-0.5,,1032.88,205.534,320530,,0,0,,0,0
3.98397,-0.0654107,,1007.07,36.7933,63782.6,,-0.287532,-0.42594,,-0.130778,7.06782
3.9851,0.479991,,1015.76,93.1652,145868,,-0.27382,-0.114987,,-0.0891196,8.89047
3.98519,0.925316,,1015.14,84.6694,139923,,-0.279484,-0.496623,,-0.309552,11.6241
3.98543,1.44711,,1012.32,105.547,112918,,-0.268628,-0.206659,,-0.451218,9.93027
3.98618,1.92797,,1013.96,106.141,128522,,-0.248572,-0.560348,,-0.767601,10.7592
3.987,2.41684,,1012.18,67.2297,111562,,-0.2336,-0.459658,,-1.29298,15.574
3.98795,2.91873,,1010.64,94.1342,96999.9,,-0.220105,-0.450288,,-1.72111,12.0045
3.9888,3.40645,,1011.51,83.903,105166,,-0.211492,-0.663336,,-1.90643,12.5853
3.98942,3.89936,,1009.71,49.4088,88248.2,,-0.203455,-0.580945,,-1.54395,15.4916
3.99008,4.39746,,1008.71,75.3478,78922.1,,-0.189013,-0.601462,,-0.857294,12.3482
3.99096,4.8898,,1009,53.6057,81593.2,,-0.171515,-0.747587,,-0.43358,15.1407
3.99187,5.38362,,1007.37,5.54467,66506.1,,-0.157532,-0.705206,,-0.24337,21.0418
3.99259,5.88131,,1005.71,37.4592,51288.9,,-0.147717,-0.672935,,0.0519791,18.6761
3.99323,6.37758,,1005.44,65.3067,48836.4,,-0.137521,-0.776824,,0.38193,15.6587
3.99409,6.87337,,1004.7,23.8326,42110.5,,-0.122486,-0.818637,,0.448679,18.6989
3.99523,7.371,,1003.18,-3.04903,28360.4,,-0.101298,-0.780183,,0.26884,20.5236
3.99645,7.86926,,1002.03,10.8801,18071.8,,-0.0768619,-0.796168,,0.076986,17.3774
3.99754,8.36827,,1001.2,15.4105,10626.1,,-0.0541203,-0.827702,,-0.0601331,14.676
3.99854,8.86629,,1001.1,3.99493,9722.33,,-0.0328289,-0.828532,,-0.142077,16.2698
4.5,-0.5,,1032.86,190.897,320330,,0,0,,0,0
4.48665,-0.0661685,,1006.41,27.6649,57686.8,,-0.222746,-0.393987,,0.565062,9.60284
4.4878,0.480245,,1015,71.2175,138536,,-0.182123,-0.10957,,1.37979,9.33022
4.48788,0.925182,,1014.32,56.3127,132025,,-0.179729,-0.500271,,1.49568,11.4572
4.48794,1.44762,,1011.49,77.8986,105035,,-0.178513,-0.193468,,1.40022,9.63903
4.4885,1.92872,,1013.33,84.9879,122526,,-0.174169,-0.553044,,0.881449,9.92547
4.48898,2.41755,,1011.84,47.8596,108300,,-0.182315,-0.459754,,0.113275,14.7803
4.48938,2.91942,,1010.51,72.8896,95771.2,,-0.191847,-0.449835,,-0.312063,11.5778
4.48983,3.40705,,1011.48,62.5889,104949,,-0.192967,-0.658663,,-0.380948,12.5778
4.49038,3.89998,,1009.67,31.7476,87897.8,,-0.185006,-0.568929,,-0.33369,15.8107
4.49105,4.39823,,1008.66,65.2509,78516.1,,-0.173593,-0.586965,,-0.354405,12.5779
4.49179,4.89068,,1009.05,50.0647,82115.3,,-0.165602,-0.735619,,-0.492927,15.1822
4.49256,5.38448,,1007.5,3.2138,67765.2,,-0.158604,-0.693557,,-0.500089,21.2504
4.49339,5.88207,,1005.78,32.5791,51952.5,,-0.145707,-0.658892,,-0.194671,19.1073
4.49422,6.37832,,1005.39,58.7219,48338.1,,-0.127799,-0.761225,,0.161787,15.9358
4.49505,6.87427,,1004.61,17.7388,41296.7,,-0.110014,-0.801354,,0.255401,18.6266
4.49595,7.37209,,1003.15,-8.18785,28042.7,,-0.0920712,-0.759276,,0.14973,20.3311
4.49694,7.87042,,1002.03,5.64403,17997.9,,-0.0719515,-0.772427,,0.0622414,17.2449
4.49789,8.36958,,1001.2,10.9612,10602.4,,-0.0514956,-0.80085,,0.0121648,14.5848
4.49877,8.86762,,1001.15,-2.03085,10181.3,,-0.0316894,-0.793015,,-0.0360175,16.5691
5,-0.5,,1033.09,189.407,322817,,0,0,,0,0
4.98914,-0.0662228,,1006.49,50.3439,58463,,-0.214473,-0.356943,,-2.03071,10.016
4.99028,0.480793,,1015.12,101.686,139673,,-0.1796,-0.0917907,,-2.18796,9.30132
4.99044,0.925034,,1014.46,86.841,133348,,-0.176281,-0.502553,,-2.28006,11.6073
4.99039,1.44787,,1011.54,102.779,105473,,-0.174542,-0.188942,,-1.89748,9.68889
4.99061,1.92908,,1013.41,105.165,123250,,-0.171351,-0.556829,,-1.61854,9.65568
4.99075,2.41776,,1011.93,56.9114,109159,,-0.174097,-0.469649,,-1.2879,14.7105
4.9909,2.91968,,1010.48,69.1831,95473.3,,-0.174241,-0.452917,,-0.713014,11.8123
4.99123,3.4075,,1011.35,54.4445,103657,,-0.167551,-0.652468,,-0.275728,12.7356
4.99177,3.90059,,1009.53,26.1191,86556.4,,-0.15841,-0.559022,,-0.255788,15.7196
4.99236,4.39886,,1008.58,62.3044,77714.6,,-0.151988,-0.580531,,-0.446911,12.3869
4.99289,4.89128,,1009.01,45.3614,81760.1,,-0.14901,-0.732581,,-0.493441,15.119
4.9934,5.38516,,1007.49,-4.98699,67604.4,,-0.145169,-0.686469,,-0.31113,21.4325
4.99406,5.88288,,1005.78,23.8064,51927.7,,-0.135848,-0.644259,,-0.0646849,19.3939
4.99486,6.37918,,1005.4,51.8895,48413.5,,-0.121415,-0.743399,,0.0672556,16.0866
4.99571,6.87514,,1004.62,11.989,41396.6,,-0.104919,-0.783544,,0.0747179,18.6074
4.99658,7.37299,,1003.15,-14.6417,28061.1,,-0.0865176,-0.73989,,0.0922519,20.3065
4.99744,7.87136,,1002,-1.85618,17787.2,,-0.066082,-0.751119,,0.17877,17.2503
4.99824,8.3706,,1001.19,4.32775,10512.7,,-0.0461121,-0.775253,,0.227708,14.5386
4.99897,8.86884,,1001.11,-9.42286,9811.16,,-0.0275318,-0.759551,,0.174207,16.2501
5.5,-0.5,,1033.47,184.033,326861,,0,0,,0,0
5.49049,-0.0667351,,1006.73,47.6394,60630.6,,-0.225492,-0.359134,,-2.708,9.35413
5.49119,0.48115,,1015.62,106.242,144571,,-0.206486,-0.0879114,,-2.84211,8.69232
5.49122,0.924904,,1015.06,90.3011,139137,,-0.207579,-0.503513,,-2.96279,11.8262
5.49114,1.44796,,1012.03,103.42,110090,,-0.203897,-0.182123,,-2.55214,10.1837
5.49133,1.92928,,1013.8,106.824,127019,,-0.192731,-0.550433,,-2.0749,10.115
5.49158,2.41794,,1012.22,58.0431,111950,,-0.182276,-0.464245,,-1.68044,15.2886
5.49191,2.91998,,1010.61,69.7125,96693.1,,-0.170703,-0.443772,,-1.24772,12.3894
5.49234,3.40797,,1011.4,57.7096,104175,,-0.15999,-0.642348,,-1.02076,12.9192
5.49284,3.90116,,1009.62,31.858,87470.3,,-0.153345,-0.552207,,-1.0886,15.5679
5.49333,4.39938,,1008.72,66.1807,78992.1,,-0.149155,-0.57639,,-1.14285,12.345
5.49381,4.89175,,1009.09,44.5041,82512.1,,-0.142829,-0.727336,,-0.914082,15.3829
5.49431,5.38569,,1007.47,-9.36216,67474,,-0.132884,-0.677937,,-0.524369,21.7722
5.49486,5.88354,,1005.73,18.8439,51477.4,,-0.121479,-0.632851,,-0.25309,19.5713
5.49549,6.37994,,1005.37,47.2017,48213.6,,-0.110072,-0.730081,,-0.170192,16.1098
5.49618,6.87594,,1004.63,6.8094,41484.6,,-0.0972157,-0.767589,,-0.144282,18.6263
5.49694,7.37383,,1003.16,-20.2311,28155.8,,-0.0803733,-0.720206,,-0.0524773,20.4085
5.49773,7.87222,,1001.98,-6.95819,17627.6,,-0.0600932,-0.728858,,0.081558,17.3493
5.49847,8.37158,,1001.15,0.473635,10189.3,,-0.0402307,-0.749192,,0.136542,14.4463
5.49912,8.86989,,1001.06,-9.85061,9384.57,,-0.0228838,-0.735431,,0.0823619,15.8642
6,-0.5,,1033.75,174.963,329951,,0,0,,0,0
5.9919,-0.0675338,,1006.61,31.4011,59521.9,,-0.199318,-0.362502,,-1.79438,10.0371
5.99235,0.481269,,1015.59,86.471,144275,,-0.177798,-0.0853479,,-1.16373,8.67767
5.99232,0.924745,,1015.06,67.1777,139089,,-0.176706,-0.505303,,-1.06305,11.9477
5.99224,1.44804,,1011.95,80.2348,109398,,-0.174502,-0.173332,,-0.876187,10.5667
5.99244,1.92955,,1013.72,90.1914,126241,,-0.165484,-0.539203,,-0.789875,10.2783
5.99272,2.41826,,1012.2,48.8656,111772,,-0.158875,-0.454836,,-0.98951,15.3526
5.99304,2.92035,,1010.63,66.097,96885.7,,-0.153785,-0.434954,,-1.17232,12.4791
5.99338,3.40839,,1011.46,57.4314,104772,,-0.149851,-0.636351,,-1.24695,12.8932
5.99372,3.9016,,1009.74,31.3023,88526.9,,-0.14745,-0.549029,,-1.25777,15.5053
5.9941,4.39983,,1008.84,62.6473,80141.3,,-0.1441,-0.571569,,-1.15704,12.4782
5.99455,4.89225,,1009.18,39.5461,83304.7,,-0.136515,-0.717442,,-0.952952,15.7096
5.99508,5.38624,,1007.51,-12.7458,67862,,-0.124923,-0.665163,,-0.771538,22.0493
5.99565,5.88412,,1005.75,17.3399,51683.4,,-0.112335,-0.620789,,-0.68442,19.6868
5.99621,6.38054,,1005.38,45.2834,48307.3,,-0.100284,-0.718383,,-0.627645,16.1659
5.99679,6.8766,,1004.63,3.44183,41446.7,,-0.087205,-0.753182,,-0.52298,18.7286
5.99742,7.37456,,1003.14,-23.6674,28023.3,,-0.0710291,-0.701727,,-0.372607,20.5517
5.9981,7.87298,,1001.96,-9.02335,17427.5,,-0.0526504,-0.708346,,-0.243755,17.4353
5.99874,8.37242,,1001.13,0.310517,10017,,-0.0353178,-0.728159,,-0.193709,14.3909
5.99929,8.87069,,1001.09,-7.89253,9619.01,,-0.0204504,-0.714942,,-0.179731,16.0014
6.5,-0.5,,1034.05,171.916,333086,,0,0,,0,0
6.49347,-0.0681602,,1006.52,29.6646,58709.5,,-0.169124,-0.355041,,-2.02009,11.0606
6.49386,0.48139,,1015.5,85.4187,143392,,-0.145321,-0.0755582,,-1.36672,8.99906
6.49385,0.924595,,1014.98,66.0772,138400,,-0.142215,-0.506895,,-1.28201,12.022
6.49375,1.44807,,1011.85,78.0972,108457,,-0.142698,-0.168708,,-1.18406,10.7035
6.49384,1.92976,,1013.64,90.2272,125508,,-0.139742,-0.534286,,-1.16358,10.1257
6.49398,2.4185,,1012.22,50.4099,111920,,-0.139459,-0.453179,,-1.33146,15.0768
6.49415,2.9206,,1010.7,66.3032,97536.5,,-0.140073,-0.433476,,-1.42941,12.3756
6.49435,3.40867,,1011.54,55.4095,105435,,-0.138614,-0.634019,,-1.32302,12.9596
6.4946,3.90191,,1009.78,26.7181,88955.7,,-0.134806,-0.545819,,-1.10449,15.6487
6.49492,4.4002,,1008.86,55.9426,80306.6,,-0.129615,-0.566247,,-0.904096,12.6471
6.4953,4.89271,,1009.19,32.9134,83431,,-0.12325,-0.708776,,-0.809907,15.8239
6.49576,5.38678,,1007.56,-17.3283,68272.2,,-0.115573,-0.65434,,-0.844418,22.0569
6.49625,5.88467,,1005.83,14.3328,52412.4,,-0.10647,-0.609478,,-0.920136,19.6704
6.49677,6.38108,,1005.46,42.0639,49042.7,,-0.0955459,-0.70607,,-0.919498,16.2339
6.4973,6.87718,,1004.69,-0.182235,41981.1,,-0.0821729,-0.738303,,-0.818848,18.8764
6.49787,7.37519,,1003.19,-26.5528,28404,,-0.0662351,-0.684304,,-0.669213,20.7079
6.49844,7.87362,,1002,-10.7998,17724.9,,-0.0493497,-0.690275,,-0.524891,17.5491
6.49896,8.37308,,1001.17,-0.444455,10355,,-0.0338477,-0.709138,,-0.409613,14.545
6.49941,8.87137,,1001.13,-9.635,10032.9,,-0.0201189,-0.692062,,-0.290658,16.3816
7,-0.5,,1034.4,172.708,336883,,0,0,,0,0
6.9947,-0.0687075,,1006.61,32.5932,59546.3,,-0.154107,-0.353628,,-2.70707,11.413
6.99496,0.481499,,1015.66,94.0115,144942,,-0.13693,-0.0670391,,-2.33552,9.07698
6.99494,0.924463,,1015.2,76.4082,140519,,-0.135573,-0.508748,,-2.34874,12.0617
6.99481,1.44803,,1012.05,85.8413,110304,,-0.137293,-0.167803,,-2.21193,10.8633
6.99482,1.92984,,1013.8,96.1081,127041,,-0.135417,-0.532641,,-1.97354,10.1936
6.99489,2.41861,,1012.38,53.7902,113478,,-0.13392,-0.453356,,-1.79822,15.0847
6.995,2.92075,,1010.83,65.743,98813.5,,-0.132212,-0.432417,,-1.60432,12.5164
6.99518,3.40888,,1011.62,52.6232,106232,,-0.128247,-0.629686,,-1.3585,13.2164
6.99543,3.9022,,1009.83,23.8402,89371.2,,-0.12198,-0.539731,,-1.14084,15.8739
6.99573,4.40053,,1008.88,53.3866,80532.2,,-0.115497,-0.56028,,-1.01575,12.7721
6.99606,4.89308,,1009.21,30.0119,83624.1,,-0.109788,-0.702691,,-0.967054,15.8412
6.99641,5.3872,,1007.59,-21.0866,68599,,-0.104049,-0.647314,,-0.959529,22.0014
6.99679,5.88513,,1005.89,9.37443,52917.5,,-0.0970304,-0.600746,,-0.952021,19.6386
6.99722,6.38157,,1005.53,36.0813,49598.9,,-0.0877825,-0.694779,,-0.904446,16.2916
6.99768,6.87769,,1004.75,-6.06457,42514.5,,-0.0759103,-0.724112,,-0.814605,18.9998
6.99817,7.37573,,1003.24,-31.3408,28911.9,,-0.0616014,-0.668116,,-0.689986,20.8555
6.99866,7.87416,,1002.04,-14.7081,18131.7,,-0.0462088,-0.673423,,-0.534978,17.7084
6.9991,8.37365,,1001.2,-3.83341,10639.1,,-0.0316266,-0.689722,,-0.374787,14.7634
6.99949,8.87198,,1001.14,-13.0511,10115.3,,-0.0184605,-0.670381,,-0.226516,16.5867
7.5,-0.5,,1034.74,172.842,340564,,0,0,,0,0
7.49567,-0.0692917,,1006.69,28.8403,60308.2,,-0.138053,-0.360062,,-2.66989,11.6117
7.49579,0.481521,,1015.81,92.8345,146396,,-0.126385,-0.0627952,,-2.23837,9.10748
7.49573,0.92433,,1015.4,75.6604,142456,,-0.126176,-0.511206,,-2.20028,12.092
7.49561,1.44796,,1012.22,82.8097,111949,,-0.127875,-0.167321,,-2.05397,11.1187
7.4956,1.92988,,1013.92,92.2738,128175,,-0.125263,-0.529545,,-1.77046,10.4724
7.49567,2.41871,,1012.48,50.0778,114441,,-0.12189,-0.450745,,-1.55812,15.2826
7.49578,2.92089,,1010.91,61.5828,99543.9,,-0.118663,-0.429184,,-1.40974,12.7149
7.49595,3.40909,,1011.68,49.0601,106771,,-0.114866,-0.624372,,-1.30501,13.3896
7.49618,3.90247,,1009.89,22.1704,89956.7,,-0.110102,-0.533549,,-1.27136,15.955
7.49644,4.40083,,1008.96,52.9459,81256.5,,-0.105152,-0.554726,,-1.2849,12.8035
7.49672,4.89339,,1009.29,29.0495,84316.4,,-0.0999248,-0.697055,,-1.26031,15.8925
7.49701,5.38754,,1007.65,-23.494,69126.4,,-0.0934859,-0.640599,,-1.16776,22.0707
7.49734,5.8855,,1005.93,5.50047,53288.6,,-0.085563,-0.592536,,-1.04516,19.7178
7.49769,6.38197,,1005.55,31.2439,49858.5,,-0.0763125,-0.684625,,-0.924413,16.3885
7.49807,6.87813,,1004.77,-10.9358,42738.4,,-0.0655951,-0.711688,,-0.807303,19.1158
7.49847,7.37619,,1003.27,-35.5408,29131.3,,-0.0531449,-0.653857,,-0.670352,21.0008
7.49888,7.87462,,1002.06,-18.2581,18265.9,,-0.0396591,-0.658234,,-0.502753,17.8779
7.49925,8.37415,,1001.2,-6.61444,10658.3,,-0.0267312,-0.672705,,-0.337313,14.9222
7.49958,8.87248,,1001.14,-14.3427,10109.9,,-0.0152488,-0.653342,,-0.20022,16.7155
8,-0.5,,1035.04,173.569,343808,,0,0,,0,0
7.99655,-0.069843,,1006.73,24.0388,60627.6,,-0.116384,-0.366993,,-2.35575,12.0035
7.9966,0.48149,,1015.86,88.2626,146878,,-0.106629,-0.0593592,,-1.80272,9.31219
7.99653,0.924204,,1015.48,71.2469,143192,,-0.106138,-0.513536,,-1.69687,12.1361
7.99642,1.44789,,1012.28,77.2075,112541,,-0.107992,-0.166975,,-1.60708,11.3288
7.99641,1.92992,,1013.95,87.1438,128470,,-0.106472,-0.526338,,-1.4416,10.6848
7.99646,2.4188,,1012.53,46.7733,114828,,-0.104255,-0.447899,,-1.35889,15.3814
7.99656,2.92101,,1010.96,59.1251,100030,,-0.102528,-0.426778,,-1.34442,12.769
7.99668,3.40926,,1011.73,46.839,107305,,-0.100813,-0.621175,,-1.3427,13.4104
7.99684,3.9027,,1009.96,20.2869,90640.1,,-0.0982931,-0.529691,,-1.35855,15.9228
7.99705,4.40107,,1009.05,50.9172,82104.2,,-0.095009,-0.550498,,-1.38462,12.7846
7.99728,4.89366,,1009.38,26.4455,85154.5,,-0.0904558,-0.691314,,-1.36579,15.9575
7.99754,5.38783,,1007.73,-26.2433,69837.1,,-0.0839047,-0.63295,,-1.28958,22.1874
7.99783,5.88582,,1005.99,3.08579,53880.5,,-0.0757026,-0.583705,,-1.19143,19.8368
7.99813,6.3823,,1005.61,29.09,50346.2,,-0.0665962,-0.674835,,-1.08841,16.5079
7.99845,6.87849,,1004.82,-12.8464,43143.2,,-0.0566206,-0.700542,,-0.96557,19.253
7.99878,7.37656,,1003.3,-37.0673,29458.9,,-0.0454461,-0.641372,,-0.802269,21.1706
7.99911,7.87499,,1002.08,-19.4369,18474.8,,-0.0336341,-0.645121,,-0.607687,18.0672
7.99941,8.37455,,1001.22,-7.2185,10782.7,,-0.0225442,-0.658709,,-0.421618,15.1157
7.99967,8.87287,,1001.16,-14.1806,10282.1,,-0.0128619,-0.639008,,-0.259936,16.9731
8.5,-0.5,,1035.31,176.219,346803,,0,0,,0,0
8.49732,-0.0703107,,1006.78,22.5408,61133.1,,-0.0964007,-0.373381,,-2.23192,12.3476
8.49733,0.481447,,1015.92,87.9232,147442,,-0.088855,-0.0560084,,-1.74338,9.56488
8.49727,0.924095,,1015.56,71.8694,143977,,-0.0885194,-0.515586,,-1.6494,12.1728
8.49717,1.44782,,1012.37,77.0031,113315,,-0.0908691,-0.167766,,-1.6132,11.4371
8.49714,1.92993,,1014.02,86.6684,129072,,-0.0909491,-0.524867,,-1.51962,10.7907
8.49717,2.41887,,1012.6,47.0029,115554,,-0.0901886,-0.446569,,-1.47103,15.3993
8.49723,2.9211,,1011.05,59.0026,100846,,-0.0894926,-0.425879,,-1.4572,12.7709
8.49731,3.40938,,1011.81,45.547,108065,,-0.0883959,-0.619409,,-1.42043,13.4339
8.49743,3.90286,,1010.04,17.9291,91345.9,,-0.0860972,-0.526909,,-1.36716,15.9314
8.49759,4.40127,,1009.12,47.6209,82802,,-0.0829127,-0.54694,,-1.33092,12.7932
8.49778,4.89388,,1009.45,22.6043,85820.8,,-0.0787747,-0.686075,,-1.29968,16.0034
8.49799,5.38809,,1007.8,-29.6801,70492.4,,-0.0731767,-0.625852,,-1.26387,22.2507
8.49823,5.88609,,1006.07,0.619118,54574.2,,-0.0662881,-0.57557,,-1.22663,19.9021
8.49849,6.38259,,1005.68,27.3119,51045.9,,-0.058531,-0.665921,,-1.16909,16.6009
8.49875,6.87878,,1004.89,-14.1897,43791.7,,-0.0498113,-0.690489,,-1.06161,19.3972
8.49902,7.37686,,1003.36,-37.9873,30009.8,,-0.0399264,-0.630281,,-0.891714,21.3636
8.49929,7.87529,,1002.12,-20.0721,18878.7,,-0.0295414,-0.633635,,-0.682115,18.2878
8.49953,8.37486,,1001.25,-7.5893,11064.3,,-0.0198589,-0.646222,,-0.475047,15.3811
8.49973,8.87319,,1001.19,-14.535,10506.7,,-0.0113789,-0.625724,,-0.28705,17.2998
9,-0.5,,1035.56,179.664,349527,,0,0,,0,0
8.99795,-0.0707081,,1006.86,21.9412,61847.4,,-0.0795459,-0.380835,,-2.10009,12.5186
8.99793,0.481394,,1016.01,88.7572,148297,,-0.0748877,-0.0539857,,-1.72493,9.75629
8.99787,0.924,,1015.67,73.734,145052,,-0.0751605,-0.517655,,-1.65536,12.1911
8.99777,1.44774,,1012.48,77.9141,114404,,-0.0776668,-0.169468,,-1.63424,11.5002
8.99773,1.92992,,1014.11,86.4688,129969,,-0.0783685,-0.524567,,-1.54599,10.882
8.99774,2.41891,,1012.7,46.6034,116456,,-0.077951,-0.445869,,-1.47314,15.4381
8.99779,2.92116,,1011.14,57.9425,101739,,-0.0771815,-0.42515,,-1.42799,12.8067
8.99786,3.40948,,1011.89,43.5749,108840,,-0.0758099,-0.617495,,-1.37092,13.5049
8.99796,3.903,,1010.11,15.4925,92011,,-0.0732005,-0.523855,,-1.30329,15.9921
8.99809,4.40142,,1009.19,44.9322,83421.2,,-0.0698713,-0.543388,,-1.25728,12.8295
8.99824,4.89406,,1009.51,19.6893,86401.7,,-0.0660659,-0.681523,,-1.22563,16.0389
8.99841,5.3883,,1007.86,-32.4588,71066.8,,-0.0613952,-0.62007,,-1.19327,22.2822
8.9986,5.88631,,1006.14,-1.81491,55183.9,,-0.055832,-0.56896,,-1.15582,19.9385
8.9988,6.38282,,1005.75,25.0362,51660.7,,-0.0495082,-0.658462,,-1.09411,16.6791
8.999,6.87902,,1004.95,-16.2719,44362.7,,-0.042236,-0.681844,,-0.984556,19.5379
8.99922,7.37711,,1003.42,-39.6717,30496.9,,-0.0338863,-0.620669,,-0.820098,21.5572
8.99943,7.87553,,1002.16,-21.4043,19234.4,,-0.0250824,-0.623656,,-0.621527,18.5101
8.99962,8.37512,,1001.27,-8.61762,11292.2,,-0.0168372,-0.635197,,-0.425497,15.6394
8.99979,8.87345,,1001.2,-15.2802,10651.6,,-0.00959134,-0.614289,,-0.249882,17.5759
9.5,-0.5,,1035.77,182.934,351828,,0,0,,0,0
9.49846,-0.0710435,,1006.93,20.7046,62490.2,,-0.0634195,-0.388702,,-1.8044,12.6104
9.49842,0.481332,,1016.08,88.0537,149033,,-0.0608184,-0.0532614,,-1.49379,9.91445
9.49836,0.923919,,1015.76,73.6348,145941,,-0.0613857,-0.519659,,-1.42646,12.2057
9.49829,1.44767,,1012.58,77.0096,115303,,-0.0636025,-0.171278,,-1.40798,11.555
9.49825,1.92991,,1014.18,84.5375,130684,,-0.0643343,-0.524528,,-1.33184,10.9776
9.49825,2.41894,,1012.77,44.6149,117144,,-0.0639688,-0.44516,,-1.26635,15.4913
9.49829,2.92121,,1011.22,55.8527,102430,,-0.0632332,-0.424281,,-1.2367,12.8414
9.49834,3.40955,,1011.96,41.3249,109484,,-0.06207,-0.61557,,-1.21459,13.5559
9.49843,3.90311,,1010.18,13.5172,92632.7,,-0.05992,-0.520929,,-1.19067,16.0318
9.49853,4.40155,,1009.26,43.2999,84062.3,,-0.0571428,-0.540131,,-1.17798,12.8521
9.49865,4.8942,,1009.58,18.0945,87029.2,,-0.0539278,-0.677595,,-1.15945,16.0724
9.49878,5.38846,,1007.93,-34.0531,71656.9,,-0.0499399,-0.615238,,-1.11773,22.327
9.49893,5.88648,,1006.2,-3.40335,55742.6,,-0.0451848,-0.563477,,-1.05616,19.9962
9.49908,6.383,,1005.81,23.3414,52168.4,,-0.0398343,-0.652257,,-0.971834,16.7721
9.49924,6.87921,,1005,-17.9246,44801.3,,-0.0337892,-0.674655,,-0.853951,19.6785
9.4994,7.3773,,1003.46,-41.0318,30853.6,,-0.026977,-0.612713,,-0.699287,21.7364
9.49956,7.87572,,1002.19,-22.4759,19482.2,,-0.019885,-0.615441,,-0.523776,18.7078
9.49971,8.37532,,1001.29,-9.38059,11441.8,,-0.0132851,-0.626288,,-0.355427,15.8536
9.49984,8.87365,,1001.21,-15.5975,10759.2,,-0.00752078,-0.605285,,-0.207455,17.8017
10,-0.5,,1035.94,185.974,353667,,0,0,,0,0
9.9989,-0.0713101,,1006.99,19.6758,63007,,-0.0477236,-0.395644,,-1.43368,12.6798
9.99885,0.481273,,1016.14,87.0541,149568,,-0.0462565,-0.0531075,,-1.18131,10.0611
9.9988,0.923853,,1015.83,73.0609,146569,,-0.0468156,-0.521356,,-1.12012,12.2221
9.99875,1.44762,,1012.64,75.9982,115959,,-0.0486242,-0.172868,,-1.11254,11.5925
9.99871,1.92989,,1014.24,82.8542,131215,,-0.0493632,-0.52461,,-1.06722,11.0482
9.99872,2.41896,,1012.82,43.0576,117670,,-0.049216,-0.444617,,-1.02959,15.5241
9.99874,2.92124,,1011.28,54.3863,102991,,-0.0487915,-0.423676,,-1.02351,12.8465
9.99878,3.40961,,1012.02,39.7616,110046,,-0.0481069,-0.614207,,-1.02678,13.5665
9.99884,3.90319,,1010.24,12.0995,93209,,-0.0466699,-0.51874,,-1.02645,16.0369
9.99892,4.40165,,1009.33,42.0829,84676.3,,-0.0446662,-0.537572,,-1.02853,12.8553
9.999,4.89431,,1009.64,16.9067,87641,,-0.0421821,-0.674351,,-1.01682,16.1023
9.9991,5.38858,,1007.99,-35.1433,72231.5,,-0.0389474,-0.611147,,-0.977204,22.3823
9.99921,5.88662,,1006.26,-4.31147,56275.9,,-0.0350283,-0.558832,,-0.915767,20.0686
9.99933,6.38313,,1005.86,22.5334,52645,,-0.0306584,-0.647098,,-0.835166,16.8714
9.99944,6.87935,,1005.04,-18.5861,45209,,-0.0258291,-0.668833,,-0.728988,19.8108
9.99956,7.37744,,1003.5,-41.4559,31183.5,,-0.0205101,-0.606404,,-0.594966,21.8948
9.99968,7.87587,,1002.22,-22.7543,19714.8,,-0.0150661,-0.609024,,-0.44607,18.878
9.99979,8.37547,,1001.31,-9.52976,11591.2,,-0.0100507,-0.619417,,-0.303974,16.0412
9.99988,8.8738,,1001.23,-15.5574,10874.4,,-0.00568935,-0.598302,,-0.178126,18.0093
10.5,-0.5,,1036.07,188.666,355057,,0,0,,0,0
10.4993,-0.0715059,,1007.03,19.2848,63436.8,,-0.0331609,-0.401153,,-1.05465,12.7161
10.4992,0.481224,,1016.18,86.7069,150005,,-0.0324365,-0.053196,,-0.879228,10.1763
10.4992,0.923804,,1015.88,73.1012,147069,,-0.0329309,-0.522678,,-0.836873,12.2332
10.4991,1.44757,,1012.7,75.8237,116500,,-0.0343259,-0.174217,,-0.840194,11.6067
10.4991,1.92988,,1014.29,82.1697,131683,,-0.0350254,-0.524856,,-0.819124,11.0879
10.4991,2.41897,,1012.87,42.408,118141,,-0.0350533,-0.444342,,-0.798816,15.539
10.4991,2.92127,,1011.33,53.7016,103487,,-0.0348354,-0.423368,,-0.796797,12.8405
10.4992,3.40965,,1012.07,38.8183,110535,,-0.0344107,-0.613347,,-0.797869,13.5674
10.4992,3.90325,,1010.29,11.0314,93690.5,,-0.0334175,-0.517221,,-0.792307,16.038
10.4993,4.40172,,1009.38,40.9842,85168.9,,-0.0319871,-0.535699,,-0.787343,12.8579
10.4993,4.89439,,1009.69,15.7739,88125.1,,-0.0301911,-0.671877,,-0.774551,16.1273
10.4994,5.38867,,1008.04,-36.1315,72691.5,,-0.0278469,-0.607969,,-0.744719,22.4283
10.4995,5.88671,,1006.3,-5.01165,56715.6,,-0.025014,-0.555222,,-0.701279,20.1283
10.4995,6.38323,,1005.9,22.0577,53053.2,,-0.0218698,-0.643134,,-0.644015,16.9522
10.4996,6.87945,,1005.08,-18.8632,45570.5,,-0.0184107,-0.664426,,-0.56594,19.9186
10.4997,7.37755,,1003.53,-41.5446,31482.7,,-0.0146157,-0.601691,,-0.464409,22.0239
10.4998,7.87597,,1002.24,-22.7812,19931.7,,-0.0107438,-0.604259,,-0.349592,19.0183
10.4999,8.37558,,1001.32,-9.54573,11733.6,,-0.00717734,-0.614275,,-0.238366,16.2017
10.4999,8.87391,,1001.24,-15.5486,10974.5,,-0.00406705,-0.593029,,-0.138863,18.1851
11,-0.5,,1036.15,190.643,355993,,0,0,,0,0
10.9996,-0.0716346,,1007.07,19.1516,63754.4,,-0.0195989,-0.405064,,-0.653064,12.7222
10.9996,0.48119,,1016.22,86.6117,150335,,-0.0193527,-0.0534212,,-0.554638,10.2483
10.9995,0.923771,,1015.92,73.2606,147443,,-0.0197231,-0.523621,,-0.531852,12.2371
10.9995,1.44755,,1012.74,75.8271,116906,,-0.0206236,-0.175236,,-0.537314,11.6083
10.9995,1.92987,,1014.33,81.7628,132043,,-0.0211186,-0.525137,,-0.527348,11.1094
10.9995,2.41898,,1012.91,41.9541,118497,,-0.0211726,-0.44421,,-0.514781,15.5489
10.9995,2.92128,,1011.37,53.1916,103853,,-0.0210297,-0.423171,,-0.510448,12.8395
10.9995,3.40968,,1012.11,38.1274,110888,,-0.020729,-0.612749,,-0.506178,13.5743
10.9995,3.90329,,1010.32,10.2614,94026.6,,-0.020064,-0.51616,,-0.496503,16.0466
10.9996,4.40176,,1009.41,40.2108,85502.1,,-0.0191367,-0.534402,,-0.487557,12.8659
10.9996,4.89444,,1009.73,14.9945,88447.5,,-0.0180171,-0.6702,,-0.476259,16.1468
10.9996,5.38873,,1008.07,-36.8107,72997.9,,-0.0166065,-0.60585,,-0.457399,22.4586
10.9997,5.88677,,1006.34,-5.51281,57011.3,,-0.0149335,-0.552833,,-0.432134,20.1664
10.9997,6.38329,,1005.93,21.68,53330.9,,-0.0130859,-0.640514,,-0.398712,17.0055
10.9998,6.87952,,1005.11,-19.1366,45817.9,,-0.0110437,-0.661506,,-0.351581,19.9924
10.9998,7.37761,,1003.55,-41.7134,31687.2,,-0.00878659,-0.598561,,-0.288745,22.1147
10.9999,7.87603,,1002.26,-22.9151,20078.5,,-0.00646929,-0.601085,,-0.216774,19.1181
10.9999,8.37565,,1001.33,-9.6641,11827.3,,-0.00432261,-0.610824,,-0.146717,16.3147
11,8.87397,,1001.25,-15.6133,11036.5,,-0.0024443,-0.589516,,-0.0844564,18.3041
11.5,-0.5,,1036.2,191.66,356462,,0,0,,0,0
11.4999,-0.0716987,,1007.09,19.0535,63919.2,,-0.00649635,-0.40712,,-0.221604,12.7188
11.4999,0.481172,,1016.23,86.4927,150507,,-0.00645432,-0.0536093,,-0.190204,10.2817
11.4998,0.923754,,1015.94,73.2394,147636,,-0.00659462,-0.524123,,-0.183063,12.2378
11.4998,1.44753,,1012.77,75.7043,117114,,-0.00690634,-0.175784,,-0.18519,11.6077
11.4998,1.92986,,1014.34,81.4078,132226,,-0.00708123,-0.525305,,-0.181842,11.1201
11.4998,2.41898,,1012.93,41.5668,118676,,-0.00710033,-0.444141,,-0.177168,15.5553
11.4998,2.92129,,1011.39,52.8037,104036,,-0.00704276,-0.423045,,-0.17491,12.8415
11.4998,3.40969,,1012.13,37.7033,111065,,-0.00692536,-0.612406,,-0.172558,13.5809
11.4998,3.90331,,1010.34,9.86436,94196.7,,-0.00668244,-0.51558,,-0.168315,16.0544
11.4999,4.40179,,1009.43,39.8722,85671.7,,-0.00635364,-0.533715,,-0.164386,12.8725
11.4999,4.89446,,1009.75,14.6834,88611.7,,-0.00596882,-0.669347,,-0.159978,16.1578
11.4999,5.38875,,1008.09,-37.078,73152.7,,-0.0054973,-0.6048,,-0.153345,22.4739
11.4999,5.8868,,1006.35,-5.72662,57158.2,,-0.00494669,-0.551663,,-0.144761,20.1852
11.4999,6.38332,,1005.95,21.4827,53465.8,,-0.00434114,-0.639229,,-0.133463,17.0322
11.4999,6.87955,,1005.12,-19.3185,45935.2,,-0.00366951,-0.660065,,-0.117481,20.0301
11.4999,7.37765,,1003.56,-41.8622,31781.7,,-0.00292298,-0.597005,,-0.096163,22.1613
11.5,7.87606,,1002.27,-23.0457,20144.1,,-0.00215282,-0.5995,,-0.0717947,19.1692
11.5,8.37568,,1001.34,-9.76798,11867.5,,-0.00143688,-0.60911,,-0.0482134,16.3705
11.5,8.87401,,1001.25,-15.6514,11063.6,,-0.000810216,-0.587792,,-0.0275138,18.3613
12,-0.5,,1036.2,191.66,356462,,0,0,,0,0
12.0001,-0.0716987,,1007.09,19.0535,63919.2,,0.00649635,-0.40712,,0.221604,12.7188
12.0001,0.481172,,1016.23,86.4927,150507,,0.00645432,-0.0536093,,0.190204,10.2817
12.0002,0.923754,,1015.94,73.2394,147636,,0.00659462,-0.524123,,0.183063,12.2378
12.0002,1.44753,,1012.77,75.7043,117114,,0.00690634,-0.175784,,0.18519,11.6077
12.0002,1.92986,,1014.34,81.4078,132226,,0.00708123,-0.525305,,0.181842,11.1201
12.0002,2.41898,,1012.93,41.5668,118676,,0.00710033,-0.444141,,0.177168,15.5553
12.0002,2.92129,,1011.39,52.8037,104036,,0.00704276,-0.423045,,0.17491,12.8415
12.0002,3.40969,,1012.13,37.7033,111065,,0.00692536,-0.612406,,0.172558,13.5809
12.0002,3.90331,,1010.34,9.86436,94196.7,,0.00668244,-0.51558,,0.168315,16.0544
12.0001,4.40179,,1009.43,39.8722,85671.7,,0.00635364,-0.533715,,0.164386,12.8725
12.0001,4.89446,,1009.75,14.6834,88611.7,,0.00596882,-0.669347,,0.159978,16.1578
12.0001,5.38875,,1008.09,-37.078,73152.7,,0.0054973,-0.6048,,0.153345,22.4739
12.0001,5.8868,,1006.35,-5.72662,57158.2,,0.00494669,-0.551663,,0.144761,20.1852
12.0001,6.38332,,1005.95,21.4827,53465.8,,0.00434114,-0.639229,,0.133463,17.0322
12.0001,6.87955,,1005.12,-19.3185,45935.2,,0.00366951,-0.660065,,0.117481,20.0301
12.0001,7.37765,,1003.56,-41.8622,31781.7,,0.00292298,-0.597005,,0.096163,22.1613
12,7.87606,,1002.27,-23.0457,20144.1,,0.00215282,-0.5995,,0.0717947,19.1692
12,8.37568,,1001.34,-9.76798,11867.5,,0.00143688,-0.60911,,0.0482134,16.3705
12,8.87401,,1001.25,-15.6514,11063.6,,0.000810216,-0.587792,,0.0275138,18.3613
12.5,-0.5,,1036.15,190.643,355993,,0,0,,0,0
12.5004,-0.0716346,,1007.07,19.1516,63754.4,,0.0195989,-0.405064,,0.653064,12.7222
12.5004,0.48119,,1016.22,86.6117,150335,,0.0193527,-0.0534212,,0.554638,10.2483
12.5005,0.923771,,1015.92,73.2606,147443,,0.0197231,-0.523621,,0.531852,12.2371
12.5005,1.44755,,1012.74,75.8271,116906,,0.0206236,-0.175236,,0.537314,11.6083
12.5005,1.92987,,1014.33,81.7628,132043,,0.0211186,-0.525137,,0.527348,11.1094
12.5005,2.41898,,1012.91,41.9541,118497,,0.0211726,-0.44421,,0.514781,15.5489
12.5005,2.92128,,1011.37,53.1916,103853,,0.0210297,-0.423171,,0.510448,12.8395
12.5005,3.40968,,1012.11,38.1274,110888,,0.020729,-0.612749,,0.506178,13.5743
12.5005,3.90329,,1010.32,10.2614,94026.6,,0.020064,-0.51616,,0.496503,16.0466
12.5004,4.40176,,1009.41,40.2108,85502.1,,0.0191367,-0.534402,,0.487557,12.8659
12.5004,4.89444,,1009.73,14.9945,88447.5,,0.0180171,-0.6702,,0.476259,16.1468
12.5004,5.38873,,1008.07,-36.8107,72997.9,,0.0166065,-0.60585,,0.457399,22.4586
12.5003,5.88677,,1006.34,-5.51281,57011.3,,0.0149335,-0.552833,,0.432134,20.1664
12.5003,6.38329,,1005.93,21.68,53330.9,,0.0130859,-0.640514,,0.398712,17.0055
12.5002,6.87952,,1005.11,-19.1366,45817.9,,0.0110437,-0.661506,,0.351581,19.9924
12.5002,7.37761,,1003.55,-41.7134,31687.2,,0.00878659,-0.598561,,0.288745,22.1147
12.5001,7.87603,,1002.26,-22.9151,20078.5,,0.00646929,-0.601085,,0.216774,19.1181
12.5001,8.37565,,1001.33,-9.6641,11827.3,,0.00432261,-0.610824,,0.146717,16.3147
12.5,8.87397,,1001.25,-15.6133,11036.5,,0.0024443,-0.589516,,0.0844564,18.3041
13,-0.5,,1036.07,188.666,355057,,0,0,,0,0
13.0007,-0.0715059,,1007.03,19.2848,63436.8,,0.0331609,-0.401153,,1.05465,12.7161
13.0008,0.481224,,1016.18,86.7069,150005,,0.0324365,-0.053196,,0.879228,10.1763
13.0008,0.923804,,1015.88,73.1012,147069,,0.0329309,-0.522678,,0.836873,12.2332
13.0009,1.44757,,1012.7,75.8237,116500,,0.0343259,-0.174217,,0.840194,11.6067
13.0009,1.92988,,1014.29,82.1697,131683,,0.0350254,-0.524856,,0.819124,11.0879
13.0009,2.41897,,1012.87,42.408,118141,,0.0350533,-0.444342,,0.798816,15.539
13.0009,2.92127,,1011.33,53.7016,103487,,0.0348354,-0.423368,,0.796797,12.8405
13.0008,3.40965,,1012.07,38.8183,110535,,0.0344107,-0.613347,,0.797869,13.5674
13.0008,3.90325,,1010.29,11.0314,93690.5,,0.0334175,-0.517221,,0.792307,16.038
13.0007,4.40172,,1009.38,40.9842,85168.9,,0.0319871,-0.535699,,0.787343,12.8579
13.0007,4.89439,,1009.69,15.7739,88125.1,,0.0301911,-0.671877,,0.774551,16.1273
13.0006,5.38867,,1008.04,-36.1315,72691.5,,0.0278469,-0.607969,,0.744719,22.4283
13.0005,5.88671,,1006.3,-5.01165,56715.6,,0.025014,-0.555222,,0.701279,20.1283
13.0005,6.38323,,1005.9,22.0577,53053.2,,0.0218698,-0.643134,,0.644015,16.9522
13.0004,6.87945,,1005.08,-18.8632,45570.5,,0.0184107,-0.664426,,0.56594,19.9186
13.0003,7.37755,,1003.53,-41.5446,31482.7,,0.0146157,-0.601691,,0.464409,22.0239
13.0002,7.87597,,1002.24,-22.7812,19931.7,,0.0107438,-0.604259,,0.349592,19.0183
13.0001,8.37558,,1001.32,-9.54573,11733.6,,0.00717734,-0.614275,,0.238366,16.2017
13.0001,8.87391,,1001.24,-15.5486,10974.5,,0.00406705,-0.593029,,0.138863,18.1851
13.5,-0.5,,1035.94,185.974,353667,,0,0,,0,0
13.5011,-0.0713101,,1006.99,19.6758,63007,,0.0477236,-0.395644,,1.43368,12.6798
13.5011,0.481273,,1016.14,87.0541,149568,,0.0462565,-0.0531075,,1.18131,10.0611
13.5012,0.923853,,1015.83,73.0609,146569,,0.0468156,-0.521356,,1.12012,12.2221
13.5013,1.44762,,1012.64,75.9982,115959,,0.0486242,-0.172868,,1.11254,11.5925
13.5013,1.92989,,1014.24,82.8542,131215,,0.0493632,-0.52461,,1.06722,11.0482
13.5013,2.41896,,1012.82,43.0576,117670,,0.049216,-0.444617,,1.02959,15.5241
13.5013,2.92124,,1011.28,54.3863,102991,,0.0487915,-0.423676,,1.02351,12.8465
13.5012,3.40961,,1012.02,39.7616,110046,,0.0481069,-0.614207,,1.02678,13.5665
13.5012,3.90319,,1010.24,12.0995,93209,,0.0466699,-0.51874,,1.02645,16.0369
13.5011,4.40165,,1009.33,42.0829,84676.3,,0.0446662,-0.537572,,1.02853,12.8553
13.501,4.89431,,1009.64,16.9067,87641,,0.0421821,-0.674351,,1.01682,16.1023
13.5009,5.38858,,1007.99,-35.1433,72231.5,,0.0389474,-0.611147,,0.977204,22.3823
13.5008,5.88662,,1006.26,-4.31147,56275.9,,0.0350283,-0.558832,,0.915767,20.0686
13.5007,6.38313,,1005.86,22.5334,52645,,0.0306584,-0.647098,,0.835166,16.8714
13.5006,6.87935,,1005.04,-18.5861,45209,,0.0258291,-0.668833,,0.728988,19.8108
13.5004,7.37744,,1003.5,-41.4559,31183.5,,0.0205101,-0.606404,,0.594966,21.8948
13.5003,7.87587,,1002.22,-22.7543,19714.8,,0.0150661,-0.609024,,0.44607,18.878
13.5002,8.37547,,1001.31,-9.52976,11591.2,,0.0100507,-0.619417,,0.303974,16.0412
13.5001,8.8738,,1001.23,-15.5574,10874.4,,0.00568935,-0.598302,,0.178126,18.0093
14,-0.5,,1035.77,182.934,351828,,0,0,,0,0
14.0015,-0.0710435,,1006.93,20.7046,62490.2,,0.0634195,-0.388702,,1.8044,12.6104
14.0016,0.481332,,1016.08,88.0537,149033,,0.0608184,-0.0532614,,1.49379,9.91445
14.0016,0.923919,,1015.76,73.6348,145941,,0.0613857,-0.519659,,1.42646,12.2057
14.0017,1.44767,,1012.58,77.0096,115303,,0.0636025,-0.171278,,1.40798,11.555
14.0018,1.92991,,1014.18,84.5375,130684,,0.0643343,-0.524528,,1.33184,10.9776
14.0017,2.41894,,1012.77,44.6149,117144,,0.0639688,-0.44516,,1.26635,15.4913
14.0017,2.92121,,1011.22,55.8527,102430,,0.0632332,-0.424281,,1.2367,12.8414
14.0017,3.40955,,1011.96,41.3249,109484,,0.06207,-0.61557,,1.21459,13.5559
14.0016,3.90311,,1010.18,13.5172,92632.7,,0.05992,-0.520929,,1.19067,16.0318
14.0015,4.40155,,1009.26,43.2999,84062.3,,0.0571428,-0.540131,,1.17798,12.8521
14.0013,4.8942,,1009.58,18.0945,87029.2,,0.0539278,-0.677595,,1.15945,16.0724
14.0012,5.38846,,1007.93,-34.0531,71656.9,,0.0499399,-0.615238,,1.11773,22.327
14.0011,5.88648,,1006.2,-3.40335,55742.6,,0.0451848,-0.563477,,1.05616,19.9962
14.0009,6.383,,1005.81,23.3414,52168.4,,0.0398343,-0.652257,,0.971834,16.7721
14.0008,6.87921,,1005,-17.9246,44801.3,,0.0337892,-0.674655,,0.853951,19.6785
14.0006,7.3773,,1003.46,-41.0318,30853.6,,0.026977,-0.612713,,0.699287,21.7364
14.0004,7.87572,,1002.19,-22.4759,19482.2,,0.019885,-0.615441,,0.523776,18.7078
14.0003,8.37532,,1001.29,-9.38059,11441.8,,0.0132851,-0.626288,,0.355427,15.8536
14.0002,8.87365,,1001.21,-15.5975,10759.2,,0.00752078,-0.605285,,0.207455,17.8017
14.5,-0.5,,1035.56,179.664,349527,,0,0,,0,0
14.5021,-0.0707081,,1006.86,21.9412,61847.4,,0.0795459,-0.380835,,2.10009,12.5186
14.5021,0.481394,,1016.01,88.7572,148297,,0.0748877,-0.0539857,,1.72493,9.75629
14.5021,0.924,,1015.67,73.734,145052,,0.0751605,-0.517655,,1.65536,12.1911
14.5022,1.44774,,1012.48,77.9141,114404,,0.0776668,-0.169468,,1.63424,11.5002
14.5023,1.92992,,1014.11,86.4688,129969,,0.0783685,-0.524567,,1.54599,10.882
14.5023,2.41891,,1012.7,46.6034,116456,,0.077951,-0.445869,,1.47314,15.4381
14.5022,2.92116,,1011.14,57.9425,101739,,0.0771815,-0.42515,,1.42799,12.8067
14.5021,3.40948,,1011.89,43.5749,108840,,0.0758099,-0.617495,,1.37092,13.5049
14.502,3.903,,1010.11,15.4925,92011,,0.0732005,-0.523855,,1.30329,15.9921
14.5019,4.40142,,1009.19,44.9322,83421.2,,0.0698713,-0.543388,,1.25728,12.8295
14.5018,4.89406,,1009.51,19.6893,86401.7,,0.0660659,-0.681523,,1.22563,16.0389
14.5016,5.3883,,1007.86,-32.4588,71066.8,,0.0613952,-0.62007,,1.19327,22.2822
14.5014,5.88631,,1006.14,-1.81491,55183.9,,0.055832,-0.56896,,1.15582,19.9385
14.5012,6.38282,,1005.75,25.0362,51660.7,,0.0495082,-0.658462,,1.09411,16.6791
14.501,6.87902,,1004.95,-16.2719,44362.7,,0.042236,-0.681844,,0.984556,19.5379
14.5008,7.37711,,1003.42,-39.6717,30496.9,,0.0338863,-0.620669,,0.820098,21.5572
14.5006,7.87553,,1002.16,-21.4043,19234.4,,0.0250824,-0.623656,,0.621527,18.5101
14.5004,8.37512,,1001.27,-8.61762,11292.2,,0.0168372,-0.635197,,0.425497,15.6394
14.5002,8.87345,,1001.2,-15.2802,10651.6,,0.00959134,-0.614289,,0.249882,17.5759
15,-0.5,,1035.31,176.219,346803,,0,0,,0,0
15.0027,-0.0703107,,1006.78,22.5408,61133.1,,0.0964007,-0.373381,,2.23192,12.3476
15.0027,0.481447,,1015.92,87.9232,147442,,0.088855,-0.0560084,,1.74338,9.56488
15.0027,0.924095,,1015.56,71.8694,143977,,0.0885194,-0.515586,,1.6494,12.1728
15.0028,1.44782,,1012.37,77.0031,113315,,0.0908691,-0.167766,,1.6132,11.4371
15.0029,1.92993,,1014.02,86.6684,129072,,0.0909491,-0.524867,,1.51962,10.7907
15.0028,2.41887,,1012.6,47.0029,115554,,0.0901886,-0.446569,,1.47103,15.3993
15.0028,2.9211,,1011.05,59.0026,100846,,0.0894926,-0.425879,,1.4572,12.7709
15.0027,3.40938,,1011.81,45.547,108065,,0.0883959,-0.619409,,1.42043,13.4339
15.0026,3.90286,,1010.04,17.9291,91345.9,,0.0860972,-0.526909,,1.36716,15.9314
15.0024,4.40127,,1009.12,47.6209,82802,,0.0829127,-0.54694,,1.33092,12.7932
15.0022,4.89388,,1009.45,22.6043,85820.8,,0.0787747,-0.686075,,1.29968,16.0034
15.002,5.38809,,1007.8,-29.6801,70492.4,,0.0731767,-0.625852,,1.26387,22.2507
15.0018,5.88609,,1006.07,0.619118,54574.2,,0.0662881,-0.57557,,1.22663,19.9021
15.0015,6.38259,,1005.68,27.3119,51045.9,,0.058531,-0.665921,,1.16909,16.6009
15.0013,6.87878,,1004.89,-14.1897,43791.7,,0.0498113,-0.690489,,1.06161,19.3972
15.001,7.37686,,1003.36,-37.9873,30009.8,,0.0399264,-0.630281,,0.891714,21.3636
15.0007,7.87529,,1002.12,-20.0721,18878.7,,0.0295414,-0.633635,,0.682115,18.2878
15.0005,8.37486,,1001.25,-7.5893,11064.3,,0.0198589,-0.646222,,0.475047,15.3811
15.0003,8.87319,,1001.19,-14.535,10506.7,,0.0113789,-0.625724,,0.28705,17.2998
15.5,-0.5,,1035.04,173.569,343808,,0,0,,0,0
15.5034,-0.069843,,1006.73,24.0388,60627.6,,0.116384,-0.366993,,2.35575,12.0035
15.5034,0.48149,,1015.86,88.2626,146878,,0.106629,-0.0593592,,1.80272,9.31219
15.5035,0.924204,,1015.48,71.2469,143192,,0.106138,-0.513536,,1.69687,12.1361
15.5036,1.44789,,1012.28,77.2075,112541,,0.107992,-0.166975,,1.60708,11.3288
15.5036,1.92992,,1013.95,87.1438,128470,,0.106472,-0.526338,,1.4416,10.6848
15.5035,2.4188,,1012.53,46.7733,114828,,0.104255,-0.447899,,1.35889,15.3814
15.5034,2.92101,,1010.96,59.1251,100030,,0.102528,-0.426778,,1.34442,12.769
15.5033,3.40926,,1011.73,46.839,107305,,0.100813,-0.621175,,1.3427,13.4104
15.5032,3.9027,,1009.96,20.2869,90640.1,,0.0982931,-0.529691,,1.35855,15.9228
15.503,4.40107,,1009.05,50.9172,82104.2,,0.095009,-0.550498,,1.38462,12.7846
15.5027,4.89366,,1009.38,26.4455,85154.5,,0.0904558,-0.691314,,1.36579,15.9575
15.5025,5.38783,,1007.73,-26.2433,69837.1,,0.0839047,-0.63295,,1.28958,22.1874
15.5022,5.88582,,1005.99,3.08579,53880.5,,0.0757026,-0.583705,,1.19143,19.8368
15.5019,6.3823,,1005.61,29.09,50346.2,,0.0665962,-0.674835,,1.08841,16.5079
15.5016,6.87849,,1004.82,-12.8464,43143.2,,0.0566206,-0.700542,,0.96557,19.253
15.5012,7.37656,,1003.3,-37.0673,29458.9,,0.0454461,-0.641372,,0.802269,21.1706
15.5009,7.87499,,1002.08,-19.4369,18474.8,,0.0336341,-0.645121,,0.607687,18.0672
15.5006,8.37455,,1001.22,-7.2185,10782.7,,0.0225442,-0.658709,,0.421618,15.1157
15.5003,8.87287,,1001.16,-14.1806,10282.1,,0.0128619,-0.639008,,0.259936,16.9731
16,-0.5,,1034.74,172.842,340564,,0,0,,0,0
16.0043,-0.0692917,,1006.69,28.8403,60308.2,,0.138053,-0.360062,,2.66989,11.6117
16.0042,0.481521,,1015.81,92.8345,146396,,0.126385,-0.0627952,,2.23837,9.10748
16.0043,0.92433,,1015.4,75.6604,142456,,0.126176,-0.511206,,2.20028,12.092
16.0044,1.44796,,1012.22,82.8097,111949,,0.127875,-0.167321,,2.05397,11.1187
16.0044,1.92988,,1013.92,92.2738,128175,,0.125263,-0.529545,,1.77046,10.4724
16.0043,2.41871,,1012.48,50.0778,114441,,0.12189,-0.450745,,1.55812,15.2826
16.0042,2.92089,,1010.91,61.5828,99543.9,,0.118663,-0.429184,,1.40974,12.7149
16.0041,3.40909,,1011.68,49.0601,106771,,0.114866,-0.624372,,1.30501,13.3896
16.0038,3.90247,,1009.89,22.1704,89956.7,,0.110102,-0.533549,,1.27136,15.955
16.0036,4.40083,,1008.96,52.9459,81256.5,,0.105152,-0.554726,,1.2849,12.8035
16.0033,4.89339,,1009.29,29.0495,84316.4,,0.0999248,-0.697055,,1.26031,15.8925
16.003,5.38754,,1007.65,-23.494,69126.4,,0.0934859,-0.640599,,1.16776,22.0707
16.0027,5.8855,,1005.93,5.50047,53288.6,,0.085563,-0.592536,,1.04516,19.7178
16.0023,6.38197,,1005.55,31.2439,49858.5,,0.0763125,-0.684625,,0.924413,16.3885
16.0019,6.87813,,1004.77,-10.9358,42738.4,,0.0655951,-0.711688,,0.807303,19.1158
16.0015,7.37619,,1003.27,-35.5408,29131.3,,0.0531449,-0.653857,,0.670352,21.0008
16.0011,7.87462,,1002.06,-18.2581,18265.9,,0.0396591,-0.658234,,0.502753,17.8779
16.0007,8.37415,,1001.2,-6.61444,10658.3,,0.0267312,-0.672705,,0.337313,14.9222
16.0004,8.87248,,1001.14,-14.3427,10109.9,,0.0152488,-0.653342,,0.20022,16.7155
16.5,-0.5,,1034.4,172.708,336883,,0,0,,0,0
16.5053,-0.0687075,,1006.61,32.5932,59546.3,,0.154107,-0.353628,,2.70707,11.413
16.505,0.481499,,1015.66,94.0115,144942,,0.13693,-0.0670391,,2.33552,9.07698
16.5051,0.924463,,1015.2,76.4082,140519,,0.135573,-0.508748,,2.34874,12.0617
16.5052,1.44803,,1012.05,85.8413,110304,,0.137293,-0.167803,,2.21193,10.8633
16.5052,1.92984,,1013.8,96.1081,127041,,0.135417,-0.532641,,1.97354,10.1936
16.5051,2.41861,,1012.38,53.7902,113478,,0.13392,-0.453356,,1.79822,15.0847
16.505,2.92075,,1010.83,65.743,98813.5,,0.132212,-0.432417,,1.60432,12.5164
16.5048,3.40888,,1011.62,52.6232,106232,,0.128247,-0.629686,,1.3585,13.2164
16.5046,3.9022,,1009.83,23.8402,89371.2,,0.12198,-0.539731,,1.14084,15.8739
16.5043,4.40053,,1008.88,53.3866,80532.2,,0.115497,-0.56028,,1.01575,12.7721
16.5039,4.89308,,1009.21,30.0119,83624.1,,0.109788,-0.702691,,0.967054,15.8412
16.5036,5.3872,,1007.59,-21.0866,68599,,0.104049,-0.647314,,0.959529,22.0014
16.5032,5.88513,,1005.89,9.37443,52917.5,,0.0970304,-0.600746,,0.952021,19.6386
16.5028,6.38157,,1005.53,36.0813,49598.9,,0.0877825,-0.694779,,0.904446,16.2916
16.5023,6.87769,,1004.75,-6.06457,42514.5,,0.0759103,-0.724112,,0.814605,18.9998
16.5018,7.37573,,1003.24,-31.3408,28911.9,,0.0616014,-0.668116,,0.689986,20.8555
16.5013,7.87416,,1002.04,-14.7081,18131.7,,0.0462088,-0.673423,,0.534978,17.7084
16.5009,8.37365,,1001.2,-3.83341,10639.1,,0.0316266,-0.689722,,0.374787,14.7634
16.5005,8.87198,,1001.14,-13.0511,10115.3,,0.0184605,-0.670381,,0.226516,16.5867
17,-0.5,,1034.05,171.916,333086,,0,0,,0,0
17.0065,-0.0681602,,1006.52,29.6646,58709.5,,0.169124,-0.355041,,2.02009,11.0606
17.0061,0.48139,,1015.5,85.4187,143392,,0.145321,-0.0755582,,1.36672,8.99906
17.0061,0.924595,,1014.98,66.0772,138400,,0.142215,-0.506895,,1.28201,12.022
17.0063,1.44807,,1011.85,78.0972,108457,,0.142698,-0.168708,,1.18406,10.7035
17.0062,1.92976,,1013.64,90.2272,125508,,0.139742,-0.534286,,1.16358,10.1257
17.006,2.4185,,1012.22,50.4099,111920,,0.139459,-0.453179,,1.33146,15.0768
17.0059,2.9206,,1010.7,66.3032,97536.5,,0.140073,-0.433476,,1.42941,12.3756
17.0056,3.40867,,1011.54,55.4095,105435,,0.138614,-0.634019,,1.32302,12.9596
17.0054,3.90191,,1009.78,26.7181,88955.7,,0.134806,-0.545819,,1.10449,15.6487
17.0051,4.4002,,1008.86,55.9426,80306.6,,0.129615,-0.566247,,0.904096,12.6471
17.0047,4.89271,,1009.19,32.9134,83431,,0.12325,-0.708776,,0.809907,15.8239
17.0042,5.38678,,1007.56,-17.3283,68272.2,,0.115573,-0.65434,,0.844418,22.0569
17.0037,5.88467,,1005.83,14.3328,52412.4,,0.10647,-0.609478,,0.920136,19.6704
17.0032,6.38108,,1005.46,42.0639,49042.7,,0.0955459,-0.70607,,0.919498,16.2339
17.0027,6.87718,,1004.69,-0.182235,41981.1,,0.0821729,-0.738303,,0.818848,18.8764
17.0021,7.37519,,1003.19,-26.5528,28404,,0.0662351,-0.684304,,0.669213,20.7079
17.0016,7.87362,,1002,-10.7998,17724.9,,0.0493497,-0.690275,,0.524891,17.5491
17.001,8.37308,,1001.17,-0.444455,10355,,0.0338477,-0.709138,,0.409613,14.545
17.0006,8.87137,,1001.13,-9.635,10032.9,,0.0201189,-0.692062,,0.290658,16.3816
17.5,-0.5,,1033.75,174.963,329951,,0,0,,0,0
17.5081,-0.0675338,,1006.61,31.4011,59521.9,,0.199318,-0.362502,,1.79438,10.0371
17.5076,0.481269,,1015.59,86.471,144275,,0.177798,-0.0853479,,1.16373,8.67767
17.5077,0.924745,,1015.06,67.1777,139089,,0.176706,-0.505303,,1.06305,11.9477
17.5078,1.44804,,1011.95,80.2348,109398,,0.174502,-0.173332,,0.876187,10.5667
17.5076,1.92955,,1013.72,90.1914,126241,,0.165484,-0.539203,,0.789875,10.2783
17.5073,2.41826,,1012.2,48.8656,111772,,0.158875,-0.454836,,0.98951,15.3526
17.507,2.92035,,1010.63,66.097,96885.7,,0.153785,-0.434954,,1.17232,12.4791
17.5066,3.40839,,1011.46,57.4314,104772,,0.149851,-0.636351,,1.24695,12.8932
17.5063,3.9016,,1009.74,31.3023,88526.9,,0.14745,-0.549029,,1.25777,15.5053
17.5059,4.39983,,1008.84,62.6473,80141.3,,0.1441,-0.571569,,1.15704,12.4782
17.5054,4.89225,,1009.18,39.5461,83304.7,,0.136515,-0.717442,,0.952952,15.7096
17.5049,5.38624,,1007.51,-12.7458,67862,,0.124923,-0.665163,,0.771538,22.0493
17.5044,5.88412,,1005.75,17.3399,51683.4,,0.112335,-0.620789,,0.68442,19.6868
17.5038,6.38054,,1005.38,45.2834,48307.3,,0.100284,-0.718383,,0.627645,16.1659
17.5032,6.8766,,1004.63,3.44183,41446.7,,0.087205,-0.753182,,0.52298,18.7286
17.5026,7.37456,,1003.14,-23.6674,28023.3,,0.0710291,-0.701727,,0.372607,20.5517
17.5019,7.87298,,1001.96,-9.02335,17427.5,,0.0526504,-0.708346,,0.243755,17.4353
17.5013,8.37242,,1001.13,0.310517,10017,,0.0353178,-0.728159,,0.193709,14.3909
17.5007,8.87069,,1001.09,-7.89253,9619.01,,0.0204504,-0.714942,,0.179731,16.0014
18,-0.5,,1033.47,184.033,326861,,0,0,,0,0
18.0095,-0.0667351,,1006.73,47.6394,60630.6,,0.225492,-0.359134,,2.708,9.35413
18.0088,0.48115,,1015.62,106.242,144571,,0.206486,-0.0879114,,2.84211,8.69232
18.0088,0.924904,,1015.06,90.3011,139137,,0.207579,-0.503513,,2.96279,11.8262
18.0089,1.44796,,1012.03,103.42,110090,,0.203897,-0.182123,,2.55214,10.1837
18.0087,1.92928,,1013.8,106.824,127019,,0.192731,-0.550433,,2.0749,10.115
18.0084,2.41794,,1012.22,58.0431,111950,,0.182276,-0.464245,,1.68044,15.2886
18.0081,2.91998,,1010.61,69.7125,96693.1,,0.170703,-0.443772,,1.24772,12.3894
18.0077,3.40797,,1011.4,57.7096,104175,,0.15999,-0.642348,,1.02076,12.9192
18.0072,3.90116,,1009.62,31.858,87470.3,,0.153345,-0.552207,,1.0886,15.5679
18.0067,4.39938,,1008.72,66.1807,78992.1,,0.149155,-0.57639,,1.14285,12.345
18.0062,4.89175,,1009.09,44.5041,82512.1,,0.142829,-0.727336,,0.914082,15.3829
18.0057,5.38569,,1007.47,-9.36216,67474,,0.132884,-0.677937,,0.524369,21.7722
18.0051,5.88354,,1005.73,18.8439,51477.4,,0.121479,-0.632851,,0.25309,19.5713
18.0045,6.37994,,1005.37,47.2017,48213.6,,0.110072,-0.730081,,0.170192,16.1098
18.0038,6.87594,,1004.63,6.8094,41484.6,,0.0972157,-0.767589,,0.144282,18.6263
18.0031,7.37383,,1003.16,-20.2311,28155.8,,0.0803733,-0.720206,,0.0524773,20.4085
18.0023,7.87222,,1001.98,-6.95819,17627.6,,0.0600932,-0.728858,,-0.081558,17.3493
18.0015,8.37158,,1001.15,0.473635,10189.3,,0.0402307,-0.749192,,-0.136542,14.4463
18.0009,8.86989,,1001.06,-9.85061,9384.57,,0.0228838,-0.735431,,-0.0823619,15.8642
18.5,-0.5,,1033.09,189.407,322817,,0,0,,0,0
18.5109,-0.0662228,,1006.49,50.3439,58463,,0.214473,-0.356943,,2.03071,10.016
18.5097,0.480793,,1015.12,101.686,139673,,0.1796,-0.0917907,,2.18796,9.30132
18.5096,0.925034,,1014.46,86.841,133348,,0.176281,-0.502553,,2.28006,11.6073
18.5096,1.44787,,1011.54,102.779,105473,,0.174542,-0.188942,,1.89748,9.68889
18.5094,1.92908,,1013.41,105.165,123250,,0.171351,-0.556829,,1.61854,9.65568
18.5092,2.41776,,1011.93,56.9114,109159,,0.174097,-0.469649,,1.2879,14.7105
18.5091,2.91968,,1010.48,69.1831,95473.3,,0.174241,-0.452917,,0.713014,11.8123
18.5088,3.4075,,1011.35,54.4445,103657,,0.167551,-0.652468,,0.275728,12.7356
18.5082,3.90059,,1009.53,26.1191,86556.4,,0.15841,-0.559022,,0.255788,15.7196
18.5076,4.39886,,1008.58,62.3044,77714.6,,0.151988,-0.580531,,0.446911,12.3869
18.5071,4.89128,,1009.01,45.3614,81760.1,,0.14901,-0.732581,,0.493441,15.119
18.5066,5.38516,,1007.49,-4.98699,67604.4,,0.145169,-0.686469,,0.31113,21.4325
18.5059,5.88288,,1005.78,23.8064,51927.7,,0.135848,-0.644259,,0.0646849,19.3939
18.5051,6.37918,,1005.4,51.8895,48413.5,,0.121415,-0.743399,,-0.0672556,16.0866
18.5043,6.87514,,1004.62,11.989,41396.6,,0.104919,-0.783544,,-0.0747179,18.6074
18.5034,7.37299,,1003.15,-14.6417,28061.1,,0.0865176,-0.73989,,-0.0922519,20.3065
18.5026,7.87136,,1002,-1.85618,17787.2,,0.066082,-0.751119,,-0.17877,17.2503
18.5018,8.3706,,1001.19,4.32775,10512.7,,0.0461121,-0.775253,,-0.227708,14.5386
18.501,8.86884,,1001.11,-9.42286,9811.16,,0.0275318,-0.759551,,-0.174207,16.2501
19,-0.5,,1032.86,190.897,320330,,0,0,,0,0
19.0134,-0.0661685,,1006.41,27.6649,57686.8,,0.222746,-0.393987,,-0.565062,9.60284
19.0122,0.480245,,1015,71.2175,138536,,0.182123,-0.10957,,-1.37979,9.33022
19.0121,0.925182,,1014.32,56.3127,132025,,0.179729,-0.500271,,-1.49568,11.4572
19.0121,1.44762,,1011.49,77.8986,105035,,0.178513,-0.193468,,-1.40022,9.63903
19.0115,1.92872,,1013.33,84.9879,122526,,0.174169,-0.553044,,-0.881449,9.92547
19.011,2.41755,,1011.84,47.8596,108300,,0.182315,-0.459754,,-0.113275,14.7803
19.0106,2.91942,,1010.51,72.8896,95771.2,,0.191847,-0.449835,,0.312063,11.5778
19.0102,3.40705,,1011.48,62.5889,104949,,0.192967,-0.658663,,0.380948,12.5778
19.0096,3.89998,,1009.67,31.7476,87897.8,,0.185006,-0.568929,,0.33369,15.8107
19.009,4.39823,,1008.66,65.2509,78516.1,,0.173593,-0.586965,,0.354405,12.5779
19.0082,4.89068,,1009.05,50.0647,82115.3,,0.165602,-0.735619,,0.492927,15.1822
19.0074,5.38448,,1007.5,3.2138,67765.2,,0.158604,-0.693557,,0.500089,21.2504
19.0066,5.88207,,1005.78,32.5791,51952.5,,0.145707,-0.658892,,0.194671,19.1073
19.0058,6.37832,,1005.39,58.7219,48338.1,,0.127799,-0.761225,,-0.161787,15.9358
19.005,6.87427,,1004.61,17.7388,41296.7,,0.110014,-0.801354,,-0.255401,18.6266
19.004,7.37209,,1003.15,-8.18785,28042.7,,0.0920712,-0.759276,,-0.14973,20.3311
19.0031,7.87042,,1002.03,5.64403,17997.9,,0.0719515,-0.772427,,-0.0622414,17.2449
19.0021,8.36958,,1001.2,10.9612,10602.4,,0.0514956,-0.80085,,-0.0121648,14.5848
19.0012,8.86762,,1001.15,-2.03085,10181.3,,0.0316894,-0.793015,,0.0360175,16.5691
19.5,-0.5,,1032.88,205.534,320530,,0,0,,0,0
19.516,-0.0654107,,1007.07,36.7933,63782.6,,0.287532,-0.42594,,0.130778,7.06782
19.5149,0.479991,,1015.76,93.1652,145868,,0.27382,-0.114987,,0.0891196,8.89047
19.5148,0.925316,,1015.14,84.6694,139923,,0.279484,-0.496623,,0.309552,11.6241
19.5146,1.44711,,1012.32,105.547,112918,,0.268628,-0.206659,,0.451218,9.93027
19.5138,1.92797,,1013.96,106.141,128522,,0.248572,-0.560348,,0.767601,10.7592
19.513,2.41684,,1012.18,67.2297,111562,,0.2336,-0.459658,,1.29298,15.574
19.512,2.91873,,1010.64,94.1342,96999.9,,0.220105,-0.450288,,1.72111,12.0045
19.5112,3.40645,,1011.51,83.903,105166,,0.211492,-0.663336,,1.90643,12.5853
19.5106,3.89936,,1009.71,49.4088,88248.2,,0.203455,-0.580945,,1.54395,15.4916
19.5099,4.39746,,1008.71,75.3478,78922.1,,0.189013,-0.601462,,0.857294,12.3482
19.509,4.8898,,1009,53.6057,81593.2,,0.171515,-0.747587,,0.43358,15.1407
19.5081,5.38362,,1007.37,5.54467,66506.1,,0.157532,-0.705206,,0.24337,21.0418
19.5074,5.88131,,1005.71,37.4592,51288.9,,0.147717,-0.672935,,-0.0519791,18.6761
19.5068,6.37758,,1005.44,65.3067,48836.4,,0.137521,-0.776824,,-0.38193,15.6587
19.5059,6.87337,,1004.7,23.8326,42110.5,,0.122486,-0.818637,,-0.448679,18.6989
19.5048,7.371,,1003.18,-3.04903,28360.4,,0.101298,-0.780183,,-0.26884,20.5236
19.5035,7.86926,,1002.03,10.8801,18071.8,,0.0768619,-0.796168,,-0.076986,17.3774
19.5025,8.36827,,1001.2,15.4105,10626.1,,0.0541203,-0.827702,,0.0601331,14.676
19.5015,8.86629,,1001.1,3.99493,9722.33,,0.0328289,-0.828532,,0.142077,16.2698
20,-0.5,,1032.63,222.242,317852,,0,0,,0,0
20.0167,-0.0642496,,1007.11,73.0501,64173.9,,0.269654,-0.3901,,2.22131,7.60095
20.0146,0.479547,,1015.27,129.636,141200,,0.248616,-0.0992725,,3.5647,9.83806
20.0141,0.925173,,1014.54,123.484,134076,,0.24241,-0.504475,,3.72903,11.4841
20.0137,1.44658,,1011.76,134.333,107519,,0.223064,-0.226557,,3.02021,9.73086
20.0133,1.92742,,1013.41,122.54,123294,,0.211865,-0.577727,,2.46446,10.561
20.0131,2.41614,,1011.71,74.0933,107083,,0.202139,-0.480603,,1.57188,15.2695
20.0125,2.91777,,1010.16,89.7693,92474.9,,0.181676,-0.469278,,0.767249,11.9305
20.0117,3.40569,,1010.93,72.9189,99746.6,,0.168671,-0.670185,,0.519177,12.4075
20.0111,3.89885,,1009.23,40.6074,83769.1,,0.171294,-0.585361,,0.1737,14.7515
20.0106,4.39678,,1008.44,68.1741,76471.8,,0.172184,-0.614437,,-0.583084,11.5239
20.0099,4.88892,,1008.84,43.6265,80108.1,,0.162554,-0.762989,,-1.13329,14.7964
20.0092,5.38289,,1007.27,-2.48722,65596.1,,0.155732,-0.712178,,-1.03899,21.042
20.0085,5.8807,,1005.73,38.511,51442.6,,0.156776,-0.675932,,-0.67122,18.6142
20.0076,6.37671,,1005.52,72.3354,49536.9,,0.150146,-0.788573,,-0.596624,15.5117
20.0064,6.87216,,1004.71,28.4188,42146.8,,0.127828,-0.841525,,-0.77936,18.6829
20.005,7.36969,,1003.09,-4.08575,27560.5,,0.0987208,-0.807478,,-0.874225,20.6554
20.0039,7.86804,,1001.96,7.77068,17397.7,,0.0729162,-0.822033,,-0.763446,17.5415
20.0029,8.3668,,1001.15,13.0871,10183,,0.0530651,-0.85947,,-0.51596,14.7381
20.0018,8.86465,,1001.04,-0.0600422,9242.5,,0.0332305,-0.858805,,-0.268109,16.0507
20.5,-0.5,,1032.37,219.308,315100,,0,0,,0,0
20.5193,-0.065336,,1006.24,45.2575,56159.9,,0.196311,-0.410446,,-1.17201,10.5621
20.5171,0.478322,,1014.25,87.6061,131290,,0.148489,-0.115475,,-1.17913,10.5766
20.5168,0.925031,,1013.55,77.0854,124644,,0.13867,-0.518249,,-1.85339,10.5641
20.5164,1.44591,,1010.97,84.0591,100071,,0.130552,-0.236374,,-2.54695,9.22921
20.5155,1.92724,,1012.72,77.9915,116689,,0.142575,-0.564141,,-2.38298,10.1087
20.5154,2.41616,,1011.41,45.1488,104260,,0.174439,-0.475548,,-2.35241,14.3953
20.5151,2.91716,,1010.26,65.7373,93464.7,,0.184904,-0.48051,,-2.63716,11.4813
20.5143,3.40487,,1011.08,49.4816,101155,,0.182888,-0.669006,,-2.3641,12.5872
20.5134,3.89826,,1009.37,29.869,85132.4,,0.194081,-0.572009,,-1.64804,14.73
20.5126,4.39616,,1008.73,73.1127,79131,,0.206188,-0.612049,,-1.30208,11.1643
20.5118,4.88817,,1009.25,53.9567,83961.1,,0.203855,-0.770254,,-1.17688,14.8435
20.5108,5.38207,,1007.65,8.46213,69070.9,,0.194905,-0.714966,,-0.656935,21.68
20.5096,5.87962,,1005.89,50.6002,52909.8,,0.181516,-0.682699,,-0.0940554,19.019
20.5081,6.37542,,1005.5,83.293,49367.6,,0.157603,-0.810316,,-0.267694,15.225
20.5071,6.87101,,1004.73,35.0764,42359.6,,0.132936,-0.86906,,-0.910406,18.2537
20.5064,7.36863,,1003.24,-2.00501,28865.9,,0.113698,-0.832373,,-1.23556,20.5883
20.5053,7.86696,,1002.15,8.17046,19094.9,,0.0935102,-0.841683,,-1.11254,17.8474
20.5039,8.36538,,1001.2,11.308,10603.9,,0.0714234,-0.884027,,-0.798635,15.1662
20.5024,8.86254,,1001.13,-3.6725,10054.6,,0.0462062,-0.891491,,-0.493662,16.8962
21,-0.5,,1032.99,227.034,321785,,0,0,,0,0
21.0254,-0.0663889,,1007.04,10.7716,63495.5,,0.297435,-0.517775,,-2.74245,8.3206
21.0236,0.477962,,1015.66,81.1056,144888,,0.29961,-0.12452,,-2.49177,9.59392
21.0238,0.925304,,1015.38,82.301,142185,,0.324007,-0.513545,,-2.46047,10.0911
21.0231,1.44451,,1012.95,93.8995,118904,,0.313061,-0.246849,,-2.21843,9.48108
21.021,1.926,,1014.25,95.2764,131331,,0.29904,-0.540196,,-1.19456,11.219
21.0193,2.41553,,1012.6,79.4751,115554,,0.305385,-0.45219,,-0.0434121,14.9139
21.018,2.91628,,1011.41,106.421,104233,,0.299687,-0.483747,,0.417062,11.7391
21.0167,3.40367,,1012.05,86.3301,110309,,0.283897,-0.672847,,0.861017,13.4195
21.0152,3.89703,,1010.02,68.8009,91193.1,,0.270994,-0.567361,,1.54587,15.5761
21.0138,4.39509,,1009.13,116.779,82881.4,,0.258978,-0.614718,,1.88221,11.3951
21.0126,4.88716,,1009.54,92.1604,86717.5,,0.240093,-0.785984,,1.57276,14.8438
21.0114,5.38075,,1007.74,30.5596,69914.3,,0.210411,-0.738996,,0.962523,21.8186
21.0099,5.87808,,1005.68,56.738,51050.1,,0.174946,-0.711771,,0.287649,18.7997
21.0091,6.37456,,1005.4,86.7756,48478.1,,0.155056,-0.829989,,-0.417914,14.5296
21.009,6.87064,,1005.03,45.4665,45059.4,,0.158399,-0.876996,,-0.760894,17.8336
21.008,7.3675,,1003.55,10.6952,31667.6,,0.150602,-0.85031,,-0.627511,20.6668
21.006,7.8651,,1002.31,20.1273,20579.8,,0.118845,-0.871312,,-0.389595,18.2104
21.0045,8.36299,,1001.39,21.5176,12285.2,,0.0939716,-0.91799,,-0.0188818,15.9396
21.0031,8.85984,,1001.28,7.56294,11319.1,,0.0666006,-0.94334,,0.165769,17.9293
21.5,-0.5,,1033.19,246.534,323863,,0,0,,0,0
21.5251,-0.064307,,1007.76,55.2569,70119.9,,0.31517,-0.461241,,0.787782,7.7942
21.5204,0.477503,,1015.26,126.863,141024,,0.291954,-0.0663739,,2.83651,11.042
21.5188,0.92507,,1014.7,135.627,135685,,0.292862,-0.513292,,3.54856,10.228
21.5182,1.44304,,1012.26,139.814,112344,,0.272377,-0.275082,,3.46343,9.91657
21.5172,1.92408,,1013.37,131.39,122890,,0.247507,-0.563149,,3.36194,11.7591
21.5159,2.4138,,1011.45,105.622,104676,,0.215649,-0.475598,,2.51558,14.8686
21.5147,2.91498,,1010.14,117.857,92278.1,,0.186656,-0.505549,,1.54981,11.5711
21.514,3.40257,,1010.82,85.758,98703.9,,0.175511,-0.690923,,1.01674,13.4235
21.5133,3.8957,,1008.84,62.4262,80105,,0.166844,-0.585454,,0.591557,15.5883
21.5124,4.39389,,1007.94,105.689,71786.1,,0.155786,-0.631409,,0.0714324,10.9403
21.5117,4.88627,,1008.52,74.1216,77128.5,,0.14901,-0.806573,,-0.93129,13.7174
21.5111,5.37969,,1006.98,2.75851,62916.7,,0.140928,-0.767519,,-2.24796,20.6524
21.5105,5.87724,,1005.23,25.28,46906.7,,0.134729,-0.729241,,-2.9584,18.142
21.5104,6.37453,,1005.39,69.9886,48383.7,,0.149516,-0.817847,,-2.59553,14.5476
21.5095,6.86972,,1004.98,43.709,44667.5,,0.160298,-0.875592,,-1.73195,18.2185
21.5069,7.36504,,1002.99,6.39365,26620,,0.120438,-0.891675,,-1.47099,20.7894
21.5052,7.86359,,1001.97,15.8049,17489.5,,0.0788157,-0.902482,,-1.4309,18.5143
21.5059,8.36191,,1001.1,19.6475,9700.92,,0.0939583,-0.950598,,-0.408909,15.8656
21.5048,8.85664,,1001.18,18.608,10441.8,,0.0816057,-1.01614,,0.269045,17.4123
22,-0.5,,1032.8,246.073,319680,,0,0,,0,0
22.0256,-0.0670153,,1006.1,40.1974,54829.7,,0.153223,-0.456096,,-1.30373,12.821
22.023,0.473468,,1013.65,88.7526,125567,,0.094753,-0.109754,,-1.45631,12.1738
22.0207,0.924058,,1013.11,89.8077,120431,,0.0460971,-0.533355,,-2.48104,9.62131
22.0194,1.44261,,1010.84,87.9279,98892.7,,0.040889,-0.273556,,-2.88303,9.91044
22.0191,1.92411,,1012.21,81.2209,111825,,0.0757354,-0.559477,,-2.91293,10.8801
22.0194,2.41337,,1010.96,60.3834,100051,,0.10226,-0.488836,,-4.05119,13.322
22.0188,2.91429,,1010.03,68.0069,91219,,0.109348,-0.505931,,-5.0646,10.803
22.0179,3.40236,,1010.9,40.326,99413.4,,0.134856,-0.672972,,-4.98954,13.2265
22.0174,3.89519,,1009.19,29.0975,83454.6,,0.163504,-0.577096,,-4.59218,15.4511
22.0164,4.3931,,1008.44,80.2516,76413.9,,0.174648,-0.625607,,-4.2639,10.6282
22.0154,4.88584,,1009.2,60.56,83496.6,,0.19211,-0.792009,,-4.04248,13.0366
22.0147,5.3792,,1007.97,4.36004,72053.1,,0.214211,-0.757904,,-3.85957,20.2385
22.0136,5.87663,,1006.31,36.571,56765.4,,0.220045,-0.719726,,-3.16234,18.7629
22.012,6.37354,,1006.13,87.4426,55118.6,,0.210205,-0.808268,,-1.96477,15.7932
22.0097,6.86731,,1004.99,57.0886,44755.9,,0.176287,-0.909404,,-1.41414,18.632
22.0085,7.36349,,1003.07,8.21047,27344,,0.129048,-0.943725,,-2.12703,20.2731
22.0107,7.86608,,1003,17.9425,26728.7,,0.139197,-0.864588,,-2.34112,19.4952
22.0116,8.36147,,1000.69,5.33932,6124.57,,0.165401,-0.961904,,-1.12783,16.2016
22.0066,8.85032,,1001.06,11.7906,9413.06,,0.100293,-1.10384,,-0.264298,17.1758
22.5,-0.5,,1033.28,252.039,324836,,0,0,,0,0
22.5398,-0.0659825,,1007.55,-3.74322,68148.2,,0.366427,-0.600086,,-0.938665,9.94266
22.5422,0.474603,,1016,92.8722,148197,,0.470763,-0.11888,,-1.09373,10.0409
22.5437,0.92123,,1016.16,99.9078,149780,,0.526046,-0.572082,,-1.03034,9.00756
22.5383,1.4392,,1013.73,94.2697,126320,,0.465579,-0.272843,,-0.687781,10.5316
22.5339,1.92337,,1014.57,103.682,134368,,0.467774,-0.507141,,0.450422,11.2725
22.5322,2.41234,,1013.45,102.499,123636,,0.489308,-0.478044,,0.792211,12.6612
22.5292,2.91194,,1012.44,113.092,114003,,0.462417,-0.505521,,0.702656,10.9492
22.526,3.40074,,1012.78,90.0472,117278,,0.45065,-0.650519,,1.38438,14.0616
22.5238,3.89355,,1010.84,85.3597,98878.2,,0.438113,-0.578296,,1.8692,16.0619
22.5212,4.39102,,1009.8,134.386,89106.1,,0.401161,-0.63463,,2.27872,11.3186
22.5187,4.88421,,1010.2,120.855,92883.1,,0.380573,-0.782353,,3.00527,13.6214
22.5166,5.37754,,1008.7,70.8486,78868.7,,0.363446,-0.765406,,3.17946,20.5636
22.5142,5.87442,,1006.61,87.1107,59535.7,,0.310242,-0.758038,,2.68966,19.2311
22.512,6.3713,,1006,117.324,53927.6,,0.246584,-0.853293,,2.11807,16.0296
22.5114,6.86632,,1005,81.0308,44792,,0.219113,-0.947231,,1.4654,17.8703
22.5132,7.36579,,1004.1,39.2438,36643.1,,0.236408,-0.93227,,0.835631,19.5416
22.515,7.86725,,1003.64,47.2753,32468,,0.265052,-0.839279,,0.751926,20.1673
22.5125,8.3466,,1001.19,42.5478,10505.8,,0.237759,-1.14515,,1.02871,18.3945
22.5065,8.83868,,1001.48,16.317,13135,,0.166318,-1.21688,,1.77438,19.9671
23,-0.5,,1034.83,259.996,341572,,0,0,,0,0
23.0338,-0.0701344,,1007.33,21.5393,66196,,0.218122,-0.559977,,0.117474,8.76495
23.0076,0.474363,,1016.01,130.889,148329,,-0.00697204,0.00650006,,0.831733,11.9357
23.0073,0.922636,,1015.28,134.924,141287,,0.0533924,-0.551383,,2.22387,9.26491
23.0062,1.43383,,1012.82,119.803,117589,,-0.0246529,-0.339898,,0.780266,10.8927
23.0034,1.92171,,1013.06,124.058,119900,,-0.0457211,-0.489789,,0.979393,11.8051
23.0054,2.41166,,1011.86,123.681,108512,,-0.0270941,-0.493356,,-0.11502,11.9642
23.0048,2.90969,,1010.94,126.012,99839.9,,-0.0689393,-0.532441,,-1.40231,10.9246
23.0047,3.39957,,1010.94,97.5139,99795.9,,-0.0506038,-0.64725,,-1.60968,14.0935
23.0059,3.89273,,1009.18,88.4178,83307.5,,-0.0363423,-0.601295,,-3.06005,15.5874
23.0061,4.38958,,1008.3,123.137,75137.3,,-0.0520587,-0.657372,,-3.61335,11.7542
23.0059,4.88307,,1008.52,107.365,77149.1,,-0.0320558,-0.779824,,-2.79161,13.9768
23.0061,5.37653,,1007.09,58.778,63919.3,,-0.0142387,-0.787531,,-3.67467,19.5771
23.0066,5.87348,,1005.35,58.4342,48036.6,,-0.0226421,-0.799248,,-5.48835,18.176
23.0077,6.37148,,1005.27,81.4997,47297.7,,0.00868908,-0.851394,,-5.20625,16.0204
23.0085,6.86739,,1004.69,64.4851,41980.7,,0.0701953,-0.909954,,-3.47796,18.3583
23.0072,7.36667,,1003.26,30.5212,29050.7,,0.0699966,-0.917271,,-2.87364,19.4743
23.0073,7.86754,,1001.64,30.677,14507.1,,0.0376542,-0.851088,,-3.82833,19.5194
23.0193,8.34733,,1001.02,39.1724,9041.19,,0.246907,-1.08519,,-1.8631,20.1895
23.0322,8.85056,,1001.49,21.6584,13194,,0.541932,-1.05818,,2.85445,21.7486
23.5,-0.5,,1035.51,235.981,348920,,0,0,,0,0
23.5646,-0.0785876,,997.266,-4.16146,-23938.8,,0.315834,-0.466873,,-0.36937,12.2618
23.5655,0.451942,,1006.37,18.9859,57337.2,,0.511433,-0.230852,,-0.378627,12.1927
23.5577,0.932303,,1007.02,48.1626,63328.8,,0.420751,-0.433413,,-1.38227,8.85052
23.551,1.4385,,1006.9,52.2512,62230.9,,0.348783,-0.280386,,-1.09051,10.809
23.5505,1.92702,,1006.94,17.3578,62572.4,,0.482183,-0.393676,,-1.40016,11.2932
23.5512,2.41782,,1005.88,24.5756,52884.2,,0.470668,-0.412061,,-4.56462,10.9484
23.5451,2.91357,,1006.51,36.2568,58652.5,,0.425882,-0.450764,,-3.19248,10.9807
23.5427,3.40415,,1006.66,-4.89572,59945,,0.52471,-0.529181,,-2.33982,14.0062
23.5413,3.897,,1005.52,-3.93872,49530.5,,0.524324,-0.516744,,-5.14687,15.2483
23.5369,4.39224,,1005.57,32.5207,49981.4,,0.47558,-0.577425,,-4.0221,13.2586
23.5328,4.88538,,1006,15.1255,53926.6,,0.507511,-0.682284,,-0.931811,15.3117
23.5296,5.37898,,1005.15,-13.7444,46201.7,,0.496691,-0.715758,,-2.48143,19.0306
23.5271,5.87616,,1004.23,-2.39412,37798.4,,0.453579,-0.720717,,-4.55995,18.7491
23.5245,6.37373,,1004.33,14.7877,38764.6,,0.486564,-0.729977,,-1.32024,19.5478
23.5169,6.86589,,1003.95,14.6764,35271.8,,0.421673,-0.860473,,1.75258,21.6044
23.507,7.36332,,1002.57,3.02408,22868.2,,0.173334,-1.0155,,-1.38012,18.5676
23.5105,7.88312,,1002.28,8.02553,20287.5,,0.0785793,-0.669619,,-5.47238,19.417
23.5468,8.39423,,998.801,-30.7223,-10545.6,,0.365777,-0.411241,,-10.7343,22.4316
23.5912,8.89738,,999.825,-58.5775,-1542.08,,1.25815,-0.513868,,1.54438,18.9742
24,-0.5,,1026.02,163.549,248440,,0,0,,0,0
24,0,,1033.8,204.389,330470,,0,0,,0,0
24,0.5,,1032.28,215.177,314153,,0,0,,0,0
24,1,,1029.79,206.908,287701,,0,0,,0,0
24,1.5,,1028.21,202.763,271136,,0,0,,0,0
24,2,,1027.62,215.971,265058,,0,0,,0,0
24,2.5,,1026.58,224.015,254271,,0,0,,0,0
24,3,,1025.14,227.664,239405,,0,0,,0,0
24,3.5,,1023.8,230.644,225752,,0,0,,0,0
24,4,,1022.05,238.175,208022,,0,0,,0,0
24,4.5,,1020.36,247.128,191080,,0,0,,0,0
24,5,,1018.6,237.518,173627,,0,0,,0,0
24,5.5,,1016.52,220.215,153260,,0,0,,0,0
24,6,,1014.81,222.276,136694,,0,0,,0,0
24,6.5,,1012.72,221.592,116719,,0,0,,0,0
24,7,,1008.51,158.172,77059.1,,0,0,,0,0
24,7.5,,1005.81,74.9467,52182.3,,0,0,,0,0
24,8,,1009.35,101.265,84946.3,,0,0,,0,0
24,8.5,,1008.07,170.11,73017,,0,0,,0,0
24,9,,993.907,111.543,-52820.6,,0,0,,0,0
