t,FxPressure,FyPressure,FxViscous,FyViscous,Fx,Fy,CD,CL
0,8.92974e-12,5.9208e-11,0,0,8.92974e-12,5.9208e-11,1.78595e-11,1.18416e-10
3.58575e-05,-11.3802,5.87305e-11,0,0,-11.3802,5.87305e-11,-22.7604,1.17461e-10
7.1715e-05,-22.2375,5.90526e-11,0,0,-22.2375,5.90526e-11,-44.4749,1.18105e-10
0.000107572,-32.0689,1.27138e-11,0,0,-32.0689,1.27138e-11,-64.1378,2.54275e-11
0.00014343,-40.4244,8.62178e-11,0,0,-40.4244,8.62178e-11,-80.8489,1.72436e-10
0.000179286,-46.9299,3.62232e-11,0,0,-46.9299,3.62232e-11,-93.8598,7.24464e-11
0.000215141,-51.306,6.68655e-11,0,0,-51.306,6.68655e-11,-102.612,1.33731e-10
0.000250994,-53.3828,7.58491e-11,0,0,-53.3828,7.58491e-11,-106.766,1.51698e-10
0.000286844,-53.1068,7.58607e-11,0,0,-53.1068,7.58607e-11,-106.214,1.51721e-10
0.000322692,-50.5425,8.55422e-11,0,0,-50.5425,8.55422e-11,-101.085,1.71084e-10
0.000358539,-45.8677,2.23819e-11,0,0,-45.8677,2.23819e-11,-91.7353,4.47638e-11
0.000394383,-39.3622,4.44219e-11,0,0,-39.3622,4.44219e-11,-78.7244,8.88438e-11
0.000430226,-31.3915,7.0834e-11,0,0,-31.3915,7.0834e-11,-62.7831,1.41668e-10
0.000466068,-22.3859,2.68503e-11,0,0,-22.3859,2.68503e-11,-44.7718,5.37007e-11
0.000501909,-12.8162,4.638e-11,0,0,-12.8162,4.638e-11,-25.6324,9.27601e-11
0.000537749,-3.16793,3.28083e-11,0,0,-3.16793,3.28083e-11,-6.33587,6.56165e-11
0.00057359,6.08525,2.77818e-11,0,0,6.08525,2.77818e-11,12.1705,5.55637e-11
0.00060943,14.5069,9.17255e-11,0,0,14.5069,9.17255e-11,29.0137,1.83451e-10
0.000645272,21.7206,5.66212e-11,0,0,21.7206,5.66212e-11,43.4412,1.13242e-10
0.000681114,27.4294,5.73294e-11,0,0,27.4294,5.73294e-11,54.8588,1.14659e-10
0.000716957,31.4302,7.13998e-11,0,0,31.4302,7.13998e-11,62.8604,1.428e-10
0.000752802,33.6224,8.00673e-11,0,0,33.6224,8.00673e-11,67.2448,1.60135e-10
0.000788648,34.0113,6.03651e-11,0,0,34.0113,6.03651e-11,68.0227,1.2073e-10
0.000824495,32.7047,3.6046e-11,0,0,32.7047,3.6046e-11,65.4093,7.2092e-11
0.000860344,29.9036,6.09995e-11,0,0,29.9036,6.09995e-11,59.8072,1.21999e-10
0.000896194,25.8887,1.79147e-11,0,0,25.8887,1.79147e-11,51.7774,3.58295e-11
0.000932044,21.0009,7.96402e-11,0,0,21.0009,7.96402e-11,42.0018,1.5928e-10
0.000967895,15.6199,6.28359e-11,0,0,15.6199,6.28359e-11,31.2398,1.25672e-10
0.00100375,10.1402,7.13268e-11,0,0,10.1402,7.13268e-11,20.2804,1.42654e-10
0.0010396,4.94674,7.68995e-11,0,0,4.94674,7.68995e-11,9.89348,1.53799e-10
0.00107545,0.391603,5.82645e-11,0,0,0.391603,5.82645e-11,0.783207,1.16529e-10
0.0011113,-3.2271,7.02786e-11,0,0,-3.2271,7.02786e-11,-6.4542,1.40557e-10
0.00114715,-5.68263,4.32267e-11,0,0,-5.68263,4.32267e-11,-11.3653,8.64534e-11
0.001183,-6.8325,5.51326e-11,0,0,-6.8325,5.51326e-11,-13.665,1.10265e-10
0.00121884,-6.626,7.13875e-11,0,0,-6.626,7.13875e-11,-13.252,1.42775e-10
0.00125469,-5.10599,4.9264e-11,0,0,-5.10599,4.9264e-11,-10.212,9.85279e-11
0.00129054,-2.4049,8.68557e-11,0,0,-2.4049,8.68557e-11,-4.8098,1.73711e-10
0.00132638,1.26476,7.28715e-11,0,0,1.26476,7.28715e-11,2.52953,1.45743e-10
0.00136223,5.62486,6.0346e-11,0,0,5.62486,6.0346e-11,11.2497,1.20692e-10
0.00139807,10.3501,1.02418e-10,0,0,10.3501,1.02418e-10,20.7001,2.04835e-10
0.00143392,15.0891,7.67235e-11,0,0,15.0891,7.67235e-11,30.1781,1.53447e-10
0.00146976,19.4876,7.6894e-11,0,0,19.4876,7.6894e-11,38.9753,1.53788e-10
0.00150561,23.2115,4.86608e-11,0,0,23.2115,4.86608e-11,46.423,9.73217e-11
0.00154145,25.9683,5.68941e-11,0,0,25.9683,5.68941e-11,51.9366,1.13788e-10
0.0015773,27.5268,8.8721e-11,0,0,27.5268,8.8721e-11,55.0535,1.77442e-10
0.00161315,27.7324,4.07549e-11,0,0,27.7324,4.07549e-11,55.4648,8.15098e-11
0.001649,26.5182,4.18247e-11,0,0,26.5182,4.18247e-11,53.0363,8.36494e-11
0.00168485,23.9101,5.24672e-11,0,0,23.9101,5.24672e-11,47.8202,1.04934e-10
0.0017207,20.0268,5.49918e-11,0,0,20.0268,5.49918e-11,40.0536,1.09984e-10
0.00175655,15.0735,5.42577e-11,0,0,15.0735,5.42577e-11,30.1469,1.08515e-10
0.00179241,9.33019,5.43242e-11,0,0,9.33019,5.43242e-11,18.6604,1.08648e-10
0.00182826,3.13569,8.64343e-11,0,0,3.13569,8.64343e-11,6.27137,1.72869e-10
0.00186411,-3.13307,7.63186e-11,0,0,-3.13307,7.63186e-11,-6.26615,1.52637e-10
0.00189996,-9.08367,6.62957e-11,0,0,-9.08367,6.62957e-11,-18.1673,1.32591e-10
0.00193582,-14.3324,4.98519e-11,0,0,-14.3324,4.98519e-11,-28.6648,9.97038e-11
0.00197167,-18.5284,8.16698e-11,0,0,-18.5284,8.16698e-11,-37.0568,1.6334e-10
0.00200752,-21.3758,3.9502e-11,0,0,-21.3758,3.9502e-11,-42.7515,7.9004e-11
0.00204336,-22.6531,6.69007e-11,0,0,-22.6531,6.69007e-11,-45.3062,1.33801e-10
0.00207921,-22.2285,8.41818e-11,0,0,-22.2285,8.41818e-11,-44.4569,1.68364e-10
0.00211506,-20.0696,5.99892e-11,0,0,-20.0696,5.99892e-11,-40.1392,1.19978e-10
0.0021509,-16.2477,8.11406e-11,0,0,-16.2477,8.11406e-11,-32.4954,1.62281e-10
0.00218674,-10.9358,6.42789e-11,0,0,-10.9358,6.42789e-11,-21.8716,1.28558e-10
0.00222259,-4.4004,5.56069e-11,0,0,-4.4004,5.56069e-11,-8.80079,1.11214e-10
0.00225843,3.01211,4.72624e-11,0,0,3.01211,4.72624e-11,6.02422,9.45248e-11
0.00229427,10.8942,8.0471e-11,0,0,10.8942,8.0471e-11,21.7885,1.60942e-10
0.00233011,18.7999,3.79361e-11,0,0,18.7999,3.79361e-11,37.5999,7.58722e-11
0.00236595,26.27,3.60679e-11,0,0,26.27,3.60679e-11,52.54,7.21358e-11
0.00240179,32.8583,3.66006e-11,0,0,32.8583,3.66006e-11,65.7167,7.32011e-11
0.00243764,38.1583,6.258e-11,0,0,38.1583,6.258e-11,76.3166,1.2516e-10
0.00247348,41.827,4.79275e-11,0,0,41.827,4.79275e-11,83.6541,9.5855e-11
0.00250933,43.6064,3.67229e-11,0,0,43.6064,3.67229e-11,87.2128,7.34458e-11
0.00254518,43.3398,5.73137e-11,0,0,43.3398,5.73137e-11,86.6796,1.14627e-10
0.00258103,40.9829,4.34426e-11,0,0,40.9829,4.34426e-11,81.9657,8.68852e-11
0.00261688,36.6086,6.09362e-11,0,0,36.6086,6.09362e-11,73.2171,1.21872e-10
0.00265274,30.4051,5.75718e-11,0,0,30.4051,5.75718e-11,60.8102,1.15144e-10
0.00268859,22.6673,6.66828e-11,0,0,22.6673,6.66828e-11,45.3346,1.33366e-10
0.00272445,13.7822,9.76854e-11,0,0,13.7822,9.76854e-11,27.5645,1.95371e-10
0.0027603,4.2086,7.12904e-11,0,0,4.2086,7.12904e-11,8.41719,1.42581e-10
0.00279616,-5.54761,6.86729e-11,0,0,-5.54761,6.86729e-11,-11.0952,1.37346e-10
0.00283201,-14.9609,6.24445e-11,0,0,-14.9609,6.24445e-11,-29.9218,1.24889e-10
0.00286787,-23.515,7.04141e-11,0,0,-23.515,7.04141e-11,-47.03,1.40828e-10
0.00290372,-30.732,6.58411e-11,0,0,-30.732,6.58411e-11,-61.464,1.31682e-10
0.00293957,-36.1994,1.01974e-10,0,0,-36.1994,1.01974e-10,-72.3988,2.03948e-10
0.00297542,-39.5935,1.13617e-10,0,0,-39.5935,1.13617e-10,-79.1869,2.27235e-10
0.00301127,-40.6984,1.0192e-10,0,0,-40.6984,1.0192e-10,-81.3968,2.03839e-10
0.00304711,-39.4192,8.499e-11,0,0,-39.4192,8.499e-11,-78.8384,1.6998e-10
0.00308296,-35.788,6.75265e-11,0,0,-35.788,6.75265e-11,-71.5761,1.35053e-10
0.0031188,-29.9637,7.40259e-11,0,0,-29.9637,7.40259e-11,-59.9274,1.48052e-10
0.00315464,-22.224,5.03935e-11,0,0,-22.224,5.03935e-11,-44.448,1.00787e-10
0.00319048,-12.9514,4.06417e-11,0,0,-12.9514,4.06417e-11,-25.9028,8.12835e-11
0.00322632,-2.61293,6.58938e-11,0,0,-2.61293,6.58938e-11,-5.22586,1.31788e-10
0.00326215,8.26449,2.86091e-11,0,0,8.26449,2.86091e-11,16.529,5.72182e-11
0.00329799,19.1225,4.13459e-11,0,0,19.1225,4.13459e-11,38.2449,8.26918e-11
0.00333383,29.4012,5.78331e-11,0,0,29.4012,5.78331e-11,58.8023,1.15666e-10
0.00336967,38.5695,6.55336e-11,0,0,38.5695,6.55336e-11,77.139,1.31067e-10
0.00340551,46.1541,6.77639e-11,0,0,46.1541,6.77639e-11,92.3082,1.35528e-10
0.00344135,51.7648,9.88461e-11,0,0,51.7648,9.88461e-11,103.53,1.97692e-10
0.0034772,55.1158,8.9572e-11,0,0,55.1158,8.9572e-11,110.232,1.79144e-10
0.00351305,56.0414,7.00661e-11,0,0,56.0414,7.00661e-11,112.083,1.40132e-10
0.00354889,54.5045,7.11911e-11,0,0,54.5045,7.11911e-11,109.009,1.42382e-10
0.00358475,50.5984,5.77267e-11,0,0,50.5984,5.77267e-11,101.197,1.15453e-10
0.0036206,44.5415,5.04971e-11,0,0,44.5415,5.04971e-11,89.083,1.00994e-10
0.00365645,36.6645,5.6978e-11,0,0,36.6645,5.6978e-11,73.3291,1.13956e-10
0.00369231,27.3921,7.39863e-11,0,0,27.3921,7.39863e-11,54.7841,1.47973e-10
0.00372816,17.2188,5.10857e-11,0,0,17.2188,5.10857e-11,34.4376,1.02171e-10
0.00376402,6.68149,6.78334e-11,0,0,6.68149,6.78334e-11,13.363,1.35667e-10
0.00379987,-3.67077,9.97002e-11,0,0,-3.67077,9.97002e-11,-7.34154,1.994e-10
0.00383573,-13.307,6.95004e-11,0,0,-13.307,6.95004e-11,-26.6139,1.39001e-10
0.00387158,-21.7431,9.01001e-11,0,0,-21.7431,9.01001e-11,-43.4862,1.802e-10
0.00390744,-28.5686,9.30166e-11,0,0,-28.5686,9.30166e-11,-57.1372,1.86033e-10
0.00394329,-33.4684,1.11932e-10,0,0,-33.4684,1.11932e-10,-66.9367,2.23865e-10
0.00397914,-36.239,1.10391e-10,0,0,-36.239,1.10391e-10,-72.4779,2.20783e-10
0.00401498,-36.7984,9.72499e-11,0,0,-36.7984,9.72499e-11,-73.5968,1.945e-10
0.00405083,-35.1887,1.75728e-10,0,0,-35.1887,1.75728e-10,-70.3775,3.51456e-10
0.00408667,-31.5719,1.13087e-10,0,0,-31.5719,1.13087e-10,-63.1437,2.26175e-10
0.00412252,-26.2182,9.26069e-11,0,0,-26.2182,9.26069e-11,-52.4363,1.85214e-10
0.00415836,-19.4891,9.13848e-11,0,0,-19.4891,9.13848e-11,-38.9782,1.8277e-10
0.0041942,-11.8148,1.27298e-10,0,0,-11.8148,1.27298e-10,-23.6296,2.54595e-10
0.00423004,-3.66801,8.80763e-11,0,0,-3.66801,8.80763e-11,-7.33602,1.76153e-10
0.00426588,4.46462,9.77518e-11,0,0,4.46462,9.77518e-11,8.92925,1.95504e-10
0.00430172,12.1112,1.18809e-10,0,0,12.1112,1.18809e-10,24.2225,2.37617e-10
0.00433756,18.8427,1.03518e-10,0,0,18.8427,1.03518e-10,37.6854,2.07036e-10
0.00437341,24.2975,7.97658e-11,0,0,24.2975,7.97658e-11,48.5951,1.59532e-10
0.00440925,28.2028,7.1385e-11,0,0,28.2028,7.1385e-11,56.4056,1.4277e-10
0.0044451,30.3894,9.15245e-11,0,0,30.3894,9.15245e-11,60.7789,1.83049e-10
0.00448094,30.801,9.9179e-11,0,0,30.801,9.9179e-11,61.602,1.98358e-10
0.00451679,29.496,6.87328e-11,0,0,29.496,6.87328e-11,58.9919,1.37466e-10
0.00455264,26.6425,5.10896e-11,0,0,26.6425,5.10896e-11,53.285,1.02179e-10
0.00458849,22.507,5.62824e-11,0,0,22.507,5.62824e-11,45.0141,1.12565e-10
0.00462434,17.4363,8.83556e-11,0,0,17.4363,8.83556e-11,34.8725,1.76711e-10
0.00466019,11.8346,2.73034e-11,0,0,11.8346,2.73034e-11,23.6691,5.46068e-11
0.00469604,6.13783,7.87924e-11,0,0,6.13783,7.87924e-11,12.2757,1.57585e-10
0.00473189,0.785055,8.18044e-11,0,0,0.785055,8.18044e-11,1.57011,1.63609e-10
0.00476774,-3.81004,8.08072e-11,0,0,-3.81004,8.08072e-11,-7.62008,1.61614e-10
0.00480359,-7.28605,7.62412e-11,0,0,-7.28605,7.62412e-11,-14.5721,1.52482e-10
0.00483943,-9.35774,4.92493e-11,0,0,-9.35774,4.92493e-11,-18.7155,9.84987e-11
0.00487528,-9.83522,4.54501e-11,0,0,-9.83522,4.54501e-11,-19.6704,9.09002e-11
0.00491112,-8.63738,6.60674e-11,0,0,-8.63738,6.60674e-11,-17.2748,1.32135e-10
0.00494696,-5.79854,5.98196e-11,0,0,-5.79854,5.98196e-11,-11.5971,1.19639e-10
0.00498281,-1.468,6.32925e-11,0,0,-1.468,6.32925e-11,-2.93601,1.26585e-10
0.00501865,4.09755,4.35644e-11,0,0,4.09755,4.35644e-11,8.1951,8.71287e-11
0.00505449,10.5485,4.73951e-11,0,0,10.5485,4.73951e-11,21.097,9.47901e-11
0.00509033,17.4627,5.441e-11,0,0,17.4627,5.441e-11,34.9253,1.0882e-10
0.00512617,24.3705,2.75753e-11,0,0,24.3705,2.75753e-11,48.7411,5.51506e-11
0.00516201,30.7838,6.3682e-11,0,0,30.7838,6.3682e-11,61.5676,1.27364e-10
0.00519786,36.2258,7.8891e-11,0,0,36.2258,7.8891e-11,72.4516,1.57782e-10
0.0052337,40.2615,9.36266e-11,0,0,40.2615,9.36266e-11,80.5231,1.87253e-10
0.00526955,42.5262,6.35267e-11,0,0,42.5262,6.35267e-11,85.0523,1.27053e-10
0.0053054,42.7495,6.7542e-11,0,0,42.7495,6.7542e-11,85.4991,1.35084e-10
0.00534125,40.776,1.01473e-10,0,0,40.776,1.01473e-10,81.5519,2.02946e-10
0.0053771,36.5771,6.61602e-11,0,0,36.5771,6.61602e-11,73.1541,1.3232e-10
0.00541296,30.2577,1.20045e-10,0,0,30.2577,1.20045e-10,60.5154,2.4009e-10
0.00544881,22.0543,1.26404e-10,0,0,22.0543,1.26404e-10,44.1087,2.52809e-10
0.00548467,12.3243,9.54899e-11,0,0,12.3243,9.54899e-11,24.6486,1.9098e-10
0.00552052,1.52875,1.05099e-10,0,0,1.52875,1.05099e-10,3.0575,2.10197e-10
0.00555638,-9.79078,1.15548e-10,0,0,-9.79078,1.15548e-10,-19.5816,2.31095e-10
0.00559224,-21.0419,1.32403e-10,0,0,-21.0419,1.32403e-10,-42.0837,2.64805e-10
0.00562809,-31.6136,1.30405e-10,0,0,-31.6136,1.30405e-10,-63.2272,2.6081e-10
0.00566394,-40.9109,1.13334e-10,0,0,-40.9109,1.13334e-10,-81.8217,2.26668e-10
0.0056998,-48.3884,1.13182e-10,0,0,-48.3884,1.13182e-10,-96.7769,2.26364e-10
0.00573564,-53.5834,1.05481e-10,0,0,-53.5834,1.05481e-10,-107.167,2.10963e-10
0.00577149,-56.1432,3.29529e-11,0,0,-56.1432,3.29529e-11,-112.286,6.59058e-11
0.00580734,-55.847,6.18549e-11,0,0,-55.847,6.18549e-11,-111.694,1.2371e-10
0.00584318,-52.6215,8.59378e-11,0,0,-52.6215,8.59378e-11,-105.243,1.71876e-10
0.00587901,-46.5473,3.50204e-11,0,0,-46.5473,3.50204e-11,-93.0946,7.00408e-11
0.00591485,-37.8579,4.44397e-11,0,0,-37.8579,4.44397e-11,-75.7157,8.88794e-11
0.00595069,-26.9289,5.7761e-11,0,0,-26.9289,5.7761e-11,-53.8578,1.15522e-10
0.00598652,-14.2607,5.74379e-11,0,0,-14.2607,5.74379e-11,-28.5213,1.14876e-10
0.00602235,-0.452475,2.98357e-11,0,0,-0.452475,2.98357e-11,-0.90495,5.96714e-11
0.00605818,13.8282,2.68763e-11,0,0,13.8282,2.68763e-11,27.6565,5.37527e-11
0.00609402,27.8811,3.18776e-11,0,0,27.8811,3.18776e-11,55.7621,6.37552e-11
0.00612985,41.0101,1.22108e-11,0,0,41.0101,1.22108e-11,82.0201,2.44216e-11
0.00616569,52.5613,2.19789e-11,0,0,52.5613,2.19789e-11,105.123,4.39578e-11
0.00620153,61.9583,7.94664e-12,0,0,61.9583,7.94664e-12,123.917,1.58933e-11
0.00623737,68.7341,-6.39213e-12,0,0,68.7341,-6.39213e-12,137.468,-1.27843e-11
0.00627321,72.5568,3.72718e-11,0,0,72.5568,3.72718e-11,145.114,7.45435e-11
0.00630906,73.2485,4.61715e-11,0,0,73.2485,4.61715e-11,146.497,9.23431e-11
0.00634491,70.7958,3.14564e-11,0,0,70.7958,3.14564e-11,141.592,6.29128e-11
0.00638076,65.3506,6.20113e-11,0,0,65.3506,6.20113e-11,130.701,1.24023e-10
0.00641661,57.2229,8.03226e-11,0,0,57.2229,8.03226e-11,114.446,1.60645e-10
0.00645247,46.8635,2.82692e-11,0,0,46.8635,2.82692e-11,93.727,5.65384e-11
0.00648832,34.8399,7.72282e-11,0,0,34.8399,7.72282e-11,69.6797,1.54456e-10
0.00652418,21.8041,8.01493e-11,0,0,21.8041,8.01493e-11,43.6081,1.60299e-10
0.00656003,8.45702,9.80673e-11,0,0,8.45702,9.80673e-11,16.914,1.96135e-10
0.00659589,-4.49025,1.08654e-10,0,0,-4.49025,1.08654e-10,-8.98051,2.17307e-10
0.00663174,-16.3559,1.52286e-10,0,0,-16.3559,1.52286e-10,-32.7118,3.04571e-10
0.00666759,-26.525,1.13135e-10,0,0,-26.525,1.13135e-10,-53.05,2.26269e-10
0.00670345,-34.4834,1.1745e-10,0,0,-34.4834,1.1745e-10,-68.9668,2.349e-10
0.0067393,-39.8458,1.37254e-10,0,0,-39.8458,1.37254e-10,-79.6916,2.74509e-10
0.00677514,-42.3774,1.34546e-10,0,0,-42.3774,1.34546e-10,-84.7548,2.69093e-10
0.00681099,-42.0053,1.21061e-10,0,0,-42.0053,1.21061e-10,-84.0107,2.42121e-10
0.00684683,-38.8222,1.06677e-10,0,0,-38.8222,1.06677e-10,-77.6443,2.13353e-10
0.00688267,-33.0792,8.6624e-11,0,0,-33.0792,8.6624e-11,-66.1583,1.73248e-10
0.00691851,-25.171,8.80237e-11,0,0,-25.171,8.80237e-11,-50.3421,1.76047e-10
0.00695435,-15.6124,7.83356e-11,0,0,-15.6124,7.83356e-11,-31.2249,1.56671e-10
0.00699018,-5.0076,5.22557e-11,0,0,-5.0076,5.22557e-11,-10.0152,1.04511e-10
0.00702602,5.98494,4.85627e-11,0,0,5.98494,4.85627e-11,11.9699,9.71255e-11
0.00706186,16.6907,3.51447e-11,0,0,16.6907,3.51447e-11,33.3815,7.02894e-11
0.0070977,26.4587,-8.49011e-12,0,0,26.4587,-8.49011e-12,52.9174,-1.69802e-11
0.00713354,34.6989,9.5255e-12,0,0,34.6989,9.5255e-12,69.3978,1.9051e-11
0.00716938,40.9168,9.27323e-12,0,0,40.9168,9.27323e-12,81.8337,1.85465e-11
0.00720523,44.7423,2.40767e-11,0,0,44.7423,2.40767e-11,89.4846,4.81534e-11
0.00724108,45.9506,3.20369e-13,0,0,45.9506,3.20369e-13,91.9012,6.40737e-13
0.00727692,44.4757,-6.11487e-12,0,0,44.4757,-6.11487e-12,88.9514,-1.22297e-11
0.00731278,40.4138,3.45762e-11,0,0,40.4138,3.45762e-11,80.8276,6.91525e-11
0.00734863,34.0174,2.51482e-11,0,0,34.0174,2.51482e-11,68.0349,5.02965e-11
0.00738448,25.6804,3.85537e-11,0,0,25.6804,3.85537e-11,51.3608,7.71074e-11
0.00742034,15.914,4.94687e-11,0,0,15.914,4.94687e-11,31.8281,9.89373e-11
0.00745619,5.31678,1.09514e-10,0,0,5.31678,1.09514e-10,10.6336,2.19028e-10
0.00749205,-5.46202,3.6182e-11,0,0,-5.46202,3.6182e-11,-10.924,7.23639e-11
0.0075279,-15.7607,1.32962e-10,0,0,-15.7607,1.32962e-10,-31.5214,2.65923e-10
0.00756375,-24.9449,9.76157e-11,0,0,-24.9449,9.76157e-11,-49.8897,1.95231e-10
0.0075996,-32.4457,1.37727e-10,0,0,-32.4457,1.37727e-10,-64.8914,2.75455e-10
0.00763545,-37.7944,1.48972e-10,0,0,-37.7944,1.48972e-10,-75.5888,2.97944e-10
0.00767129,-40.6506,1.7813e-10,0,0,-40.6506,1.7813e-10,-81.3012,3.5626e-10
0.00770714,-40.823,1.83971e-10,0,0,-40.823,1.83971e-10,-81.646,3.67943e-10
0.00774298,-38.2815,1.89076e-10,0,0,-38.2815,1.89076e-10,-76.5631,3.78153e-10
0.00777882,-33.1597,1.65172e-10,0,0,-33.1597,1.65172e-10,-66.3194,3.30344e-10
0.00781465,-25.7473,1.83036e-10,0,0,-25.7473,1.83036e-10,-51.4946,3.66071e-10
0.00785049,-16.4735,1.68891e-10,0,0,-16.4735,1.68891e-10,-32.9471,3.37783e-10
0.00788633,-5.88216,1.79554e-10,0,0,-5.88216,1.79554e-10,-11.7643,3.59107e-10
0.00792216,5.40074,2.09262e-10,0,0,5.40074,2.09262e-10,10.8015,4.18524e-10
0.007958,16.7039,1.69897e-10,0,0,16.7039,1.69897e-10,33.4078,3.39793e-10
0.00799383,27.3511,1.95523e-10,0,0,27.3511,1.95523e-10,54.7022,3.91046e-10
0.00802967,36.7019,1.2236e-10,0,0,36.7019,1.2236e-10,73.4039,2.44721e-10
0.00806551,44.191,1.20152e-10,0,0,44.191,1.20152e-10,88.3819,2.40305e-10
0.00810136,49.3626,1.33468e-10,0,0,49.3626,1.33468e-10,98.7251,2.66937e-10
0.0081372,51.8997,1.68756e-10,0,0,51.8997,1.68756e-10,103.799,3.37513e-10
0.00817305,51.6446,1.33374e-10,0,0,51.6446,1.33374e-10,103.289,2.66748e-10
0.0082089,48.6104,1.45382e-10,0,0,48.6104,1.45382e-10,97.2207,2.90763e-10
0.00824475,42.9818,1.51159e-10,0,0,42.9818,1.51159e-10,85.9637,3.02319e-10
0.00828061,35.1069,1.28374e-10,0,0,35.1069,1.28374e-10,70.2139,2.56748e-10
0.00831646,25.4766,1.07796e-10,0,0,25.4766,1.07796e-10,50.9532,2.15592e-10
0.00835231,14.6978,1.27862e-10,0,0,14.6978,1.27862e-10,29.3955,2.55724e-10
0.00838817,3.45757,1.30844e-10,0,0,3.45757,1.30844e-10,6.91515,2.61689e-10
0.00842402,-7.51739,1.57509e-10,0,0,-7.51739,1.57509e-10,-15.0348,3.15017e-10
0.00845987,-17.5046,1.30328e-10,0,0,-17.5046,1.30328e-10,-35.0092,2.60657e-10
0.00849572,-25.8294,1.52357e-10,0,0,-25.8294,1.52357e-10,-51.6588,3.04714e-10
0.00853157,-31.9071,1.3242e-10,0,0,-31.9071,1.3242e-10,-63.8142,2.64841e-10
0.00856742,-35.2799,1.40985e-10,0,0,-35.2799,1.40985e-10,-70.5598,2.8197e-10
0.00860326,-35.6468,1.40974e-10,0,0,-35.6468,1.40974e-10,-71.2936,2.81948e-10
0.0086391,-32.8846,1.29576e-10,0,0,-32.8846,1.29576e-10,-65.7693,2.59153e-10
0.00867493,-27.059,8.66558e-11,0,0,-27.059,8.66558e-11,-54.1179,1.73312e-10
0.00871077,-18.424,1.48067e-10,0,0,-18.424,1.48067e-10,-36.8479,2.96134e-10
0.0087466,-7.4114,7.23776e-11,0,0,-7.4114,7.23776e-11,-14.8228,1.44755e-10
0.00878243,5.39128,1.01056e-10,0,0,5.39128,1.01056e-10,10.7826,2.02113e-10
0.00881826,19.272,9.47486e-11,0,0,19.272,9.47486e-11,38.5441,1.89497e-10
0.0088541,33.4332,5.95269e-11,0,0,33.4332,5.95269e-11,66.8665,1.19054e-10
0.00888993,47.0363,4.98051e-11,0,0,47.0363,4.98051e-11,94.0726,9.96102e-11
0.00892577,59.2496,3.42935e-11,0,0,59.2496,3.42935e-11,118.499,6.85871e-11
0.0089616,69.2967,1.09357e-10,0,0,69.2967,1.09357e-10,138.593,2.18713e-10
0.00899745,76.5025,5.35659e-11,0,0,76.5025,5.35659e-11,153.005,1.07132e-10
0.00903329,80.3346,4.41751e-11,0,0,80.3346,4.41751e-11,160.669,8.83501e-11
0.00906914,80.4366,8.81995e-12,0,0,80.4366,8.81995e-12,160.873,1.76399e-11
0.00910499,76.6539,4.72039e-11,0,0,76.6539,4.72039e-11,153.308,9.44079e-11
0.00914084,69.0463,2.37656e-11,0,0,69.0463,2.37656e-11,138.093,4.75312e-11
0.00917668,57.888,5.7534e-11,0,0,57.888,5.7534e-11,115.776,1.15068e-10
0.00921252,43.6558,7.36919e-11,0,0,43.6558,7.36919e-11,87.3116,1.47384e-10
0.00924837,27.0058,7.30605e-11,0,0,27.0058,7.30605e-11,54.0116,1.46121e-10
0.00928421,8.74074,5.73843e-11,0,0,8.74074,5.73843e-11,17.4815,1.14769e-10
0.00932006,-10.2324,7.61092e-11,0,0,-10.2324,7.61092e-11,-20.4648,1.52218e-10
0.00935591,-28.9504,5.61148e-11,0,0,-28.9504,5.61148e-11,-57.9008,1.1223e-10
0.00939177,-46.444,5.13031e-11,0,0,-46.444,5.13031e-11,-92.8881,1.02606e-10
0.00942762,-61.7956,1.07298e-10,0,0,-61.7956,1.07298e-10,-123.591,2.14596e-10
0.00946347,-74.1897,6.92457e-11,0,0,-74.1897,6.92457e-11,-148.379,1.38491e-10
0.00949932,-82.9586,9.10006e-11,0,0,-82.9586,9.10006e-11,-165.917,1.82001e-10
0.00953517,-87.6201,8.27557e-11,0,0,-87.6201,8.27557e-11,-175.24,1.65511e-10
0.00957101,-87.9075,7.13706e-11,0,0,-87.9075,7.13706e-11,-175.815,1.42741e-10
0.00960685,-83.7844,5.37642e-11,0,0,-83.7844,5.37642e-11,-167.569,1.07528e-10
0.00964268,-75.4486,3.25909e-11,0,0,-75.4486,3.25909e-11,-150.897,6.51818e-11
0.00967851,-63.3227,8.05044e-12,0,0,-63.3227,8.05044e-12,-126.645,1.61009e-11
0.00971434,-48.0316,2.55746e-11,0,0,-48.0316,2.55746e-11,-96.0631,5.11491e-11
0.00975017,-30.3694,-4.6223e-12,0,0,-30.3694,-4.6223e-12,-60.7387,-9.24459e-12
0.009786,-11.2566,2.22963e-11,0,0,-11.2566,2.22963e-11,-22.5132,4.45926e-11
0.00982182,8.30989,-1.0432e-11,0,0,8.30989,-1.0432e-11,16.6198,-2.0864e-11
0.00985765,27.3118,-1.93786e-11,0,0,27.3118,-1.93786e-11,54.6236,-3.87572e-11
0.00989348,44.765,-4.57663e-11,0,0,44.765,-4.57663e-11,89.53,-9.15327e-11
0.00992932,59.7742,-6.8296e-11,0,0,59.7742,-6.8296e-11,119.548,-1.36592e-10
0.00996515,71.5825,-6.847e-11,0,0,71.5825,-6.847e-11,143.165,-1.3694e-10
0.010001,79.6132,-5.48405e-11,0,0,79.6132,-5.48405e-11,159.226,-1.09681e-10
0.0100368,83.5023,-4.06229e-11,0,0,83.5023,-4.06229e-11,167.005,-8.12459e-11
0.0100727,83.1184,-7.68482e-11,0,0,83.1184,-7.68482e-11,166.237,-1.53696e-10
0.0101085,78.5701,-4.38456e-11,0,0,78.5701,-4.38456e-11,157.14,-8.76911e-11
0.0101444,70.1998,-2.93519e-11,0,0,70.1998,-2.93519e-11,140.4,-5.87038e-11
0.0101802,58.5612,-1.41086e-11,0,0,58.5612,-1.41086e-11,117.122,-2.82172e-11
0.0102161,44.3879,2.46258e-11,0,0,44.3879,2.46258e-11,88.7757,4.92517e-11
0.0102519,28.5501,2.69657e-11,0,0,28.5501,2.69657e-11,57.1001,5.39314e-11
0.0102878,12.0062,3.07927e-11,0,0,12.0062,3.07927e-11,24.0124,6.15854e-11
0.0103236,-4.25344,4.26159e-11,0,0,-4.25344,4.26159e-11,-8.50687,8.52318e-11
0.0103595,-19.2661,6.77641e-11,0,0,-19.2661,6.77641e-11,-38.5321,1.35528e-10
0.0103953,-32.1511,5.28763e-11,0,0,-32.1511,5.28763e-11,-64.3022,1.05753e-10
0.0104312,-42.1615,8.06291e-11,0,0,-42.1615,8.06291e-11,-84.3229,1.61258e-10
0.010467,-48.7265,6.90459e-11,0,0,-48.7265,6.90459e-11,-97.453,1.38092e-10
0.0105029,-51.4859,5.09924e-11,0,0,-51.4859,5.09924e-11,-102.972,1.01985e-10
0.0105387,-50.31,3.87887e-11,0,0,-50.31,3.87887e-11,-100.62,7.75774e-11
0.0105745,-45.3065,2.92241e-11,0,0,-45.3065,2.92241e-11,-90.613,5.84481e-11
0.0106104,-36.814,2.23966e-11,0,0,-36.814,2.23966e-11,-73.6281,4.47933e-11
0.0106462,-25.3812,-9.61227e-12,0,0,-25.3812,-9.61227e-12,-50.7623,-1.92245e-11
0.010682,-11.7339,-5.79309e-11,0,0,-11.7339,-5.79309e-11,-23.4678,-1.15862e-10
0.0107179,3.26765,-6.60398e-11,0,0,3.26765,-6.60398e-11,6.53531,-1.3208e-10
0.0107537,18.6807,-8.95833e-11,0,0,18.6807,-8.95833e-11,37.3615,-1.79167e-10
0.0107895,33.5363,-8.75328e-11,0,0,33.5363,-8.75328e-11,67.0727,-1.75066e-10
0.0108254,46.8975,-1.72733e-10,0,0,46.8975,-1.72733e-10,93.795,-3.45465e-10
0.0108612,57.9162,-1.2721e-10,0,0,57.9162,-1.2721e-10,115.832,-2.54421e-10
0.0108971,65.8851,-8.96514e-11,0,0,65.8851,-8.96514e-11,131.77,-1.79303e-10
0.0109329,70.2813,-1.55945e-10,0,0,70.2813,-1.55945e-10,140.563,-3.11889e-10
0.0109687,70.8001,-1.62729e-10,0,0,70.8001,-1.62729e-10,141.6,-3.25458e-10
0.0110046,67.3761,-1.90241e-10,0,0,67.3761,-1.90241e-10,134.752,-3.80482e-10
0.0110404,60.1884,-1.31178e-10,0,0,60.1884,-1.31178e-10,120.377,-2.62355e-10
0.0110763,49.6508,-1.38669e-10,0,0,49.6508,-1.38669e-10,99.3015,-2.77337e-10
0.0111121,36.3892,-1.50799e-10,0,0,36.3892,-1.50799e-10,72.7783,-3.01599e-10
0.011148,21.2059,-1.42408e-10,0,0,21.2059,-1.42408e-10,42.4118,-2.84816e-10
0.0111838,5.03365,-1.01671e-10,0,0,5.03365,-1.01671e-10,10.0673,-2.03342e-10
0.0112197,-11.1171,-9.95535e-11,0,0,-11.1171,-9.95535e-11,-22.2342,-1.99107e-10
0.0112555,-26.2213,-6.75478e-11,0,0,-26.2213,-6.75478e-11,-52.4426,-1.35096e-10
0.0112914,-39.3021,-8.52463e-11,0,0,-39.3021,-8.52463e-11,-78.6043,-1.70493e-10
0.0113272,-49.4896,-4.44591e-11,0,0,-49.4896,-4.44591e-11,-98.9792,-8.89183e-11
0.0113631,-56.0749,-2.95672e-11,0,0,-56.0749,-2.95672e-11,-112.15,-5.91343e-11
0.0113989,-58.5561,-2.009e-11,0,0,-58.5561,-2.009e-11,-117.112,-4.018e-11
0.0114347,-56.6717,-4.03898e-11,0,0,-56.6717,-4.03898e-11,-113.343,-8.07797e-11
0.0114706,-50.42,-6.41479e-12,0,0,-50.42,-6.41479e-12,-100.84,-1.28296e-11
0.0115064,-40.0631,2.46495e-12,0,0,-40.0631,2.46495e-12,-80.1263,4.9299e-12
0.0115422,-26.1164,-8.85606e-12,0,0,-26.1164,-8.85606e-12,-52.2329,-1.77121e-11
0.0115781,-9.32214,1.5317e-11,0,0,-9.32214,1.5317e-11,-18.6443,3.0634e-11
0.0116139,9.39019,-2.31725e-11,0,0,9.39019,-2.31725e-11,18.7804,-4.6345e-11
0.0116497,28.9551,-3.80058e-11,0,0,28.9551,-3.80058e-11,57.9101,-7.60115e-11
0.0116855,48.2309,-2.55015e-11,0,0,48.2309,-2.55015e-11,96.4619,-5.10029e-11
0.0117214,66.0659,-1.27579e-11,0,0,66.0659,-1.27579e-11,132.132,-2.55157e-11
0.0117572,81.3644,-3.99254e-12,0,0,81.3644,-3.99254e-12,162.729,-7.98507e-12
0.011793,93.1529,1.72115e-11,0,0,93.1529,1.72115e-11,186.306,3.4423e-11
0.0118289,100.639,1.5717e-11,0,0,100.639,1.5717e-11,201.277,3.1434e-11
0.0118647,103.259,-1.15606e-11,0,0,103.259,-1.15606e-11,206.518,-2.31213e-11
0.0119006,100.722,7.24144e-12,0,0,100.722,7.24144e-12,201.444,1.44829e-11
0.0119364,93.0272,5.4917e-11,0,0,93.0272,5.4917e-11,186.054,1.09834e-10
0.0119722,80.467,6.48703e-12,0,0,80.467,6.48703e-12,160.934,1.29741e-11
0.0120081,63.6158,9.71843e-12,0,0,63.6158,9.71843e-12,127.232,1.94369e-11
0.0120439,43.3012,3.63464e-11,0,0,43.3012,3.63464e-11,86.6024,7.26928e-11
0.0120797,20.5607,1.41767e-11,0,0,20.5607,1.41767e-11,41.1214,2.83534e-11
0.0121156,-3.4131,6.87175e-12,0,0,-3.4131,6.87175e-12,-6.8262,1.37435e-11
0.0121514,-27.3376,4.48556e-11,0,0,-27.3376,4.48556e-11,-54.6751,8.97113e-11
0.0121873,-49.9101,6.93423e-11,0,0,-49.9101,6.93423e-11,-99.8201,1.38685e-10
0.0122231,-69.8798,1.94344e-11,0,0,-69.8798,1.94344e-11,-139.76,3.88688e-11
0.012259,-86.1289,4.31091e-12,0,0,-86.1289,4.31091e-12,-172.258,8.62183e-12
0.0122948,-97.7328,5.81383e-11,0,0,-97.7328,5.81383e-11,-195.466,1.16277e-10
0.0123307,-104.015,-4.47708e-11,0,0,-104.015,-4.47708e-11,-208.031,-8.95417e-11
0.0123665,-104.591,-7.45453e-11,0,0,-104.591,-7.45453e-11,-209.181,-1.49091e-10
0.0124023,-99.3884,-5.02448e-11,0,0,-99.3884,-5.02448e-11,-198.777,-1.0049e-10
0.0124382,-88.66,-1.28557e-10,0,0,-88.66,-1.28557e-10,-177.32,-2.57115e-10
0.012474,-72.9685,-1.31172e-10,0,0,-72.9685,-1.31172e-10,-145.937,-2.62344e-10
0.0125098,-53.1594,-1.2696e-10,0,0,-53.1594,-1.2696e-10,-106.319,-2.53921e-10
0.0125456,-30.3154,-1.76264e-10,0,0,-30.3154,-1.76264e-10,-60.6308,-3.52529e-10
0.0125815,-5.69823,-1.87613e-10,0,0,-5.69823,-1.87613e-10,-11.3965,-3.75225e-10
0.0126173,19.321,-2.02249e-10,0,0,19.321,-2.02249e-10,38.642,-4.04498e-10
0.0126531,43.3381,-1.98353e-10,0,0,43.3381,-1.98353e-10,86.6763,-3.96705e-10
0.0126889,64.9949,-1.89507e-10,0,0,64.9949,-1.89507e-10,129.99,-3.79014e-10
0.0127248,83.0561,-2.35349e-10,0,0,83.0561,-2.35349e-10,166.112,-4.70697e-10
0.0127606,96.4812,-2.20366e-10,0,0,96.4812,-2.20366e-10,192.962,-4.40731e-10
0.0127964,104.485,-1.91395e-10,0,0,104.485,-1.91395e-10,208.97,-3.82789e-10
0.0128323,106.585,-1.74523e-10,0,0,106.585,-1.74523e-10,213.171,-3.49047e-10
0.0128681,102.637,-1.33002e-10,0,0,102.637,-1.33002e-10,205.273,-2.66004e-10
0.0129039,92.838,-1.20903e-10,0,0,92.838,-1.20903e-10,185.676,-2.41806e-10
0.0129398,77.7212,-1.18035e-10,0,0,77.7212,-1.18035e-10,155.442,-2.3607e-10
0.0129756,58.1238,-6.3024e-11,0,0,58.1238,-6.3024e-11,116.248,-1.26048e-10
0.0130114,35.1435,-4.33743e-11,0,0,35.1435,-4.33743e-11,70.2869,-8.67486e-11
0.0130473,10.078,1.05402e-11,0,0,10.078,1.05402e-11,20.1561,2.10803e-11
0.0130831,-15.6459,-2.21938e-11,0,0,-15.6459,-2.21938e-11,-31.2918,-4.43876e-11
0.013119,-40.5519,1.56677e-11,0,0,-40.5519,1.56677e-11,-81.1038,3.13354e-11
0.0131548,-63.1932,-5.98139e-12,0,0,-63.1932,-5.98139e-12,-126.386,-1.19628e-11
0.0131907,-82.2477,3.28063e-11,0,0,-82.2477,3.28063e-11,-164.495,6.56126e-11
0.0132265,-96.5889,6.00819e-11,0,0,-96.5889,6.00819e-11,-193.178,1.20164e-10
0.0132624,-105.351,2.92929e-11,0,0,-105.351,2.92929e-11,-210.701,5.85859e-11
0.0132982,-107.979,2.69968e-11,0,0,-107.979,2.69968e-11,-215.957,5.39936e-11
0.013334,-104.265,3.03685e-11,0,0,-104.265,3.03685e-11,-208.529,6.07369e-11
0.0133699,-94.3586,2.98907e-12,0,0,-94.3586,2.98907e-12,-188.717,5.97813e-12
0.0134057,-78.7614,8.60065e-12,0,0,-78.7614,8.60065e-12,-157.523,1.72013e-11
0.0134415,-58.2981,-1.26214e-11,0,0,-58.2981,-1.26214e-11,-116.596,-2.52429e-11
0.0134773,-34.0721,-1.89264e-11,0,0,-34.0721,-1.89264e-11,-68.1443,-3.78528e-11
0.0135131,-7.40338,-3.18859e-11,0,0,-7.40338,-3.18859e-11,-14.8068,-6.37718e-11
0.013549,20.2461,-5.09926e-11,0,0,20.2461,-5.09926e-11,40.4922,-1.01985e-10
0.0135848,47.3549,-2.86449e-11,0,0,47.3549,-2.86449e-11,94.7098,-5.72898e-11
0.0136206,72.4292,-7.67457e-11,0,0,72.4292,-7.67457e-11,144.858,-1.53491e-10
0.0136564,94.0886,-6.6855e-11,0,0,94.0886,-6.6855e-11,188.177,-1.3371e-10
0.0136923,111.146,-6.29851e-11,0,0,111.146,-6.29851e-11,222.291,-1.2597e-10
0.0137281,122.676,-6.13323e-11,0,0,122.676,-6.13323e-11,245.353,-1.22665e-10
0.0137639,128.073,-2.62322e-11,0,0,128.073,-2.62322e-11,256.145,-5.24643e-11
0.0137998,127.086,-4.6293e-11,0,0,127.086,-4.6293e-11,254.171,-9.25859e-11
0.0138356,119.837,-2.7505e-11,0,0,119.837,-2.7505e-11,239.675,-5.501e-11
0.0138714,106.81,-3.44578e-11,0,0,106.81,-3.44578e-11,213.621,-6.89156e-11
0.0139073,88.822,1.25458e-11,0,0,88.822,1.25458e-11,177.644,2.50915e-11
0.0139431,66.9762,9.15694e-12,0,0,66.9762,9.15694e-12,133.952,1.83139e-11
0.0139789,42.6015,3.76158e-11,0,0,42.6015,3.76158e-11,85.203,7.52316e-11
0.0140148,17.174,3.5527e-11,0,0,17.174,3.5527e-11,34.3481,7.10539e-11
0.0140506,-7.76553,7.26711e-11,0,0,-7.76553,7.26711e-11,-15.5311,1.45342e-10
0.0140865,-30.7016,4.8791e-11,0,0,-30.7016,4.8791e-11,-61.4032,9.7582e-11
0.0141223,-50.2441,8.11009e-11,0,0,-50.2441,8.11009e-11,-100.488,1.62202e-10
0.0141582,-65.2063,8.45773e-11,0,0,-65.2063,8.45773e-11,-130.413,1.69155e-10
0.014194,-74.6761,8.26812e-11,0,0,-74.6761,8.26812e-11,-149.352,1.65362e-10
0.0142298,-78.0743,9.17623e-11,0,0,-78.0743,9.17623e-11,-156.149,1.83525e-10
0.0142657,-75.1896,5.6304e-11,0,0,-75.1896,5.6304e-11,-150.379,1.12608e-10
0.0143015,-66.1921,9.31949e-11,0,0,-66.1921,9.31949e-11,-132.384,1.8639e-10
0.0143373,-51.6254,1.17372e-10,0,0,-51.6254,1.17372e-10,-103.251,2.34743e-10
0.0143731,-32.3779,5.57062e-11,0,0,-32.3779,5.57062e-11,-64.7558,1.11412e-10
0.0144089,-9.63606,8.74357e-11,0,0,-9.63606,8.74357e-11,-19.2721,1.74871e-10
0.0144448,15.1874,8.499e-11,0,0,15.1874,8.499e-11,30.3747,1.6998e-10
0.0144806,40.5348,4.15301e-11,0,0,40.5348,4.15301e-11,81.0695,8.30603e-11
0.0145164,64.795,5.54275e-11,0,0,64.795,5.54275e-11,129.59,1.10855e-10
0.0145522,86.3991,2.30155e-11,0,0,86.3991,2.30155e-11,172.798,4.60309e-11
0.0145881,103.915,4.26578e-11,0,0,103.915,4.26578e-11,207.831,8.53155e-11
0.0146239,116.137,4.1139e-11,0,0,116.137,4.1139e-11,232.273,8.2278e-11
0.0146598,122.156,1.12101e-11,0,0,122.156,1.12101e-11,244.312,2.24202e-11
0.0146956,121.434,6.78517e-11,0,0,121.434,6.78517e-11,242.868,1.35703e-10
0.0147314,113.832,2.60386e-11,0,0,113.832,2.60386e-11,227.664,5.20772e-11
0.0147672,99.6208,1.06927e-10,0,0,99.6208,1.06927e-10,199.242,2.13854e-10
0.014803,79.4731,1.01442e-10,0,0,79.4731,1.01442e-10,158.946,2.02885e-10
0.0148389,54.4281,1.07406e-10,0,0,54.4281,1.07406e-10,108.856,2.14811e-10
0.0148747,25.8374,1.49216e-10,0,0,25.8374,1.49216e-10,51.6749,2.98432e-10
0.0149105,-4.70796,1.44649e-10,0,0,-4.70796,1.44649e-10,-9.41592,2.89298e-10
0.0149464,-35.4661,1.59863e-10,0,0,-35.4661,1.59863e-10,-70.9322,3.19726e-10
0.0149822,-64.6418,1.69993e-10,0,0,-64.6418,1.69993e-10,-129.284,3.39987e-10
0.0150181,-90.4811,1.53153e-10,0,0,-90.4811,1.53153e-10,-180.962,3.06306e-10
0.0150539,-111.399,1.47195e-10,0,0,-111.399,1.47195e-10,-222.798,2.94389e-10
0.0150897,-126.064,1.44278e-10,0,0,-126.064,1.44278e-10,-252.128,2.88555e-10
0.0151256,-133.479,1.20605e-10,0,0,-133.479,1.20605e-10,-266.958,2.4121e-10
0.0151614,-133.052,1.33781e-10,0,0,-133.052,1.33781e-10,-266.103,2.67561e-10
0.0151972,-124.626,1.14063e-10,0,0,-124.626,1.14063e-10,-249.252,2.28126e-10
0.015233,-108.501,6.22728e-11,0,0,-108.501,6.22728e-11,-217.001,1.24546e-10
0.0152688,-85.418,5.6375e-11,0,0,-85.418,5.6375e-11,-170.836,1.1275e-10
0.0153046,-56.5291,7.08947e-11,0,0,-56.5291,7.08947e-11,-113.058,1.41789e-10
0.0153404,-23.3381,1.71794e-11,0,0,-23.3381,1.71794e-11,-46.6762,3.43587e-11
0.0153762,12.3765,2.56776e-11,0,0,12.3765,2.56776e-11,24.7531,5.13552e-11
0.0154121,48.6648,3.88278e-11,0,0,48.6648,3.88278e-11,97.3296,7.76556e-11
0.0154479,83.5103,2.67507e-11,0,0,83.5103,2.67507e-11,167.021,5.35014e-11
0.0154837,114.944,-3.92744e-11,0,0,114.944,-3.92744e-11,229.887,-7.85488e-11
0.0155195,141.155,-5.61739e-11,0,0,141.155,-5.61739e-11,282.31,-1.12348e-10
0.0155553,160.598,-1.77769e-11,0,0,160.598,-1.77769e-11,321.196,-3.55538e-11
0.0155912,172.083,1.38256e-11,0,0,172.083,1.38256e-11,344.167,2.76512e-11
0.015627,174.855,3.84027e-11,0,0,174.855,3.84027e-11,349.71,7.68054e-11
0.0156628,168.646,6.2127e-11,0,0,168.646,6.2127e-11,337.292,1.24254e-10
0.0156986,153.684,6.88307e-11,0,0,153.684,6.88307e-11,307.368,1.37661e-10
0.0157344,130.686,1.24293e-10,0,0,130.686,1.24293e-10,261.372,2.48587e-10
0.0157702,100.819,1.61865e-10,0,0,100.819,1.61865e-10,201.638,3.23731e-10
0.0158061,65.6415,1.58305e-10,0,0,65.6415,1.58305e-10,131.283,3.1661e-10
0.0158419,27.0193,2.32281e-10,0,0,27.0193,2.32281e-10,54.0386,4.64561e-10
0.0158777,-12.9737,2.53194e-10,0,0,-12.9737,2.53194e-10,-25.9473,5.06388e-10
0.0159135,-52.1692,2.75796e-10,0,0,-52.1692,2.75796e-10,-104.338,5.51592e-10
0.0159494,-88.4224,2.69638e-10,0,0,-88.4224,2.69638e-10,-176.845,5.39276e-10
0.0159852,-119.726,2.76063e-10,0,0,-119.726,2.76063e-10,-239.452,5.52127e-10
0.0160211,-144.354,2.8666e-10,0,0,-144.354,2.8666e-10,-288.707,5.7332e-10
0.0160569,-160.944,2.09151e-10,0,0,-160.944,2.09151e-10,-321.888,4.18303e-10
0.0160928,-168.585,2.55749e-10,0,0,-168.585,2.55749e-10,-337.17,5.11499e-10
0.0161286,-166.867,2.64305e-10,0,0,-166.867,2.64305e-10,-333.734,5.2861e-10
0.0161644,-155.904,2.20006e-10,0,0,-155.904,2.20006e-10,-311.807,4.40012e-10
0.0162002,-136.328,1.2905e-10,0,0,-136.328,1.2905e-10,-272.655,2.58099e-10
0.016236,-109.258,1.11757e-10,0,0,-109.258,1.11757e-10,-218.516,2.23514e-10
0.0162718,-76.2409,1.3683e-10,0,0,-76.2409,1.3683e-10,-152.482,2.7366e-10
0.0163076,-39.1716,3.65453e-11,0,0,-39.1716,3.65453e-11,-78.3432,7.30906e-11
0.0163434,-0.176679,1.82208e-11,0,0,-0.176679,1.82208e-11,-0.353357,3.64416e-11
0.0163792,38.502,4.12423e-11,0,0,38.502,4.12423e-11,77.004,8.24845e-11
0.016415,74.6346,-3.81165e-11,0,0,74.6346,-3.81165e-11,149.269,-7.62329e-11
0.0164509,106.131,-1.33804e-11,0,0,106.131,-1.33804e-11,212.263,-2.67608e-11
0.0164867,131.164,-3.20347e-11,0,0,131.164,-3.20347e-11,262.328,-6.40694e-11
0.0165225,148.271,-3.14904e-11,0,0,148.271,-3.14904e-11,296.541,-6.29807e-11
0.0165583,156.448,-5.33812e-12,0,0,156.448,-5.33812e-12,312.895,-1.06762e-11
0.0165942,155.223,1.76906e-12,0,0,155.223,1.76906e-12,310.447,3.53811e-12
0.01663,144.67,-1.33531e-11,0,0,144.67,-1.33531e-11,289.341,-2.67062e-11
0.0166658,125.403,2.88342e-11,0,0,125.403,2.88342e-11,250.806,5.76684e-11
0.0167016,98.5437,1.03438e-10,0,0,98.5437,1.03438e-10,197.087,2.06876e-10
0.0167374,65.66,1.24569e-10,0,0,65.66,1.24569e-10,131.32,2.49138e-10
0.0167732,28.679,1.70432e-10,0,0,28.679,1.70432e-10,57.3579,3.40864e-10
0.016809,-10.2215,1.87913e-10,0,0,-10.2215,1.87913e-10,-20.4431,3.75825e-10
0.0168449,-48.7351,2.26964e-10,0,0,-48.7351,2.26964e-10,-97.4702,4.53927e-10
0.0168807,-84.5506,2.54974e-10,0,0,-84.5506,2.54974e-10,-169.101,5.09948e-10
0.0169166,-115.497,2.70123e-10,0,0,-115.497,2.70123e-10,-230.995,5.40247e-10
0.0169524,-139.686,2.87378e-10,0,0,-139.686,2.87378e-10,-279.373,5.74755e-10
0.0169882,-155.611,3.08001e-10,0,0,-155.611,3.08001e-10,-311.222,6.16002e-10
0.0170241,-162.249,2.73688e-10,0,0,-162.249,2.73688e-10,-324.497,5.47376e-10
0.0170599,-159.114,2.60894e-10,0,0,-159.114,2.60894e-10,-318.228,5.21789e-10
0.0170957,-146.289,2.77268e-10,0,0,-146.289,2.77268e-10,-292.577,5.54536e-10
0.0171315,-124.42,2.73274e-10,0,0,-124.42,2.73274e-10,-248.84,5.46547e-10
0.0171673,-94.6897,2.3738e-10,0,0,-94.6897,2.3738e-10,-189.379,4.74761e-10
0.0172031,-58.7485,1.81515e-10,0,0,-58.7485,1.81515e-10,-117.497,3.6303e-10
0.0172389,-18.631,1.5701e-10,0,0,-18.631,1.5701e-10,-37.2621,3.14021e-10
0.0172747,23.3603,1.19292e-10,0,0,23.3603,1.19292e-10,46.7206,2.38584e-10
0.0173105,64.7961,1.15517e-10,0,0,64.7961,1.15517e-10,129.592,2.31033e-10
0.0173463,103.256,7.73318e-11,0,0,103.256,7.73318e-11,206.513,1.54664e-10
0.0173821,136.472,2.54836e-11,0,0,136.472,2.54836e-11,272.945,5.09673e-11
0.0174179,162.462,6.30668e-11,0,0,162.462,6.30668e-11,324.924,1.26134e-10
0.0174537,179.646,-2.02284e-11,0,0,179.646,-2.02284e-11,359.292,-4.04569e-11
0.0174896,186.96,1.36188e-12,0,0,186.96,1.36188e-12,373.919,2.72377e-12
0.0175254,183.925,9.67795e-12,0,0,183.925,9.67795e-12,367.85,1.93559e-11
0.0175612,170.667,4.44126e-11,0,0,170.667,4.44126e-11,341.334,8.88251e-11
0.0175969,147.912,5.75738e-11,0,0,147.912,5.75738e-11,295.824,1.15148e-10
0.0176327,116.948,4.37391e-11,0,0,116.948,4.37391e-11,233.896,8.74781e-11
0.0176685,79.5572,5.01233e-11,0,0,79.5572,5.01233e-11,159.114,1.00247e-10
0.0177044,37.9183,7.64449e-11,0,0,37.9183,7.64449e-11,75.8367,1.5289e-10
0.0177402,-5.51368,9.62126e-11,0,0,-5.51368,9.62126e-11,-11.0274,1.92425e-10
0.017776,-48.145,6.46512e-11,0,0,-48.145,6.46512e-11,-96.2901,1.29302e-10
0.0178119,-87.3846,5.56254e-11,0,0,-87.3846,5.56254e-11,-174.769,1.11251e-10
0.0178477,-120.797,3.32806e-12,0,0,-120.797,3.32806e-12,-241.594,6.65612e-12
0.0178835,-146.276,-7.61541e-12,0,0,-146.276,-7.61541e-12,-292.553,-1.52308e-11
0.0179194,-162.159,-7.2449e-11,0,0,-162.159,-7.2449e-11,-324.318,-1.44898e-10
0.0179552,-167.336,-1.07168e-10,0,0,-167.336,-1.07168e-10,-334.671,-2.14337e-10
0.017991,-161.309,-1.57217e-10,0,0,-161.309,-1.57217e-10,-322.618,-3.14433e-10
0.0180268,-144.231,-1.89663e-10,0,0,-144.231,-1.89663e-10,-288.463,-3.79326e-10
0.0180626,-116.9,-2.77361e-10,0,0,-116.9,-2.77361e-10,-233.8,-5.54722e-10
0.0180983,-80.7221,-3.11719e-10,0,0,-80.7221,-3.11719e-10,-161.444,-6.23438e-10
0.0181341,-37.6419,-3.5415e-10,0,0,-37.6419,-3.5415e-10,-75.2838,-7.083e-10
0.0181699,9.96255,-4.16406e-10,0,0,9.96255,-4.16406e-10,19.9251,-8.32813e-10
0.0182057,59.3949,-4.78561e-10,0,0,59.3949,-4.78561e-10,118.79,-9.57123e-10
0.0182415,107.819,-4.96258e-10,0,0,107.819,-4.96258e-10,215.637,-9.92515e-10
0.0182773,152.409,-5.2884e-10,0,0,152.409,-5.2884e-10,304.819,-1.05768e-09
0.0183131,190.518,-5.45319e-10,0,0,190.518,-5.45319e-10,381.037,-1.09064e-09
0.018349,219.829,-5.87132e-10,0,0,219.829,-5.87132e-10,439.658,-1.17426e-09
0.0183848,238.491,-5.82973e-10,0,0,238.491,-5.82973e-10,476.982,-1.16595e-09
0.0184206,245.263,-5.24263e-10,0,0,245.263,-5.24263e-10,490.526,-1.04853e-09
0.0184564,239.586,-5.53659e-10,0,0,239.586,-5.53659e-10,479.172,-1.10732e-09
0.0184922,221.607,-5.49744e-10,0,0,221.607,-5.49744e-10,443.214,-1.09949e-09
0.0185279,192.174,-4.89073e-10,0,0,192.174,-4.89073e-10,384.348,-9.78146e-10
0.0185637,152.796,-4.56175e-10,0,0,152.796,-4.56175e-10,305.593,-9.12351e-10
0.0185995,105.567,-4.68488e-10,0,0,105.567,-4.68488e-10,211.134,-9.36976e-10
0.0186353,53.0496,-4.68098e-10,0,0,53.0496,-4.68098e-10,106.099,-9.36197e-10
0.0186711,-1.85503,-4.12631e-10,0,0,-1.85503,-4.12631e-10,-3.71006,-8.25261e-10
0.0187069,-56.0691,-4.05952e-10,0,0,-56.0691,-4.05952e-10,-112.138,-8.11903e-10
0.0187428,-106.507,-4.1709e-10,0,0,-106.507,-4.1709e-10,-213.014,-8.3418e-10
0.0187786,-150.222,-4.04242e-10,0,0,-150.222,-4.04242e-10,-300.444,-8.08485e-10
0.0188145,-184.65,-4.3526e-10,0,0,-184.65,-4.3526e-10,-369.3,-8.70521e-10
0.0188503,-207.729,-4.99657e-10,0,0,-207.729,-4.99657e-10,-415.457,-9.99314e-10
0.0188861,-218.038,-5.44262e-10,0,0,-218.038,-5.44262e-10,-436.076,-1.08852e-09
0.0189219,-214.869,-5.85756e-10,0,0,-214.869,-5.85756e-10,-429.738,-1.17151e-09
0.0189577,-198.267,-6.77944e-10,0,0,-198.267,-6.77944e-10,-396.535,-1.35589e-09
0.0189934,-169.04,-7.45177e-10,0,0,-169.04,-7.45177e-10,-338.08,-1.49035e-09
0.0190292,-128.715,-8.28242e-10,0,0,-128.715,-8.28242e-10,-257.431,-1.65648e-09
0.019065,-79.4683,-8.69961e-10,0,0,-79.4683,-8.69961e-10,-158.937,-1.73992e-09
0.0191008,-24.0045,-9.37808e-10,0,0,-24.0045,-9.37808e-10,-48.0091,-1.87562e-09
0.0191365,34.5754,-9.78521e-10,0,0,34.5754,-9.78521e-10,69.1509,-1.95704e-09
0.0191723,92.948,-1.01006e-09,0,0,92.948,-1.01006e-09,185.896,-2.02012e-09
0.0192081,147.774,-1.04375e-09,0,0,147.774,-1.04375e-09,295.549,-2.0875e-09
0.0192439,195.879,-1.08143e-09,0,0,195.879,-1.08143e-09,391.758,-2.16285e-09
0.0192798,234.435,-1.10357e-09,0,0,234.435,-1.10357e-09,468.869,-2.20714e-09
0.0193156,261.121,-1.07551e-09,0,0,261.121,-1.07551e-09,522.242,-2.15103e-09
0.0193514,274.282,-1.06664e-09,0,0,274.282,-1.06664e-09,548.563,-2.13329e-09
0.0193872,273.05,-9.92436e-10,0,0,273.05,-9.92436e-10,546.1,-1.98487e-09
0.0194229,257.366,-9.95649e-10,0,0,257.366,-9.95649e-10,514.733,-1.9913e-09
0.0194587,227.982,-9.35024e-10,0,0,227.982,-9.35024e-10,455.965,-1.87005e-09
0.0194945,186.423,-8.75341e-10,0,0,186.423,-8.75341e-10,372.846,-1.75068e-09
0.0195303,134.905,-7.9755e-10,0,0,134.905,-7.9755e-10,269.81,-1.5951e-09
0.019566,76.2166,-7.58094e-10,0,0,76.2166,-7.58094e-10,152.433,-1.51619e-09
0.0196018,13.571,-6.8658e-10,0,0,13.571,-6.8658e-10,27.1421,-1.37316e-09
0.0196377,-49.5707,-6.79763e-10,0,0,-49.5707,-6.79763e-10,-99.1414,-1.35953e-09
0.0196735,-109.689,-6.45358e-10,0,0,-109.689,-6.45358e-10,-219.377,-1.29072e-09
0.0197094,-163.377,-6.37068e-10,0,0,-163.377,-6.37068e-10,-326.755,-1.27414e-09
0.0197452,-207.591,-6.23084e-10,0,0,-207.591,-6.23084e-10,-415.182,-1.24617e-09
0.019781,-239.821,-6.11328e-10,0,0,-239.821,-6.11328e-10,-479.641,-1.22266e-09
0.0198168,-258.256,-6.61711e-10,0,0,-258.256,-6.61711e-10,-516.512,-1.32342e-09
0.0198526,-261.868,-7.0422e-10,0,0,-261.868,-7.0422e-10,-523.737,-1.40844e-09
0.0198884,-250.468,-7.46338e-10,0,0,-250.468,-7.46338e-10,-500.936,-1.49268e-09
0.0199242,-224.719,-7.73864e-10,0,0,-224.719,-7.73864e-10,-449.439,-1.54773e-09
0.0199599,-186.106,-7.98685e-10,0,0,-186.106,-7.98685e-10,-372.213,-1.59737e-09
0.0199957,-136.855,-8.95756e-10,0,0,-136.855,-8.95756e-10,-273.71,-1.79151e-09
0.0200315,-79.8137,-9.44874e-10,0,0,-79.8137,-9.44874e-10,-159.627,-1.88975e-09
0.0200672,-18.2987,-1.05197e-09,0,0,-18.2987,-1.05197e-09,-36.5973,-2.10393e-09
0.020103,44.07,-1.0879e-09,0,0,44.07,-1.0879e-09,88.1401,-2.1758e-09
0.0201388,103.622,-1.09134e-09,0,0,103.622,-1.09134e-09,207.244,-2.18267e-09
0.0201746,156.831,-1.146e-09,0,0,156.831,-1.146e-09,313.662,-2.292e-09
0.0202104,200.52,-1.11582e-09,0,0,200.52,-1.11582e-09,401.04,-2.23163e-09
0.0202462,232.043,-1.121e-09,0,0,232.043,-1.121e-09,464.086,-2.24201e-09
0.020282,249.47,-1.13745e-09,0,0,249.47,-1.13745e-09,498.94,-2.27489e-09
0.0203178,251.728,-1.1582e-09,0,0,251.728,-1.1582e-09,503.456,-2.31641e-09
0.0203536,238.63,-1.09811e-09,0,0,238.63,-1.09811e-09,477.26,-2.19622e-09
0.0203893,210.884,-1.07968e-09,0,0,210.884,-1.07968e-09,421.769,-2.15937e-09
0.0204251,170.056,-1.04086e-09,0,0,170.056,-1.04086e-09,340.112,-2.08172e-09
0.0204609,118.482,-9.64715e-10,0,0,118.482,-9.64715e-10,236.964,-1.92943e-09
0.0204966,59.1444,-9.13339e-10,0,0,59.1444,-9.13339e-10,118.289,-1.82668e-09
0.0205324,-4.49225,-9.2915e-10,0,0,-4.49225,-9.2915e-10,-8.9845,-1.8583e-09
0.0205683,-68.673,-8.87181e-10,0,0,-68.673,-8.87181e-10,-137.346,-1.77436e-09
0.0206041,-129.562,-8.76299e-10,0,0,-129.562,-8.76299e-10,-259.124,-1.7526e-09
0.02064,-183.428,-8.28744e-10,0,0,-183.428,-8.28744e-10,-366.857,-1.65749e-09
0.0206758,-226.942,-8.65106e-10,0,0,-226.942,-8.65106e-10,-453.884,-1.73021e-09
0.0207116,-257.361,-8.66377e-10,0,0,-257.361,-8.66377e-10,-514.722,-1.73275e-09
0.0207474,-272.714,-8.77666e-10,0,0,-272.714,-8.77666e-10,-545.428,-1.75533e-09
0.0207832,-271.896,-9.27891e-10,0,0,-271.896,-9.27891e-10,-543.791,-1.85578e-09
0.0208189,-254.732,-9.78843e-10,0,0,-254.732,-9.78843e-10,-509.464,-1.95769e-09
0.0208547,-222.002,-1.01259e-09,0,0,-222.002,-1.01259e-09,-444.004,-2.02517e-09
0.0208904,-175.402,-1.06177e-09,0,0,-175.402,-1.06177e-09,-350.804,-2.12355e-09
0.0209262,-117.459,-1.15352e-09,0,0,-117.459,-1.15352e-09,-234.919,-2.30703e-09
0.0209619,-51.4039,-1.18663e-09,0,0,-51.4039,-1.18663e-09,-102.808,-2.37326e-09
0.0209977,19.0076,-1.23066e-09,0,0,19.0076,-1.23066e-09,38.0153,-2.46132e-09
0.0210335,89.669,-1.29723e-09,0,0,89.669,-1.29723e-09,179.338,-2.59447e-09
0.0210693,156.417,-1.3539e-09,0,0,156.417,-1.3539e-09,312.834,-2.70781e-09
0.0211051,215.252,-1.31801e-09,0,0,215.252,-1.31801e-09,430.503,-2.63601e-09
0.0211409,262.573,-1.32377e-09,0,0,262.573,-1.32377e-09,525.145,-2.64754e-09
0.0211767,295.377,-1.32249e-09,0,0,295.377,-1.32249e-09,590.754,-2.64498e-09
0.0212125,311.514,-1.28666e-09,0,0,311.514,-1.28666e-09,623.028,-2.57331e-09
0.0212482,309.806,-1.25032e-09,0,0,309.806,-1.25032e-09,619.613,-2.50063e-09
0.021284,290.093,-1.19064e-09,0,0,290.093,-1.19064e-09,580.186,-2.38129e-09
0.0213197,253.24,-1.14904e-09,0,0,253.24,-1.14904e-09,506.481,-2.29808e-09
0.0213554,201.101,-1.09673e-09,0,0,201.101,-1.09673e-09,402.201,-2.19346e-09
0.0213912,136.416,-1.02448e-09,0,0,136.416,-1.02448e-09,272.832,-2.04895e-09
0.0214269,62.6756,-9.99931e-10,0,0,62.6756,-9.99931e-10,125.351,-1.99986e-09
0.0214627,-16.0662,-9.64759e-10,0,0,-16.0662,-9.64759e-10,-32.1324,-1.92952e-09
0.0214985,-95.4067,-8.9916e-10,0,0,-95.4067,-8.9916e-10,-190.813,-1.79832e-09
0.0215343,-170.833,-9.50229e-10,0,0,-170.833,-9.50229e-10,-341.665,-1.90046e-09
0.0215702,-237.949,-9.27799e-10,0,0,-237.949,-9.27799e-10,-475.897,-1.8556e-09
0.021606,-292.753,-9.5815e-10,0,0,-292.753,-9.5815e-10,-585.506,-1.9163e-09
0.0216418,-331.939,-1.00415e-09,0,0,-331.939,-1.00415e-09,-663.878,-2.0083e-09
0.0216776,-353.092,-1.03255e-09,0,0,-353.092,-1.03255e-09,-706.183,-2.06511e-09
0.0217134,-354.8,-1.09243e-09,0,0,-354.8,-1.09243e-09,-709.6,-2.18486e-09
0.0217491,-336.735,-1.16443e-09,0,0,-336.735,-1.16443e-09,-673.471,-2.32886e-09
0.0217849,-299.679,-1.27014e-09,0,0,-299.679,-1.27014e-09,-599.357,-2.54029e-09
0.0218206,-245.487,-1.34497e-09,0,0,-245.487,-1.34497e-09,-490.975,-2.68994e-09
0.0218563,-177.005,-1.44898e-09,0,0,-177.005,-1.44898e-09,-354.01,-2.89796e-09
0.0218921,-97.9174,-1.51494e-09,0,0,-97.9174,-1.51494e-09,-195.835,-3.02987e-09
0.0219278,-12.558,-1.55434e-09,0,0,-12.558,-1.55434e-09,-25.1159,-3.10868e-09
0.0219636,74.2936,-1.67359e-09,0,0,74.2936,-1.67359e-09,148.587,-3.34718e-09
0.0219993,157.725,-1.70279e-09,0,0,157.725,-1.70279e-09,315.451,-3.40557e-09
0.0220351,232.977,-1.71077e-09,0,0,232.977,-1.71077e-09,465.953,-3.42155e-09
0.0220709,295.702,-1.74622e-09,0,0,295.702,-1.74622e-09,591.403,-3.49244e-09
0.0221067,342.217,-1.74634e-09,0,0,342.217,-1.74634e-09,684.434,-3.49268e-09
0.0221425,369.73,-1.73181e-09,0,0,369.73,-1.73181e-09,739.46,-3.46363e-09
0.0221782,376.61,-1.71538e-09,0,0,376.61,-1.71538e-09,753.221,-3.43076e-09
0.022214,362.393,-1.64417e-09,0,0,362.393,-1.64417e-09,724.786,-3.28835e-09
0.0222497,327.806,-1.60561e-09,0,0,327.806,-1.60561e-09,655.611,-3.21122e-09
0.0222854,274.725,-1.52038e-09,0,0,274.725,-1.52038e-09,549.45,-3.04075e-09
0.0223212,206.08,-1.50837e-09,0,0,206.08,-1.50837e-09,412.159,-3.01675e-09
0.0223569,125.695,-1.41864e-09,0,0,125.695,-1.41864e-09,251.391,-2.83727e-09
0.0223927,38.0938,-1.35773e-09,0,0,38.0938,-1.35773e-09,76.1875,-2.71545e-09
0.0224285,-51.7473,-1.32264e-09,0,0,-51.7473,-1.32264e-09,-103.495,-2.64528e-09
0.0224643,-138.66,-1.29753e-09,0,0,-138.66,-1.29753e-09,-277.321,-2.59507e-09
0.0225001,-217.535,-1.32039e-09,0,0,-217.535,-1.32039e-09,-435.07,-2.64078e-09
0.022536,-283.67,-1.30708e-09,0,0,-283.67,-1.30708e-09,-567.34,-2.61416e-09
0.0225718,-333.066,-1.32684e-09,0,0,-333.066,-1.32684e-09,-666.132,-2.65369e-09
0.0226075,-362.719,-1.27364e-09,0,0,-362.719,-1.27364e-09,-725.438,-2.54727e-09
0.0226433,-370.739,-1.3741e-09,0,0,-370.739,-1.3741e-09,-741.479,-2.74821e-09
0.022679,-356.454,-1.45305e-09,0,0,-356.454,-1.45305e-09,-712.908,-2.90611e-09
0.0227148,-320.447,-1.50267e-09,0,0,-320.447,-1.50267e-09,-640.893,-3.00534e-09
0.0227505,-264.535,-1.63252e-09,0,0,-264.535,-1.63252e-09,-529.07,-3.26504e-09
0.0227862,-191.681,-1.65427e-09,0,0,-191.681,-1.65427e-09,-383.363,-3.30855e-09
0.0228219,-105.841,-1.74071e-09,0,0,-105.841,-1.74071e-09,-211.682,-3.48142e-09
0.0228576,-11.7549,-1.84887e-09,0,0,-11.7549,-1.84887e-09,-23.5098,-3.69773e-09
0.0228934,85.288,-1.8729e-09,0,0,85.288,-1.8729e-09,170.576,-3.7458e-09
0.0229291,179.739,-1.90964e-09,0,0,179.739,-1.90964e-09,359.477,-3.81927e-09
0.0229649,266.175,-1.89756e-09,0,0,266.175,-1.89756e-09,532.351,-3.79512e-09
0.0230007,339.581,-1.8985e-09,0,0,339.581,-1.8985e-09,679.163,-3.79699e-09
0.0230365,395.639,-1.8229e-09,0,0,395.639,-1.8229e-09,791.278,-3.64581e-09
0.0230723,430.961,-1.81577e-09,0,0,430.961,-1.81577e-09,861.922,-3.63155e-09
0.023108,443.473,-1.75503e-09,0,0,443.473,-1.75503e-09,886.945,-3.51006e-09
0.0231437,432.401,-1.68349e-09,0,0,432.401,-1.68349e-09,864.801,-3.36698e-09
0.0231794,398.308,-1.56512e-09,0,0,398.308,-1.56512e-09,796.616,-3.13024e-09
0.0232151,343.063,-1.54046e-09,0,0,343.063,-1.54046e-09,686.127,-3.08093e-09
0.0232508,269.735,-1.42916e-09,0,0,269.735,-1.42916e-09,539.47,-2.85832e-09
0.0232866,182.43,-1.31782e-09,0,0,182.43,-1.31782e-09,364.859,-2.63563e-09
0.0233223,86.0748,-1.23267e-09,0,0,86.0748,-1.23267e-09,172.15,-2.46534e-09
0.0233581,-13.8413,-1.15581e-09,0,0,-13.8413,-1.15581e-09,-27.6826,-2.31162e-09
0.0233939,-111.563,-1.07784e-09,0,0,-111.563,-1.07784e-09,-223.127,-2.15567e-09
0.0234297,-201.335,-1.0707e-09,0,0,-201.335,-1.0707e-09,-402.67,-2.1414e-09
0.0234656,-277.832,-1.06265e-09,0,0,-277.832,-1.06265e-09,-555.664,-2.12529e-09
0.0235014,-336.415,-1.06859e-09,0,0,-336.415,-1.06859e-09,-672.831,-2.13718e-09
0.0235372,-373.55,-1.05917e-09,0,0,-373.55,-1.05917e-09,-747.101,-2.11835e-09
0.0235729,-386.938,-1.12865e-09,0,0,-386.938,-1.12865e-09,-773.876,-2.25729e-09
0.0236086,-375.627,-1.14495e-09,0,0,-375.627,-1.14495e-09,-751.255,-2.28989e-09
0.0236443,-340.073,-1.24005e-09,0,0,-340.073,-1.24005e-09,-680.146,-2.48011e-09
0.02368,-282.119,-1.30008e-09,0,0,-282.119,-1.30008e-09,-564.238,-2.60016e-09
0.0237157,-204.91,-1.3547e-09,0,0,-204.91,-1.3547e-09,-409.82,-2.70939e-09
0.0237514,-112.732,-1.4077e-09,0,0,-112.732,-1.4077e-09,-225.463,-2.8154e-09
0.0237872,-10.7852,-1.51577e-09,0,0,-10.7852,-1.51577e-09,-21.5705,-3.03153e-09
0.0238229,95.0874,-1.5416e-09,0,0,95.0874,-1.5416e-09,190.175,-3.08319e-09
0.0238587,198.664,-1.55275e-09,0,0,198.664,-1.55275e-09,397.328,-3.1055e-09
0.0238944,293.839,-1.58783e-09,0,0,293.839,-1.58783e-09,587.678,-3.17566e-09
0.0239302,374.924,-1.60212e-09,0,0,374.924,-1.60212e-09,749.848,-3.20424e-09
0.023966,436.972,-1.55872e-09,0,0,436.972,-1.55872e-09,873.944,-3.11743e-09
0.0240017,476.084,-1.54304e-09,0,0,476.084,-1.54304e-09,952.168,-3.08607e-09
0.0240375,489.823,-1.4737e-09,0,0,489.823,-1.4737e-09,979.647,-2.94739e-09
0.0240732,477.21,-1.38648e-09,0,0,477.21,-1.38648e-09,954.419,-2.77295e-09
0.0241088,438.769,-1.33713e-09,0,0,438.769,-1.33713e-09,877.539,-2.67426e-09
0.0241445,376.501,-1.23189e-09,0,0,376.501,-1.23189e-09,753.003,-2.46377e-09
0.0241802,293.77,-1.1233e-09,0,0,293.77,-1.1233e-09,587.539,-2.24661e-09
0.0242159,195.125,-1.09631e-09,0,0,195.125,-1.09631e-09,390.25,-2.19262e-09
0.0242516,86.0702,-9.84809e-10,0,0,86.0702,-9.84809e-10,172.14,-1.96962e-09
0.0242874,-27.2298,-9.68571e-10,0,0,-27.2298,-9.68571e-10,-54.4596,-1.93714e-09
0.0243232,-138.254,-9.14949e-10,0,0,-138.254,-9.14949e-10,-276.509,-1.8299e-09
0.024359,-240.466,-9.15568e-10,0,0,-240.466,-9.15568e-10,-480.932,-1.83114e-09
0.0243949,-327.79,-8.89182e-10,0,0,-327.79,-8.89182e-10,-655.58,-1.77836e-09
0.0244307,-394.836,-9.1067e-10,0,0,-394.836,-9.1067e-10,-789.671,-1.82134e-09
0.0244664,-437.495,-9.41678e-10,0,0,-437.495,-9.41678e-10,-874.991,-1.88336e-09
0.0245022,-453.056,-1.00403e-09,0,0,-453.056,-1.00403e-09,-906.113,-2.00805e-09
0.0245379,-440.324,-1.08437e-09,0,0,-440.324,-1.08437e-09,-880.648,-2.16875e-09
0.0245735,-399.703,-1.18847e-09,0,0,-399.703,-1.18847e-09,-799.405,-2.37695e-09
0.0246092,-333.187,-1.27981e-09,0,0,-333.187,-1.27981e-09,-666.374,-2.55962e-09
0.0246449,-244.27,-1.38765e-09,0,0,-244.27,-1.38765e-09,-488.54,-2.7753e-09
0.0246805,-137.772,-1.43249e-09,0,0,-137.772,-1.43249e-09,-275.545,-2.86499e-09
0.0247162,-19.5999,-1.51815e-09,0,0,-19.5999,-1.51815e-09,-39.1998,-3.0363e-09
0.0247519,103.564,-1.59729e-09,0,0,103.564,-1.59729e-09,207.129,-3.19459e-09
0.0247877,224.571,-1.61058e-09,0,0,224.571,-1.61058e-09,449.141,-3.22116e-09
0.0248234,336.28,-1.64577e-09,0,0,336.28,-1.64577e-09,672.56,-3.29153e-09
0.0248592,432.016,-1.6595e-09,0,0,432.016,-1.6595e-09,864.033,-3.31899e-09
0.024895,505.922,-1.63371e-09,0,0,505.922,-1.63371e-09,1011.84,-3.26742e-09
0.0249307,553.256,-1.56815e-09,0,0,553.256,-1.56815e-09,1106.51,-3.13631e-09
0.0249664,571.008,-1.55145e-09,0,0,571.008,-1.55145e-09,1142.02,-3.10291e-09
0.0250021,557.837,-1.47167e-09,0,0,557.837,-1.47167e-09,1115.67,-2.94334e-09
0.0250378,514.14,-1.3723e-09,0,0,514.14,-1.3723e-09,1028.28,-2.7446e-09
0.0250734,442.021,-1.29462e-09,0,0,442.021,-1.29462e-09,884.042,-2.58925e-09
0.0251091,345.173,-1.18222e-09,0,0,345.173,-1.18222e-09,690.346,-2.36443e-09
0.0251447,228.69,-1.10843e-09,0,0,228.69,-1.10843e-09,457.379,-2.21687e-09
0.0251804,98.803,-1.01711e-09,0,0,98.803,-1.01711e-09,197.606,-2.03422e-09
0.0252162,-37.4311,-9.25184e-10,0,0,-37.4311,-9.25184e-10,-74.8622,-1.85037e-09
0.025252,-172.466,-8.90245e-10,0,0,-172.466,-8.90245e-10,-344.933,-1.78049e-09
0.0252877,-298.654,-8.88042e-10,0,0,-298.654,-8.88042e-10,-597.309,-1.77608e-09
0.0253236,-408.815,-8.65556e-10,0,0,-408.815,-8.65556e-10,-817.631,-1.73111e-09
0.0253594,-496.463,-8.9866e-10,0,0,-496.463,-8.9866e-10,-992.927,-1.79732e-09
0.0253951,-556.41,-9.48632e-10,0,0,-556.41,-9.48632e-10,-1112.82,-1.89726e-09
0.0254309,-585.138,-1.03603e-09,0,0,-585.138,-1.03603e-09,-1170.28,-2.07206e-09
0.0254665,-580.845,-1.11654e-09,0,0,-580.845,-1.11654e-09,-1161.69,-2.23307e-09
0.0255022,-543.55,-1.2543e-09,0,0,-543.55,-1.2543e-09,-1087.1,-2.5086e-09
0.0255379,-475.113,-1.37438e-09,0,0,-475.113,-1.37438e-09,-950.226,-2.74876e-09
0.0255735,-379.148,-1.47742e-09,0,0,-379.148,-1.47742e-09,-758.297,-2.95483e-09
0.0256091,-260.845,-1.59125e-09,0,0,-260.845,-1.59125e-09,-521.69,-3.1825e-09
0.0256448,-126.711,-1.64426e-09,0,0,-126.711,-1.64426e-09,-253.421,-3.28852e-09
0.0256805,15.7623,-1.75601e-09,0,0,15.7623,-1.75601e-09,31.5247,-3.51203e-09
0.0257162,158.448,-1.80811e-09,0,0,158.448,-1.80811e-09,316.897,-3.61623e-09
0.0257519,293.065,-1.89552e-09,0,0,293.065,-1.89552e-09,586.131,-3.79105e-09
0.0257877,411.773,-1.92981e-09,0,0,411.773,-1.92981e-09,823.546,-3.85961e-09
0.0258235,507.561,-1.89359e-09,0,0,507.561,-1.89359e-09,1015.12,-3.78718e-09
0.0258592,574.577,-1.8551e-09,0,0,574.577,-1.8551e-09,1149.15,-3.7102e-09
0.0258949,608.838,-1.79287e-09,0,0,608.838,-1.79287e-09,1217.68,-3.58574e-09
0.0259306,608.3,-1.69833e-09,0,0,608.3,-1.69833e-09,1216.6,-3.39666e-09
0.0259662,572.886,-1.60425e-09,0,0,572.886,-1.60425e-09,1145.77,-3.2085e-09
0.0260018,504.471,-1.53232e-09,0,0,504.471,-1.53232e-09,1008.94,-3.06464e-09
0.0260374,406.767,-1.39574e-09,0,0,406.767,-1.39574e-09,813.534,-2.79148e-09
0.0260731,285.121,-1.30585e-09,0,0,285.121,-1.30585e-09,570.243,-2.6117e-09
0.0261088,146.242,-1.18958e-09,0,0,146.242,-1.18958e-09,292.483,-2.37916e-09
0.0261445,-2.14617,-1.09051e-09,0,0,-2.14617,-1.09051e-09,-4.29234,-2.18103e-09
0.0261802,-151.68,-1.02872e-09,0,0,-151.68,-1.02872e-09,-303.36,-2.05745e-09
0.026216,-293.701,-9.31713e-10,0,0,-293.701,-9.31713e-10,-587.402,-1.86343e-09
0.0262518,-420.002,-9.0545e-10,0,0,-420.002,-9.0545e-10,-840.005,-1.8109e-09
0.0262876,-523.063,-9.42633e-10,0,0,-523.063,-9.42633e-10,-1046.13,-1.88527e-09
0.0263234,-596.642,-9.5888e-10,0,0,-596.642,-9.5888e-10,-1193.28,-1.91776e-09
0.0263591,-636.385,-1.02873e-09,0,0,-636.385,-1.02873e-09,-1272.77,-2.05747e-09
0.0263948,-639.823,-1.10137e-09,0,0,-639.823,-1.10137e-09,-1279.65,-2.20273e-09
0.0264304,-606.509,-1.18476e-09,0,0,-606.509,-1.18476e-09,-1213.02,-2.36951e-09
0.026466,-538.053,-1.29901e-09,0,0,-538.053,-1.29901e-09,-1076.11,-2.59802e-09
0.0265017,-438.079,-1.42754e-09,0,0,-438.079,-1.42754e-09,-876.158,-2.85508e-09
0.0265373,-312.024,-1.4804e-09,0,0,-312.024,-1.4804e-09,-624.048,-2.9608e-09
0.0265729,-166.876,-1.62713e-09,0,0,-166.876,-1.62713e-09,-333.752,-3.25425e-09
0.0266086,-10.8173,-1.7345e-09,0,0,-10.8173,-1.7345e-09,-21.6345,-3.46899e-09
0.0266443,147.174,-1.83373e-09,0,0,147.174,-1.83373e-09,294.348,-3.66746e-09
0.02668,297.775,-1.85711e-09,0,0,297.775,-1.85711e-09,595.55,-3.71422e-09
0.0267157,432.088,-1.83176e-09,0,0,432.088,-1.83176e-09,864.175,-3.66352e-09
0.0267515,542.051,-1.85669e-09,0,0,542.051,-1.85669e-09,1084.1,-3.71338e-09
0.0267872,620.81,-1.8228e-09,0,0,620.81,-1.8228e-09,1241.62,-3.6456e-09
0.0268229,663.583,-1.76778e-09,0,0,663.583,-1.76778e-09,1327.17,-3.53555e-09
0.0268585,667.758,-1.66692e-09,0,0,667.758,-1.66692e-09,1335.52,-3.33384e-09
0.0268941,632.927,-1.59358e-09,0,0,632.927,-1.59358e-09,1265.85,-3.18717e-09
0.0269297,560.878,-1.49636e-09,0,0,560.878,-1.49636e-09,1121.76,-2.99272e-09
0.0269653,455.483,-1.35268e-09,0,0,455.483,-1.35268e-09,910.965,-2.70536e-09
0.0270009,322.483,-1.21456e-09,0,0,322.483,-1.21456e-09,644.966,-2.42912e-09
0.0270366,169.198,-1.07003e-09,0,0,169.198,-1.07003e-09,338.395,-2.14005e-09
0.0270722,4.15595,-1.00063e-09,0,0,4.15595,-1.00063e-09,8.31189,-2.00126e-09
0.027108,-163.329,-9.08309e-10,0,0,-163.329,-9.08309e-10,-326.658,-1.81662e-09
0.0271437,-323.476,-8.33662e-10,0,0,-323.476,-8.33662e-10,-646.953,-1.66732e-09
0.0271795,-466.931,-8.60456e-10,0,0,-466.931,-8.60456e-10,-933.862,-1.72091e-09
0.0272154,-585.037,-8.61223e-10,0,0,-585.037,-8.61223e-10,-1170.07,-1.72245e-09
0.0272511,-670.435,-8.86187e-10,0,0,-670.435,-8.86187e-10,-1340.87,-1.77237e-09
0.0272868,-717.928,-9.62954e-10,0,0,-717.928,-9.62954e-10,-1435.86,-1.92591e-09
0.0273224,-724.413,-1.04506e-09,0,0,-724.413,-1.04506e-09,-1448.83,-2.09013e-09
0.027358,-689.048,-1.20056e-09,0,0,-689.048,-1.20056e-09,-1378.1,-2.40111e-09
0.0273936,-613.311,-1.3235e-09,0,0,-613.311,-1.3235e-09,-1226.62,-2.64701e-09
0.0274292,-500.964,-1.46374e-09,0,0,-500.964,-1.46374e-09,-1001.93,-2.92747e-09
0.0274648,-357.894,-1.62973e-09,0,0,-357.894,-1.62973e-09,-715.789,-3.25947e-09
0.0275004,-191.804,-1.73574e-09,0,0,-191.804,-1.73574e-09,-383.609,-3.47149e-09
0.027536,-11.8374,-1.88615e-09,0,0,-11.8374,-1.88615e-09,-23.6748,-3.7723e-09
0.0275717,171.889,-1.9585e-09,0,0,171.889,-1.9585e-09,343.778,-3.917e-09
0.0276074,348.648,-2.04809e-09,0,0,348.648,-2.04809e-09,697.296,-4.09619e-09
0.0276431,508.12,-2.12585e-09,0,0,508.12,-2.12585e-09,1016.24,-4.25171e-09
0.0276788,640.84,-2.12048e-09,0,0,640.84,-2.12048e-09,1281.68,-4.24096e-09
0.0277145,738.635,-2.10679e-09,0,0,738.635,-2.10679e-09,1477.27,-4.21359e-09
0.0277502,795.537,-2.08555e-09,0,0,795.537,-2.08555e-09,1591.07,-4.1711e-09
0.0277858,808.159,-2.01458e-09,0,0,808.159,-2.01458e-09,1616.32,-4.02916e-09
0.0278214,775.625,-1.92268e-09,0,0,775.625,-1.92268e-09,1551.25,-3.84537e-09
0.0278569,699.573,-1.80883e-09,0,0,699.573,-1.80883e-09,1399.15,-3.61766e-09
0.0278925,584.043,-1.70417e-09,0,0,584.043,-1.70417e-09,1168.09,-3.40834e-09
0.027928,435.248,-1.57708e-09,0,0,435.248,-1.57708e-09,870.495,-3.15415e-09
0.0279636,261.256,-1.48521e-09,0,0,261.256,-1.48521e-09,522.512,-2.97042e-09
0.0279993,71.5956,-1.35595e-09,0,0,71.5956,-1.35595e-09,143.191,-2.71189e-09
0.028035,-123.207,-1.27665e-09,0,0,-123.207,-1.27665e-09,-246.413,-2.5533e-09
0.0280707,-311.96,-1.22176e-09,0,0,-311.96,-1.22176e-09,-623.919,-2.44351e-09
0.0281065,-483.783,-1.20789e-09,0,0,-483.783,-1.20789e-09,-967.567,-2.41579e-09
0.0281423,-628.563,-1.2471e-09,0,0,-628.563,-1.2471e-09,-1257.13,-2.4942e-09
0.028178,-737.275,-1.31358e-09,0,0,-737.275,-1.31358e-09,-1474.55,-2.62716e-09
0.0282137,-803.436,-1.35827e-09,0,0,-803.436,-1.35827e-09,-1606.87,-2.71654e-09
0.0282493,-822.93,-1.5414e-09,0,0,-822.93,-1.5414e-09,-1645.86,-3.08281e-09
0.0282849,-794.191,-1.67374e-09,0,0,-794.191,-1.67374e-09,-1588.38,-3.34748e-09
0.0283204,-718.286,-1.80998e-09,0,0,-718.286,-1.80998e-09,-1436.57,-3.61996e-09
0.028356,-598.883,-1.99735e-09,0,0,-598.883,-1.99735e-09,-1197.77,-3.9947e-09
0.0283915,-442.159,-2.17275e-09,0,0,-442.159,-2.17275e-09,-884.319,-4.3455e-09
0.0284271,-256.466,-2.3522e-09,0,0,-256.466,-2.3522e-09,-512.932,-4.70441e-09
0.0284626,-51.9155,-2.49963e-09,0,0,-51.9155,-2.49963e-09,-103.831,-4.99927e-09
0.0284983,160.109,-2.62103e-09,0,0,160.109,-2.62103e-09,320.218,-5.24206e-09
0.0285339,367.39,-2.71435e-09,0,0,367.39,-2.71435e-09,734.781,-5.4287e-09
0.0285696,557.841,-2.76185e-09,0,0,557.841,-2.76185e-09,1115.68,-5.52371e-09
0.0286053,720.251,-2.77215e-09,0,0,720.251,-2.77215e-09,1440.5,-5.5443e-09
0.0286411,844.784,-2.76118e-09,0,0,844.784,-2.76118e-09,1689.57,-5.52236e-09
0.0286767,923.739,-2.67293e-09,0,0,923.739,-2.67293e-09,1847.48,-5.34586e-09
0.0287123,952.546,-2.5791e-09,0,0,952.546,-2.5791e-09,1905.09,-5.15819e-09
0.0287478,929.485,-2.4677e-09,0,0,929.485,-2.4677e-09,1858.97,-4.93541e-09
0.0287833,855.723,-2.31409e-09,0,0,855.723,-2.31409e-09,1711.45,-4.62817e-09
0.0288189,735.198,-2.14107e-09,0,0,735.198,-2.14107e-09,1470.4,-4.28214e-09
0.0288544,574.385,-1.96048e-09,0,0,574.385,-1.96048e-09,1148.77,-3.92097e-09
0.0288899,381.955,-1.82043e-09,0,0,381.955,-1.82043e-09,763.911,-3.64086e-09
0.0289255,168.355,-1.59341e-09,0,0,168.355,-1.59341e-09,336.711,-3.18681e-09
0.0289612,-54.6895,-1.47606e-09,0,0,-54.6895,-1.47606e-09,-109.379,-2.95211e-09
0.0289969,-274.516,-1.39606e-09,0,0,-274.516,-1.39606e-09,-549.032,-2.79212e-09
0.0290326,-478.572,-1.34911e-09,0,0,-478.572,-1.34911e-09,-957.144,-2.69823e-09
0.0290684,-655.019,-1.29589e-09,0,0,-655.019,-1.29589e-09,-1310.04,-2.59178e-09
0.0291042,-793.077,-1.37198e-09,0,0,-793.077,-1.37198e-09,-1586.15,-2.74395e-09
0.0291398,-884.486,-1.38311e-09,0,0,-884.486,-1.38311e-09,-1768.97,-2.76621e-09
0.0291754,-923.782,-1.48197e-09,0,0,-923.782,-1.48197e-09,-1847.56,-2.96393e-09
0.0292109,-908.33,-1.6134e-09,0,0,-908.33,-1.6134e-09,-1816.66,-3.22681e-09
0.0292465,-838.453,-1.79848e-09,0,0,-838.453,-1.79848e-09,-1676.91,-3.59695e-09
0.0292819,-717.435,-1.95556e-09,0,0,-717.435,-1.95556e-09,-1434.87,-3.91113e-09
0.0293174,-551.405,-2.14414e-09,0,0,-551.405,-2.14414e-09,-1102.81,-4.28828e-09
0.0293529,-349.145,-2.33012e-09,0,0,-349.145,-2.33012e-09,-698.289,-4.66025e-09
0.0293885,-121.553,-2.46743e-09,0,0,-121.553,-2.46743e-09,-243.106,-4.93487e-09
0.0294241,118.84,-2.63434e-09,0,0,118.84,-2.63434e-09,237.679,-5.26868e-09
0.0294597,358.409,-2.77916e-09,0,0,358.409,-2.77916e-09,716.818,-5.55832e-09
0.0294953,583.196,-2.83944e-09,0,0,583.196,-2.83944e-09,1166.39,-5.67889e-09
0.029531,780.117,-2.88906e-09,0,0,780.117,-2.88906e-09,1560.23,-5.77812e-09
0.0295667,937.527,-2.87726e-09,0,0,937.527,-2.87726e-09,1875.05,-5.75452e-09
0.0296024,1045.64,-2.80276e-09,0,0,1045.64,-2.80276e-09,2091.29,-5.60552e-09
0.029638,1098.38,-2.74415e-09,0,0,1098.38,-2.74415e-09,2196.76,-5.48831e-09
0.0296735,1092.89,-2.59104e-09,0,0,1092.89,-2.59104e-09,2185.79,-5.18208e-09
0.029709,1029.61,-2.43876e-09,0,0,1029.61,-2.43876e-09,2059.22,-4.87751e-09
0.0297444,912.126,-2.34092e-09,0,0,912.126,-2.34092e-09,1824.25,-4.68185e-09
0.0297799,746.962,-2.09654e-09,0,0,746.962,-2.09654e-09,1493.92,-4.19308e-09
0.0298154,543.205,-1.89017e-09,0,0,543.205,-1.89017e-09,1086.41,-3.78035e-09
0.029851,312.059,-1.65339e-09,0,0,312.059,-1.65339e-09,624.118,-3.30679e-09
0.0298866,66.3211,-1.51331e-09,0,0,66.3211,-1.51331e-09,132.642,-3.02663e-09
0.0299223,-179.983,-1.38887e-09,0,0,-179.983,-1.38887e-09,-359.966,-2.77775e-09
0.029958,-412.643,-1.29648e-09,0,0,-412.643,-1.29648e-09,-825.286,-2.59296e-09
0.0299938,-618.096,-1.23293e-09,0,0,-618.096,-1.23293e-09,-1236.19,-2.46586e-09
0.0300295,-783.783,-1.27125e-09,0,0,-783.783,-1.27125e-09,-1567.57,-2.5425e-09
0.0300651,-899.58,-1.30033e-09,0,0,-899.58,-1.30033e-09,-1799.16,-2.60065e-09
0.0301007,-958.598,-1.39413e-09,0,0,-958.598,-1.39413e-09,-1917.2,-2.78827e-09
0.0301362,-957.041,-1.53267e-09,0,0,-957.041,-1.53267e-09,-1914.08,-3.06533e-09
0.0301717,-894.398,-1.71583e-09,0,0,-894.398,-1.71583e-09,-1788.8,-3.43166e-09
0.0302071,-773.479,-1.91378e-09,0,0,-773.479,-1.91378e-09,-1546.96,-3.82757e-09
0.0302425,-600.307,-2.11131e-09,0,0,-600.307,-2.11131e-09,-1200.61,-4.22263e-09
0.030278,-383.985,-2.29507e-09,0,0,-383.985,-2.29507e-09,-767.97,-4.59013e-09
0.0303135,-136.21,-2.56156e-09,0,0,-136.21,-2.56156e-09,-272.42,-5.12313e-09
0.030349,129.321,-2.69168e-09,0,0,129.321,-2.69168e-09,258.642,-5.38337e-09
0.0303846,397.558,-2.8307e-09,0,0,397.558,-2.8307e-09,795.117,-5.66139e-09
0.0304202,652.56,-2.9616e-09,0,0,652.56,-2.9616e-09,1305.12,-5.92321e-09
0.0304559,879.163,-3.02378e-09,0,0,879.163,-3.02378e-09,1758.33,-6.04757e-09
0.0304916,1063.66,-3.08001e-09,0,0,1063.66,-3.08001e-09,2127.31,-6.16003e-09
0.0305272,1194.22,-3.02754e-09,0,0,1194.22,-3.02754e-09,2388.45,-6.05507e-09
0.0305628,1263.08,-2.98046e-09,0,0,1263.08,-2.98046e-09,2526.16,-5.96092e-09
0.0305982,1266.24,-2.88328e-09,0,0,1266.24,-2.88328e-09,2532.48,-5.76656e-09
0.0306337,1203.42,-2.74094e-09,0,0,1203.42,-2.74094e-09,2406.85,-5.48187e-09
0.0306691,1077.97,-2.54988e-09,0,0,1077.97,-2.54988e-09,2155.93,-5.09975e-09
0.0307045,896.561,-2.33347e-09,0,0,896.561,-2.33347e-09,1793.12,-4.66694e-09
0.0307399,668.883,-2.16503e-09,0,0,668.883,-2.16503e-09,1337.77,-4.33005e-09
0.0307754,407.101,-1.96335e-09,0,0,407.101,-1.96335e-09,814.203,-3.92669e-09
0.030811,125.328,-1.79088e-09,0,0,125.328,-1.79088e-09,250.656,-3.58176e-09
0.0308466,-160.775,-1.67577e-09,0,0,-160.775,-1.67577e-09,-321.549,-3.35154e-09
0.0308823,-434.957,-1.57004e-09,0,0,-434.957,-1.57004e-09,-869.914,-3.14009e-09
0.030918,-681.575,-1.55047e-09,0,0,-681.575,-1.55047e-09,-1363.15,-3.10094e-09
0.0309537,-886.004,-1.55888e-09,0,0,-886.004,-1.55888e-09,-1772.01,-3.11775e-09
0.0309894,-1035.47,-1.68655e-09,0,0,-1035.47,-1.68655e-09,-2070.94,-3.37309e-09
0.0310249,-1121.28,-1.75145e-09,0,0,-1121.28,-1.75145e-09,-2242.56,-3.5029e-09
0.0310604,-1138.15,-1.95229e-09,0,0,-1138.15,-1.95229e-09,-2276.3,-3.90459e-09
0.0310958,-1084.47,-2.15664e-09,0,0,-1084.47,-2.15664e-09,-2168.93,-4.31329e-09
0.0311311,-962.37,-2.42261e-09,0,0,-962.37,-2.42261e-09,-1924.74,-4.84522e-09
0.0311665,-777.678,-2.6123e-09,0,0,-777.678,-2.6123e-09,-1555.36,-5.2246e-09
0.0312019,-539.678,-2.87898e-09,0,0,-539.678,-2.87898e-09,-1079.36,-5.75796e-09
0.0312373,-260.98,-3.11777e-09,0,0,-260.98,-3.11777e-09,-521.96,-6.23555e-09
0.0312727,43.3742,-3.30433e-09,0,0,43.3742,-3.30433e-09,86.7485,-6.60867e-09
0.0313083,356.51,-3.49614e-09,0,0,356.51,-3.49614e-09,713.02,-6.99229e-09
0.0313438,660.326,-3.63963e-09,0,0,660.326,-3.63963e-09,1320.65,-7.27925e-09
0.0313795,936.796,-3.73464e-09,0,0,936.796,-3.73464e-09,1873.59,-7.46929e-09
0.0314151,1169.44,-3.742e-09,0,0,1169.44,-3.742e-09,2338.89,-7.484e-09
0.0314508,1343.75,-3.72975e-09,0,0,1343.75,-3.72975e-09,2687.5,-7.45951e-09
0.0314863,1449,-3.65503e-09,0,0,1449,-3.65503e-09,2898,-7.31006e-09
0.0315218,1479.32,-3.54201e-09,0,0,1479.32,-3.54201e-09,2958.64,-7.08403e-09
0.0315572,1433.11,-3.31466e-09,0,0,1433.11,-3.31466e-09,2866.23,-6.62932e-09
0.0315925,1312.95,-3.10859e-09,0,0,1312.95,-3.10859e-09,2625.9,-6.21718e-09
0.0316278,1125.33,-2.88837e-09,0,0,1125.33,-2.88837e-09,2250.65,-5.77675e-09
0.0316632,880.236,-2.59593e-09,0,0,880.236,-2.59593e-09,1760.47,-5.19185e-09
0.0316986,590.664,-2.38425e-09,0,0,590.664,-2.38425e-09,1181.33,-4.7685e-09
0.0317341,271.981,-2.18143e-09,0,0,271.981,-2.18143e-09,543.962,-4.36286e-09
0.0317697,-58.5225,-2.02339e-09,0,0,-58.5225,-2.02339e-09,-117.045,-4.04678e-09
0.0318053,-382.278,-1.91076e-09,0,0,-382.278,-1.91076e-09,-764.556,-3.82152e-09
0.031841,-681.287,-1.79256e-09,0,0,-681.287,-1.79256e-09,-1362.57,-3.58513e-09
0.0318767,-938.367,-1.82496e-09,0,0,-938.367,-1.82496e-09,-1876.73,-3.64992e-09
0.0319124,-1137.73,-1.92453e-09,0,0,-1137.73,-1.92453e-09,-2275.46,-3.84907e-09
0.0319479,-1267.82,-2.00395e-09,0,0,-1267.82,-2.00395e-09,-2535.64,-4.0079e-09
0.0319833,-1321.18,-2.24216e-09,0,0,-1321.18,-2.24216e-09,-2642.36,-4.48433e-09
0.0320187,-1294.42,-2.46198e-09,0,0,-1294.42,-2.46198e-09,-2588.84,-4.92396e-09
0.032054,-1188.33,-2.73797e-09,0,0,-1188.33,-2.73797e-09,-2376.67,-5.47593e-09
0.0320893,-1007.92,-3.03848e-09,0,0,-1007.92,-3.03848e-09,-2015.84,-6.07697e-09
0.0321246,-762.166,-3.31938e-09,0,0,-762.166,-3.31938e-09,-1524.33,-6.63877e-09
0.0321599,-463.868,-3.58769e-09,0,0,-463.868,-3.58769e-09,-927.737,-7.17538e-09
0.0321953,-129.131,-3.87689e-09,0,0,-129.131,-3.87689e-09,-258.261,-7.75379e-09
0.0322307,223.613,-4.06887e-09,0,0,223.613,-4.06887e-09,447.226,-8.13774e-09
0.0322663,574.286,-4.32282e-09,0,0,574.286,-4.32282e-09,1148.57,-8.64565e-09
0.0323018,901.923,-4.43458e-09,0,0,901.923,-4.43458e-09,1803.85,-8.86916e-09
0.0323375,1186.95,-4.49343e-09,0,0,1186.95,-4.49343e-09,2373.91,-8.98685e-09
0.0323731,1411.93,-4.51097e-09,0,0,1411.93,-4.51097e-09,2823.87,-9.02194e-09
0.0324087,1562.3,-4.45753e-09,0,0,1562.3,-4.45753e-09,3124.61,-8.91507e-09
0.0324441,1629.72,-4.30684e-09,0,0,1629.72,-4.30684e-09,3259.44,-8.61368e-09
0.0324795,1610.66,-4.11521e-09,0,0,1610.66,-4.11521e-09,3221.33,-8.23041e-09
0.0325148,1506.42,-3.88901e-09,0,0,1506.42,-3.88901e-09,3012.84,-7.77803e-09
0.03255,1322.8,-3.60116e-09,0,0,1322.8,-3.60116e-09,2645.6,-7.20232e-09
0.0325853,1069.71,-3.33258e-09,0,0,1069.71,-3.33258e-09,2139.42,-6.66516e-09
0.0326207,760.581,-3.00367e-09,0,0,760.581,-3.00367e-09,1521.16,-6.00734e-09
0.0326561,411.759,-2.68417e-09,0,0,411.759,-2.68417e-09,823.517,-5.36835e-09
0.0326916,41.8732,-2.42816e-09,0,0,41.8732,-2.42816e-09,83.7463,-4.85631e-09
0.0327272,-328.332,-2.25672e-09,0,0,-328.332,-2.25672e-09,-656.665,-4.51344e-09
0.0327628,-678.415,-2.14354e-09,0,0,-678.415,-2.14354e-09,-1356.83,-4.28708e-09
0.0327985,-988.508,-2.05135e-09,0,0,-988.508,-2.05135e-09,-1977.02,-4.1027e-09
0.0328341,-1240.01,-2.06832e-09,0,0,-1240.01,-2.06832e-09,-2480.03,-4.13664e-09
0.0328696,-1417.77,-2.1749e-09,0,0,-1417.77,-2.1749e-09,-2835.54,-4.3498e-09
0.032905,-1511.79,-2.29916e-09,0,0,-1511.79,-2.29916e-09,-3023.58,-4.59832e-09
0.0329403,-1516.5,-2.51994e-09,0,0,-1516.5,-2.51994e-09,-3033,-5.03988e-09
0.0329756,-1430.97,-2.7317e-09,0,0,-1430.97,-2.7317e-09,-2861.93,-5.46339e-09
0.0330108,-1258.95,-3.05935e-09,0,0,-1258.95,-3.05935e-09,-2517.89,-6.1187e-09
0.033046,-1008.76,-3.34692e-09,0,0,-1008.76,-3.34692e-09,-2017.52,-6.69383e-09
0.0330812,-692.998,-3.66043e-09,0,0,-692.998,-3.66043e-09,-1386,-7.32085e-09
0.0331165,-328.423,-3.93072e-09,0,0,-328.423,-3.93072e-09,-656.846,-7.86144e-09
0.0331519,65.122,-4.18546e-09,0,0,65.122,-4.18546e-09,130.244,-8.37093e-09
0.0331874,465.617,-4.39148e-09,0,0,465.617,-4.39148e-09,931.234,-8.78296e-09
0.0332229,849.389,-4.59504e-09,0,0,849.389,-4.59504e-09,1698.78,-9.19007e-09
0.0332584,1193.32,-4.6624e-09,0,0,1193.32,-4.6624e-09,2386.65,-9.32481e-09
0.0332941,1476.54,-4.66906e-09,0,0,1476.54,-4.66906e-09,2953.08,-9.33811e-09
0.0333296,1680.61,-4.60559e-09,0,0,1680.61,-4.60559e-09,3361.23,-9.21119e-09
0.033365,1793.61,-4.53431e-09,0,0,1793.61,-4.53431e-09,3587.22,-9.06863e-09
0.0334003,1809.63,-4.29439e-09,0,0,1809.63,-4.29439e-09,3619.26,-8.58878e-09
0.0334356,1728.26,-4.05592e-09,0,0,1728.26,-4.05592e-09,3456.52,-8.11183e-09
0.0334708,1554.33,-3.71683e-09,0,0,1554.33,-3.71683e-09,3108.66,-7.43365e-09
0.033506,1297.42,-3.36531e-09,0,0,1297.42,-3.36531e-09,2594.83,-6.73062e-09
0.0335412,971.254,-3.01183e-09,0,0,971.254,-3.01183e-09,1942.51,-6.02366e-09
0.0335765,593.042,-2.66431e-09,0,0,593.042,-2.66431e-09,1186.08,-5.32862e-09
0.0336119,182.725,-2.31544e-09,0,0,182.725,-2.31544e-09,365.449,-4.63087e-09
0.0336474,-237.094,-1.99332e-09,0,0,-237.094,-1.99332e-09,-474.188,-3.98664e-09
0.033683,-643.068,-1.79766e-09,0,0,-643.068,-1.79766e-09,-1286.14,-3.59531e-09
0.0337186,-1012.45,-1.64932e-09,0,0,-1012.45,-1.64932e-09,-2024.89,-3.29864e-09
0.0337543,-1323.8,-1.67244e-09,0,0,-1323.8,-1.67244e-09,-2647.6,-3.34487e-09
0.0337898,-1557.22,-1.67036e-09,0,0,-1557.22,-1.67036e-09,-3114.43,-3.34073e-09
0.0338252,-1699.65,-1.81563e-09,0,0,-1699.65,-1.81563e-09,-3399.3,-3.63127e-09
0.0338605,-1742.84,-1.98972e-09,0,0,-1742.84,-1.98972e-09,-3485.68,-3.97945e-09
0.0338957,-1683.65,-2.26852e-09,0,0,-1683.65,-2.26852e-09,-3367.29,-4.53704e-09
0.0339308,-1524.14,-2.57797e-09,0,0,-1524.14,-2.57797e-09,-3048.29,-5.15594e-09
0.0339659,-1271.56,-2.88475e-09,0,0,-1271.56,-2.88475e-09,-2543.12,-5.76949e-09
0.034001,-938.067,-3.1979e-09,0,0,-938.067,-3.1979e-09,-1876.13,-6.39581e-09
0.0340362,-540.412,-3.56653e-09,0,0,-540.412,-3.56653e-09,-1080.82,-7.13307e-09
0.0340715,-99.8867,-3.86249e-09,0,0,-99.8867,-3.86249e-09,-199.773,-7.72498e-09
0.0341068,359.474,-4.16192e-09,0,0,359.474,-4.16192e-09,718.948,-8.32384e-09
0.0341423,811.252,-4.37032e-09,0,0,811.252,-4.37032e-09,1622.5,-8.74064e-09
0.0341778,1228.47,-4.56839e-09,0,0,1228.47,-4.56839e-09,2456.95,-9.13678e-09
0.0342133,1585.83,-4.61897e-09,0,0,1585.83,-4.61897e-09,3171.65,-9.23794e-09
0.0342489,1860.7,-4.62685e-09,0,0,1860.7,-4.62685e-09,3721.4,-9.25369e-09
0.0342843,2035.6,-4.57487e-09,0,0,2035.6,-4.57487e-09,4071.2,-9.14973e-09
0.0343196,2101.34,-4.38329e-09,0,0,2101.34,-4.38329e-09,4202.67,-8.76658e-09
0.0343548,2055.05,-4.13715e-09,0,0,2055.05,-4.13715e-09,4110.1,-8.27431e-09
0.0343899,1900.01,-3.72224e-09,0,0,1900.01,-3.72224e-09,3800.02,-7.44448e-09
0.034425,1645.06,-3.31118e-09,0,0,1645.06,-3.31118e-09,3290.12,-6.62236e-09
0.0344601,1303.97,-2.92178e-09,0,0,1303.97,-2.92178e-09,2607.94,-5.84357e-09
0.0344953,894.645,-2.44494e-09,0,0,894.645,-2.44494e-09,1789.29,-4.88989e-09
0.0345306,438.362,-2.0141e-09,0,0,438.362,-2.0141e-09,876.724,-4.0282e-09
0.034566,-40.5797,-1.64764e-09,0,0,-40.5797,-1.64764e-09,-81.1594,-3.29528e-09
0.0346015,-515.749,-1.33833e-09,0,0,-515.749,-1.33833e-09,-1031.5,-2.67665e-09
0.034637,-961.104,-1.14823e-09,0,0,-961.104,-1.14823e-09,-1922.21,-2.29647e-09
0.0346727,-1351.32,-9.95201e-10,0,0,-1351.32,-9.95201e-10,-2702.63,-1.9904e-09
0.0347082,-1662.41,-9.97867e-10,0,0,-1662.41,-9.97867e-10,-3324.82,-1.99573e-09
0.0347436,-1875.91,-1.12338e-09,0,0,-1875.91,-1.12338e-09,-3751.81,-2.24676e-09
0.0347788,-1979.92,-1.28965e-09,0,0,-1979.92,-1.28965e-09,-3959.84,-2.5793e-09
0.0348139,-1968.16,-1.56535e-09,0,0,-1968.16,-1.56535e-09,-3936.32,-3.13071e-09
0.034849,-1840.11,-1.87092e-09,0,0,-1840.11,-1.87092e-09,-3680.23,-3.74185e-09
0.034884,-1601.07,-2.27116e-09,0,0,-1601.07,-2.27116e-09,-3202.15,-4.54232e-09
0.034919,-1261.96,-2.64334e-09,0,0,-1261.96,-2.64334e-09,-2523.92,-5.28669e-09
0.034954,-839.025,-3.08078e-09,0,0,-839.025,-3.08078e-09,-1678.05,-6.16156e-09
0.0349891,-353.596,-3.50015e-09,0,0,-353.596,-3.50015e-09,-707.192,-7.0003e-09
0.0350244,168.348,-3.87046e-09,0,0,168.348,-3.87046e-09,336.697,-7.74093e-09
0.0350597,698.018,-4.19119e-09,0,0,698.018,-4.19119e-09,1396.04,-8.38238e-09
0.0350951,1204.32,-4.4924e-09,0,0,1204.32,-4.4924e-09,2408.64,-8.9848e-09
0.0351306,1656.99,-4.70882e-09,0,0,1656.99,-4.70882e-09,3313.97,-9.41763e-09
0.0351662,2028.32,-4.72671e-09,0,0,2028.32,-4.72671e-09,4056.64,-9.45343e-09
0.0352016,2293.73,-4.73816e-09,0,0,2293.73,-4.73816e-09,4587.46,-9.47632e-09
0.0352369,2438.22,-4.54463e-09,0,0,2438.22,-4.54463e-09,4876.44,-9.08927e-09
0.035272,2455.08,-4.28022e-09,0,0,2455.08,-4.28022e-09,4910.15,-8.56045e-09
0.0353071,2344.77,-3.95442e-09,0,0,2344.77,-3.95442e-09,4689.54,-7.90884e-09
0.0353421,2114.42,-3.5045e-09,0,0,2114.42,-3.5045e-09,4228.85,-7.00901e-09
0.0353771,1777.06,-2.95542e-09,0,0,1777.06,-2.95542e-09,3554.11,-5.91083e-09
0.0354121,1350.67,-2.38254e-09,0,0,1350.67,-2.38254e-09,2701.34,-4.76508e-09
0.0354473,857.383,-1.83258e-09,0,0,857.383,-1.83258e-09,1714.77,-3.66517e-09
0.0354826,322.814,-1.32443e-09,0,0,322.814,-1.32443e-09,645.628,-2.64887e-09
0.035518,-224.224,-8.66265e-10,0,0,-224.224,-8.66265e-10,-448.448,-1.73253e-09
0.0355534,-753.989,-4.3619e-10,0,0,-753.989,-4.3619e-10,-1507.98,-8.72379e-10
0.035589,-1237.39,-2.01737e-10,0,0,-1237.39,-2.01737e-10,-2474.79,-4.03474e-10
0.0356246,-1646.94,-3.7183e-11,0,0,-1646.94,-3.7183e-11,-3293.87,-7.43661e-11
0.03566,-1956.26,-4.99889e-12,0,0,-1956.26,-4.99889e-12,-3912.51,-9.99778e-12
0.0356952,-2148.82,-1.50302e-10,0,0,-2148.82,-1.50302e-10,-4297.65,-3.00604e-10
0.0357303,-2214.11,-3.31202e-10,0,0,-2214.11,-3.31202e-10,-4428.22,-6.62404e-10
0.0357653,-2147.93,-6.65492e-10,0,0,-2147.93,-6.65492e-10,-4295.86,-1.33098e-09
