Name,Value
dtMax,0.001
dtMin,1e-10
CFL,0.29999999999999999
Totaltime,10
waterheight,1
PI,3.1415926535897931
g,9.8100000000000005
rho0,1000
velcoefX,0.10000000000000001
velcoefY,0
inletVelocity,0.10000000000000001
flowAngleRad,0
flowAngleDeg,0
inletVelocityX,0.10000000000000001
inletVelocityY,0
c0,4
gammaEOS,7
B,2285.7142857142858
viscosity,0.0001
tvis,1
Dcylinder,0.10000000000000001
r0,0.050000000000000003
R,1
dr0,0.01
alphaAV,0.01
deltadifussion,0.10000000000000001
Nr,30
Nbuffer,8
NrTotal,38
NTheta,31
dTheta0,0.2026833970057931
qA,1.0703162681311369
Apolar,0.067954182491985829
Bpolar,0.14221460077133813
Nboundary,31
NfluidEnd,961
Nfluid,930
NbufferParticles,248
Nparticles,1209
hasCylinder,1
Reynolds,100.00000000000001
kernel,wendland
Nh,1
hCoefficient_0,2
