dr0,0.000447214
r0,0.005
R,0.2
R/r0,40
Nr,20
Ntheta,70.2481
Nboundary,71
Nfluid,1420
Nparticles,1491
Apolar,0.238789
Bpolar,0.00165812

ID,r,theta,x,y,Type
0,0.005,0,0.005,0,boundary
1,0.005,0.0894427,0.00498001,0.000446618,boundary
2,0.005,0.178885,0.00492021,0.000889665,boundary
3,0.005,0.268328,0.00482108,0.0013256,boundary
4,0.005,0.357771,0.0046834,0.00175094,boundary
5,0.005,0.447214,0.00450828,0.00216227,boundary
6,0.005,0.536656,0.00429711,0.00255633,boundary
7,0.005,0.626099,0.0040516,0.00292994,boundary
8,0.005,0.715542,0.00377369,0.00328013,boundary
9,0.005,0.804984,0.00346561,0.0036041,boundary
10,0.005,0.894427,0.00312983,0.00389925,boundary
11,0.005,0.98387,0.00276902,0.00416323,boundary
12,0.005,1.07331,0.00238608,0.00439393,boundary
13,0.005,1.16276,0.00198406,0.0045895,boundary
14,0.005,1.2522,0.00156618,0.00474838,boundary
15,0.005,1.34164,0.00113578,0.00486929,boundary
16,0.005,1.43108,0.000696294,0.00495128,boundary
17,0.005,1.52053,0.000251245,0.00499368,boundary
18,0.005,1.60997,-0.000195813,0.00499616,boundary
19,0.005,1.69941,-0.000641305,0.0049587,boundary
20,0.005,1.78885,-0.00108167,0.0048816,boundary
21,0.005,1.8783,-0.00151339,0.00476547,boundary
22,0.005,1.96774,-0.00193301,0.00461123,boundary
23,0.005,2.05718,-0.00233717,0.00442014,boundary
24,0.005,2.14663,-0.00272265,0.00419371,boundary
25,0.005,2.23607,-0.00308636,0.00393375,boundary
26,0.005,2.32551,-0.0034254,0.00364234,boundary
27,0.005,2.41495,-0.00373706,0.00332181,boundary
28,0.005,2.5044,-0.00401883,0.00297472,boundary
29,0.005,2.59384,-0.00426848,0.00260385,boundary
30,0.005,2.68328,-0.00448401,0.00221217,boundary
31,0.005,2.77272,-0.00466368,0.0018028,boundary
32,0.005,2.86217,-0.00480607,0.00137902,boundary
33,0.005,2.95161,-0.00491004,0.000944211,boundary
34,0.005,3.04105,-0.00497475,0.000501855,boundary
35,0.005,3.1305,-0.00499969,5.54863e-05,boundary
36,0.005,3.21994,-0.00498466,-0.000391326,boundary
37,0.005,3.30938,-0.00492978,-0.000835009,boundary
38,0.005,3.39882,-0.00483549,-0.00127202,boundary
39,0.005,3.48827,-0.00470254,-0.00169885,boundary
40,0.005,3.57771,-0.004532,-0.00211211,boundary
41,0.005,3.66715,-0.00432522,-0.00250848,boundary
42,0.005,3.75659,-0.00408386,-0.0028848,boundary
43,0.005,3.84604,-0.00380986,-0.00323805,boundary
44,0.005,3.93548,-0.00350539,-0.00356542,boundary
45,0.005,4.02492,-0.00317291,-0.00386428,boundary
46,0.005,4.11437,-0.00281505,-0.00413225,boundary
47,0.005,4.20381,-0.00243469,-0.00436718,boundary
48,0.005,4.29325,-0.00203487,-0.0045672,boundary
49,0.005,4.38269,-0.00161878,-0.0047307,boundary
50,0.005,4.47214,-0.00118974,-0.00485639,boundary
51,0.005,4.56158,-0.000751196,-0.00494325,boundary
52,0.005,4.65102,-0.000306645,-0.00499059,boundary
53,0.005,4.74046,0.000140357,-0.00499803,boundary
54,0.005,4.82991,0.000586238,-0.00496551,boundary
55,0.005,4.91935,0.00102743,-0.0048933,boundary
56,0.005,5.00879,0.00146041,-0.00478197,boundary
57,0.005,5.09823,0.00188172,-0.0046324,boundary
58,0.005,5.18768,0.00228798,-0.0044458,boundary
59,0.005,5.27712,0.00267594,-0.00422366,boundary
60,0.005,5.36656,0.00304252,-0.00396775,boundary
61,0.005,5.45601,0.00338477,-0.00368012,boundary
62,0.005,5.54545,0.00369996,-0.00336307,boundary
63,0.005,5.63489,0.00398558,-0.00301914,boundary
64,0.005,5.72433,0.00423932,-0.00265106,boundary
65,0.005,5.81378,0.00445918,-0.00226179,boundary
66,0.005,5.90322,0.00464339,-0.00185444,boundary
67,0.005,5.99266,0.00479047,-0.00143227,boundary
68,0.005,6.0821,0.00489926,-0.00099864,boundary
69,0.005,6.17155,0.00496887,-0.00055703,boundary
70,0.005,6.26099,0.00499877,-0.000110966,boundary
71,0.00544721,0,0.00544721,0,fluid
72,0.00544721,0.0894427,0.00542544,0.000486564,fluid
73,0.00544721,0.178885,0.00536029,0.000969239,fluid
74,0.00544721,0.268328,0.00525229,0.00144416,fluid
75,0.00544721,0.357771,0.00510229,0.00190754,fluid
76,0.00544721,0.447214,0.00491151,0.00235567,fluid
77,0.00544721,0.536656,0.00468146,0.00278497,fluid
78,0.00544721,0.626099,0.00441398,0.003192,fluid
79,0.00544721,0.715542,0.00411122,0.00357352,fluid
80,0.00544721,0.804984,0.00377559,0.00392646,fluid
81,0.00544721,0.894427,0.00340977,0.00424801,fluid
82,0.00544721,0.98387,0.00301669,0.0045356,fluid
83,0.00544721,1.07331,0.0025995,0.00478694,fluid
84,0.00544721,1.16276,0.00216152,0.005,fluid
85,0.00544721,1.2522,0.00170626,0.00517308,fluid
86,0.00544721,1.34164,0.00123736,0.00530482,fluid
87,0.00544721,1.43108,0.000758572,0.00539414,fluid
88,0.00544721,1.52053,0.000273717,0.00544033,fluid
89,0.00544721,1.60997,-0.000213327,0.00544303,fluid
90,0.00544721,1.69941,-0.000698665,0.00540222,fluid
91,0.00544721,1.78885,-0.00117842,0.00531822,fluid
92,0.00544721,1.8783,-0.00164875,0.0051917,fluid
93,0.00544721,1.96774,-0.0021059,0.00502368,fluid
94,0.00544721,2.05718,-0.00254621,0.00481549,fluid
95,0.00544721,2.14663,-0.00296617,0.0045688,fluid
96,0.00544721,2.23607,-0.00336242,0.00428559,fluid
97,0.00544721,2.32551,-0.00373178,0.00396812,fluid
98,0.00544721,2.41495,-0.00407131,0.00361892,fluid
99,0.00544721,2.5044,-0.00437829,0.00324079,fluid
100,0.00544721,2.59384,-0.00465027,0.00283675,fluid
101,0.00544721,2.68328,-0.00488507,0.00241003,fluid
102,0.00544721,2.77272,-0.00508081,0.00196405,fluid
103,0.00544721,2.86217,-0.00523594,0.00150236,fluid
104,0.00544721,2.95161,-0.0053492,0.00102866,fluid
105,0.00544721,3.04105,-0.00541971,0.000546742,fluid
106,0.00544721,3.1305,-0.00544688,6.04491e-05,fluid
107,0.00544721,3.21994,-0.0054305,-0.000426327,fluid
108,0.00544721,3.30938,-0.00537072,-0.000909694,fluid
109,0.00544721,3.39882,-0.00526799,-0.00138579,fluid
110,0.00544721,3.48827,-0.00512315,-0.00185081,fluid
111,0.00544721,3.57771,-0.00493735,-0.00230102,fluid
112,0.00544721,3.66715,-0.00471208,-0.00273285,fluid
113,0.00544721,3.75659,-0.00444913,-0.00314282,fluid
114,0.00544721,3.84604,-0.00415062,-0.00352767,fluid
115,0.00544721,3.93548,-0.00381893,-0.00388432,fluid
116,0.00544721,4.02492,-0.0034567,-0.00420991,fluid
117,0.00544721,4.11437,-0.00306684,-0.00450185,fluid
118,0.00544721,4.20381,-0.00265246,-0.00475779,fluid
119,0.00544721,4.29325,-0.00221687,-0.0049757,fluid
120,0.00544721,4.38269,-0.00176356,-0.00515383,fluid
121,0.00544721,4.47214,-0.00129616,-0.00529076,fluid
122,0.00544721,4.56158,-0.000818386,-0.00538539,fluid
123,0.00544721,4.65102,-0.000334073,-0.00543696,fluid
124,0.00544721,4.74046,0.000152911,-0.00544507,fluid
125,0.00544721,4.82991,0.000638672,-0.00540964,fluid
126,0.00544721,4.91935,0.00111933,-0.00533097,fluid
127,0.00544721,5.00879,0.00159103,-0.00520968,fluid
128,0.00544721,5.09823,0.00205002,-0.00504674,fluid
129,0.00544721,5.18768,0.00249262,-0.00484345,fluid
130,0.00544721,5.27712,0.00291529,-0.00460144,fluid
131,0.00544721,5.36656,0.00331465,-0.00432264,fluid
132,0.00544721,5.45601,0.00368752,-0.00400928,fluid
133,0.00544721,5.54545,0.0040309,-0.00366388,fluid
134,0.00544721,5.63489,0.00434206,-0.00328918,fluid
135,0.00544721,5.72433,0.0046185,-0.00288818,fluid
136,0.00544721,5.81378,0.00485802,-0.0024641,fluid
137,0.00544721,5.90322,0.0050587,-0.00202031,fluid
138,0.00544721,5.99266,0.00521894,-0.00156037,fluid
139,0.00544721,6.0821,0.00533746,-0.00108796,fluid
140,0.00544721,6.17155,0.0054133,-0.000606852,fluid
141,0.00544721,6.26099,0.00544587,-0.000120891,fluid
142,0.00601505,0,0.00601505,0,fluid
143,0.00601505,0.0894427,0.005991,0.000537285,fluid
144,0.00601505,0.178885,0.00591906,0.00107027,fluid
145,0.00601505,0.268328,0.0057998,0.00159471,fluid
146,0.00601505,0.357771,0.00563417,0.00210639,fluid
147,0.00601505,0.447214,0.0054235,0.00260124,fluid
148,0.00601505,0.536656,0.00516947,0.00307528,fluid
149,0.00601505,0.626099,0.00487411,0.00352475,fluid
150,0.00601505,0.715542,0.00453978,0.00394603,fluid
151,0.00601505,0.804984,0.00416916,0.00433576,fluid
152,0.00601505,0.894427,0.00376521,0.00469084,fluid
153,0.00601505,0.98387,0.00333116,0.00500841,fluid
154,0.00601505,1.07331,0.00287047,0.00528594,fluid
155,0.00601505,1.16276,0.00238684,0.00552121,fluid
156,0.00601505,1.2522,0.00188413,0.00571234,fluid
157,0.00601505,1.34164,0.00136635,0.0058578,fluid
158,0.00601505,1.43108,0.000837648,0.00595644,fluid
159,0.00601505,1.52053,0.00030225,0.00600745,fluid
160,0.00601505,1.60997,-0.000235565,0.00601043,fluid
161,0.00601505,1.69941,-0.000771496,0.00596536,fluid
162,0.00601505,1.78885,-0.00130126,0.00587261,fluid
163,0.00601505,1.8783,-0.00182062,0.0057329,fluid
164,0.00601505,1.96774,-0.00232542,0.00554736,fluid
165,0.00601505,2.05718,-0.00281164,0.00531747,fluid
166,0.00601505,2.14663,-0.00327537,0.00504507,fluid
167,0.00601505,2.23607,-0.00371292,0.00473233,fluid
168,0.00601505,2.32551,-0.00412079,0.00438176,fluid
169,0.00601505,2.41495,-0.00449571,0.00399616,fluid
170,0.00601505,2.5044,-0.00483469,0.00357862,fluid
171,0.00601505,2.59384,-0.00513502,0.00313246,fluid
172,0.00601505,2.68328,-0.0053943,0.00266126,fluid
173,0.00601505,2.77272,-0.00561045,0.00216879,fluid
174,0.00601505,2.86217,-0.00578175,0.00165897,fluid
175,0.00601505,2.95161,-0.00590682,0.00113589,fluid
176,0.00601505,3.04105,-0.00598467,0.000603736,fluid
177,0.00601505,3.1305,-0.00601468,6.67505e-05,fluid
178,0.00601505,3.21994,-0.00599659,-0.000470768,fluid
179,0.00601505,3.30938,-0.00593057,-0.00100452,fluid
180,0.00601505,3.39882,-0.00581714,-0.00153025,fluid
181,0.00601505,3.48827,-0.0056572,-0.00204374,fluid
182,0.00601505,3.57771,-0.00545203,-0.00254089,fluid
183,0.00601505,3.66715,-0.00520328,-0.00301773,fluid
184,0.00601505,3.75659,-0.00491292,-0.00347044,fluid
185,0.00601505,3.84604,-0.00458329,-0.00389541,fluid
186,0.00601505,3.93548,-0.00421702,-0.00428923,fluid
187,0.00601505,4.02492,-0.00381704,-0.00464876,fluid
188,0.00601505,4.11437,-0.00338653,-0.00497113,fluid
189,0.00601505,4.20381,-0.00292896,-0.00525376,fluid
190,0.00601505,4.29325,-0.00244796,-0.00549438,fluid
191,0.00601505,4.38269,-0.0019474,-0.00569108,fluid
192,0.00601505,4.47214,-0.00143127,-0.00584228,fluid
193,0.00601505,4.56158,-0.000903696,-0.00594677,fluid
194,0.00601505,4.65102,-0.000368897,-0.00600372,fluid
195,0.00601505,4.74046,0.000168851,-0.00601268,fluid
196,0.00601505,4.82991,0.000705249,-0.00597356,fluid
197,0.00601505,4.91935,0.00123601,-0.00588668,fluid
198,0.00601505,5.00879,0.00175689,-0.00575275,fluid
199,0.00601505,5.09823,0.00226372,-0.00557282,fluid
200,0.00601505,5.18768,0.00275246,-0.00534834,fluid
201,0.00601505,5.27712,0.00321919,-0.0050811,fluid
202,0.00601505,5.36656,0.00366018,-0.00477324,fluid
203,0.00601505,5.45601,0.00407191,-0.00442722,fluid
204,0.00601505,5.54545,0.00445109,-0.00404581,fluid
205,0.00601505,5.63489,0.00479468,-0.00363205,fluid
206,0.00601505,5.72433,0.00509994,-0.00318925,fluid
207,0.00601505,5.81378,0.00536443,-0.00272096,fluid
208,0.00601505,5.90322,0.00558604,-0.00223091,fluid
209,0.00601505,5.99266,0.00576298,-0.00172303,fluid
210,0.00601505,6.0821,0.00589385,-0.00120137,fluid
211,0.00601505,6.17155,0.0059776,-0.000670112,fluid
212,0.00601505,6.26099,0.00601356,-0.000133493,fluid
213,0.00673603,0,0.00673603,0,fluid
214,0.00673603,0.0894427,0.0067091,0.000601686,fluid
215,0.00673603,0.178885,0.00662854,0.00119856,fluid
216,0.00673603,0.268328,0.00649498,0.00178585,fluid
217,0.00673603,0.357771,0.0063095,0.00235887,fluid
218,0.00673603,0.447214,0.00607358,0.00291303,fluid
219,0.00673603,0.536656,0.0057891,0.0034439,fluid
220,0.00673603,0.626099,0.00545834,0.00394723,fluid
221,0.00673603,0.715542,0.00508394,0.00441901,fluid
222,0.00673603,0.804984,0.00466889,0.00485546,fluid
223,0.00673603,0.894427,0.00421652,0.0052531,fluid
224,0.00673603,0.98387,0.00373044,0.00560873,fluid
225,0.00673603,1.07331,0.00321454,0.00591953,fluid
226,0.00673603,1.16276,0.00267294,0.006183,fluid
227,0.00673603,1.2522,0.00210996,0.00639704,fluid
228,0.00673603,1.34164,0.00153012,0.00655994,fluid
229,0.00673603,1.43108,0.000938051,0.00667039,fluid
230,0.00673603,1.52053,0.000338478,0.00672752,fluid
231,0.00673603,1.60997,-0.0002638,0.00673086,fluid
232,0.00673603,1.69941,-0.00086397,0.00668039,fluid
233,0.00673603,1.78885,-0.00145723,0.00657651,fluid
234,0.00673603,1.8783,-0.00203884,0.00642006,fluid
235,0.00673603,1.96774,-0.00260416,0.00621228,fluid
236,0.00673603,2.05718,-0.00314865,0.00595484,fluid
237,0.00673603,2.14663,-0.00366797,0.00564978,fluid
238,0.00673603,2.23607,-0.00415797,0.00529956,fluid
239,0.00673603,2.32551,-0.00461472,0.00490698,fluid
240,0.00673603,2.41495,-0.00503458,0.00447516,fluid
241,0.00673603,2.5044,-0.0054142,0.00400756,fluid
242,0.00673603,2.59384,-0.00575052,0.00350793,fluid
243,0.00673603,2.68328,-0.00604088,0.00298025,fluid
244,0.00673603,2.77272,-0.00628294,0.00242874,fluid
245,0.00673603,2.86217,-0.00647476,0.00185782,fluid
246,0.00673603,2.95161,-0.00661483,0.00127205,fluid
247,0.00673603,3.04105,-0.00670201,0.000676101,fluid
248,0.00673603,3.1305,-0.00673561,7.47514e-05,fluid
249,0.00673603,3.21994,-0.00671537,-0.000527196,fluid
250,0.00673603,3.30938,-0.00664143,-0.00112493,fluid
251,0.00673603,3.39882,-0.0065144,-0.00171367,fluid
252,0.00673603,3.48827,-0.00633529,-0.00228871,fluid
253,0.00673603,3.57771,-0.00610553,-0.00284545,fluid
254,0.00673603,3.66715,-0.00582696,-0.00337944,fluid
255,0.00673603,3.75659,-0.0055018,-0.00388642,fluid
256,0.00673603,3.84604,-0.00513266,-0.00436232,fluid
257,0.00673603,3.93548,-0.00472249,-0.00480335,fluid
258,0.00673603,4.02492,-0.00427456,-0.00520598,fluid
259,0.00673603,4.11437,-0.00379245,-0.00556699,fluid
260,0.00673603,4.20381,-0.00328003,-0.00588349,fluid
261,0.00673603,4.29325,-0.00274139,-0.00615296,fluid
262,0.00673603,4.38269,-0.00218082,-0.00637323,fluid
263,0.00673603,4.47214,-0.00160283,-0.00654255,fluid
264,0.00673603,4.56158,-0.00101202,-0.00665957,fluid
265,0.00673603,4.65102,-0.000413114,-0.00672335,fluid
266,0.00673603,4.74046,0.00018909,-0.00673337,fluid
267,0.00673603,4.82991,0.000789783,-0.00668957,fluid
268,0.00673603,4.91935,0.00138416,-0.00659228,fluid
269,0.00673603,5.00879,0.00196747,-0.00644229,fluid
270,0.00673603,5.09823,0.00253506,-0.0062408,fluid
271,0.00673603,5.18768,0.00308237,-0.00598941,fluid
272,0.00673603,5.27712,0.00360505,-0.00569014,fluid
273,0.00673603,5.36656,0.0040989,-0.00534538,fluid
274,0.00673603,5.45601,0.00455998,-0.00495788,fluid
275,0.00673603,5.54545,0.00498461,-0.00453075,fluid
276,0.00673603,5.63489,0.00536939,-0.0040674,fluid
277,0.00673603,5.72433,0.00571124,-0.00357153,fluid
278,0.00673603,5.81378,0.00600743,-0.0030471,fluid
279,0.00673603,5.90322,0.0062556,-0.00249832,fluid
280,0.00673603,5.99266,0.00645375,-0.00192956,fluid
281,0.00673603,6.0821,0.00660031,-0.00134537,fluid
282,0.00673603,6.17155,0.0066941,-0.000750434,fluid
283,0.00673603,6.26099,0.00673437,-0.000149494,fluid
284,0.00765147,0,0.00765147,0,fluid
285,0.00765147,0.0894427,0.00762088,0.000683456,fluid
286,0.00765147,0.178885,0.00752937,0.00136145,fluid
287,0.00765147,0.268328,0.00737766,0.00202856,fluid
288,0.00765147,0.357771,0.00716697,0.00267944,fluid
289,0.00765147,0.447214,0.00689899,0.00330891,fluid
290,0.00765147,0.536656,0.00657585,0.00391193,fluid
291,0.00765147,0.626099,0.00620013,0.00448367,fluid
292,0.00765147,0.715542,0.00577485,0.00501956,fluid
293,0.00765147,0.804984,0.0053034,0.00551533,fluid
294,0.00765147,0.894427,0.00478955,0.005967,fluid
295,0.00765147,0.98387,0.00423742,0.00637097,fluid
296,0.00765147,1.07331,0.0036514,0.006724,fluid
297,0.00765147,1.16276,0.00303619,0.00702328,fluid
298,0.00765147,1.2522,0.00239671,0.00726641,fluid
299,0.00765147,1.34164,0.00173807,0.00745145,fluid
300,0.00765147,1.43108,0.00106553,0.00757691,fluid
301,0.00765147,1.52053,0.000384478,0.0076418,fluid
302,0.00765147,1.60997,-0.000299651,0.0076456,fluid
303,0.00765147,1.69941,-0.000981385,0.00758827,fluid
304,0.00765147,1.78885,-0.00165527,0.00747027,fluid
305,0.00765147,1.8783,-0.00231593,0.00729256,fluid
306,0.00765147,1.96774,-0.00295807,0.00705654,fluid
307,0.00765147,2.05718,-0.00357656,0.00676411,fluid
308,0.00765147,2.14663,-0.00416645,0.0064176,fluid
309,0.00765147,2.23607,-0.00472304,0.00601978,fluid
310,0.00765147,2.32551,-0.00524187,0.00557384,fluid
311,0.00765147,2.41495,-0.00571879,0.00508334,fluid
312,0.00765147,2.5044,-0.00614999,0.0045522,fluid
313,0.00765147,2.59384,-0.00653203,0.00398466,fluid
314,0.00765147,2.68328,-0.00686184,0.00338527,fluid
315,0.00765147,2.77272,-0.0071368,0.00275881,fluid
316,0.00765147,2.86217,-0.0073547,0.0021103,fluid
317,0.00765147,2.95161,-0.0075138,0.00144492,fluid
318,0.00765147,3.04105,-0.00761283,0.000767985,fluid
319,0.00765147,3.1305,-0.007651,8.49103e-05,fluid
320,0.00765147,3.21994,-0.007628,-0.000598843,fluid
321,0.00765147,3.30938,-0.00754401,-0.00127781,fluid
322,0.00765147,3.39882,-0.00739972,-0.00194656,fluid
323,0.00765147,3.48827,-0.00719627,-0.00259975,fluid
324,0.00765147,3.57771,-0.00693528,-0.00323215,fluid
325,0.00765147,3.66715,-0.00661885,-0.00383871,fluid
326,0.00765147,3.75659,-0.00624951,-0.00441459,fluid
327,0.00765147,3.84604,-0.0058302,-0.00495517,fluid
328,0.00765147,3.93548,-0.00536428,-0.00545614,fluid
329,0.00765147,4.02492,-0.00485548,-0.00591348,fluid
330,0.00765147,4.11437,-0.00430786,-0.00632355,fluid
331,0.00765147,4.20381,-0.00372579,-0.00668307,fluid
332,0.00765147,4.29325,-0.00311395,-0.00698915,fluid
333,0.00765147,4.38269,-0.0024772,-0.00723937,fluid
334,0.00765147,4.47214,-0.00182065,-0.0074317,fluid
335,0.00765147,4.56158,-0.00114955,-0.00756462,fluid
336,0.00765147,4.65102,-0.000469257,-0.00763706,fluid
337,0.00765147,4.74046,0.000214788,-0.00764845,fluid
338,0.00765147,4.82991,0.000897116,-0.00759869,fluid
339,0.00765147,4.91935,0.00157227,-0.00748818,fluid
340,0.00765147,5.00879,0.00223486,-0.00731781,fluid
341,0.00765147,5.09823,0.00287958,-0.00708893,fluid
342,0.00765147,5.18768,0.00350127,-0.00680338,fluid
343,0.00765147,5.27712,0.00409498,-0.00646344,fluid
344,0.00765147,5.36656,0.00465595,-0.00607183,fluid
345,0.00765147,5.45601,0.00517969,-0.00563167,fluid
346,0.00765147,5.54545,0.00566203,-0.00514649,fluid
347,0.00765147,5.63489,0.0060991,-0.00462017,fluid
348,0.00765147,5.72433,0.00648741,-0.0040569,fluid
349,0.00765147,5.81378,0.00682385,-0.00346121,fluid
350,0.00765147,5.90322,0.00710574,-0.00283784,fluid
351,0.00765147,5.99266,0.00733083,-0.00219179,fluid
352,0.00765147,6.0821,0.0074973,-0.00152821,fluid
353,0.00765147,6.17155,0.00760384,-0.000852419,fluid
354,0.00765147,6.26099,0.00764958,-0.00016981,fluid
355,0.00881381,0,0.00881381,0,fluid
356,0.00881381,0.0894427,0.00877858,0.00078728,fluid
357,0.00881381,0.178885,0.00867316,0.00156827,fluid
358,0.00881381,0.268328,0.00849841,0.00233672,fluid
359,0.00881381,0.357771,0.00825572,0.00308648,fluid
360,0.00881381,0.447214,0.00794702,0.00381157,fluid
361,0.00881381,0.536656,0.00757479,0.00450619,fluid
362,0.00881381,0.626099,0.007142,0.00516479,fluid
363,0.00881381,0.715542,0.00665212,0.00578209,fluid
364,0.00881381,0.804984,0.00610905,0.00635317,fluid
365,0.00881381,0.894427,0.00551714,0.00687345,fluid
366,0.00881381,0.98387,0.00488113,0.00733879,fluid
367,0.00881381,1.07331,0.00420609,0.00774545,fluid
368,0.00881381,1.16276,0.00349742,0.00809019,fluid
369,0.00881381,1.2522,0.0027608,0.00837026,fluid
370,0.00881381,1.34164,0.0020021,0.0085834,fluid
371,0.00881381,1.43108,0.0012274,0.00872793,fluid
372,0.00881381,1.52053,0.000442884,0.00880267,fluid
373,0.00881381,1.60997,-0.000345172,0.00880705,fluid
374,0.00881381,1.69941,-0.00113047,0.00874101,fluid
375,0.00881381,1.78885,-0.00190673,0.00860509,fluid
376,0.00881381,1.8783,-0.00266774,0.00840038,fluid
377,0.00881381,1.96774,-0.00340743,0.00812851,fluid
378,0.00881381,2.05718,-0.00411988,0.00779165,fluid
379,0.00881381,2.14663,-0.00479939,0.0073925,fluid
380,0.00881381,2.23607,-0.00544052,0.00693426,fluid
381,0.00881381,2.32551,-0.00603817,0.00642057,fluid
382,0.00881381,2.41495,-0.00658754,0.00585556,fluid
383,0.00881381,2.5044,-0.00708425,0.00524373,fluid
384,0.00881381,2.59384,-0.00752432,0.00458998,fluid
385,0.00881381,2.68328,-0.00790423,0.00389953,fluid
386,0.00881381,2.77272,-0.00822096,0.00317791,fluid
387,0.00881381,2.86217,-0.00847196,0.00243088,fluid
388,0.00881381,2.95161,-0.00865523,0.00166442,fluid
389,0.00881381,3.04105,-0.0087693,0.00088465,fluid
390,0.00881381,3.1305,-0.00881327,9.78091e-05,fluid
391,0.00881381,3.21994,-0.00878677,-0.000689814,fluid
392,0.00881381,3.30938,-0.00869003,-0.00147192,fluid
393,0.00881381,3.39882,-0.00852382,-0.00224226,fluid
394,0.00881381,3.48827,-0.00828946,-0.00299468,fluid
395,0.00881381,3.57771,-0.00798883,-0.00372315,fluid
396,0.00881381,3.66715,-0.00762433,-0.00442186,fluid
397,0.00881381,3.75659,-0.00719888,-0.00508521,fluid
398,0.00881381,3.84604,-0.00671587,-0.00570791,fluid
399,0.00881381,3.93548,-0.00617917,-0.00628498,fluid
400,0.00881381,4.02492,-0.00559308,-0.00681181,fluid
401,0.00881381,4.11437,-0.00496227,-0.00728417,fluid
402,0.00881381,4.20381,-0.00429178,-0.0076983,fluid
403,0.00881381,4.29325,-0.00358699,-0.00805088,fluid
404,0.00881381,4.38269,-0.00285352,-0.0083391,fluid
405,0.00881381,4.47214,-0.00209723,-0.00856066,fluid
406,0.00881381,4.56158,-0.00132418,-0.00871377,fluid
407,0.00881381,4.65102,-0.000540543,-0.00879722,fluid
408,0.00881381,4.74046,0.000247416,-0.00881033,fluid
409,0.00881381,4.82991,0.0010334,-0.00875302,fluid
410,0.00881381,4.91935,0.00181112,-0.00862572,fluid
411,0.00881381,5.00879,0.00257436,-0.00842947,fluid
412,0.00881381,5.09823,0.00331702,-0.00816582,fluid
413,0.00881381,5.18768,0.00403316,-0.00783689,fluid
414,0.00881381,5.27712,0.00471705,-0.00744531,fluid
415,0.00881381,5.36656,0.00536324,-0.0069942,fluid
416,0.00881381,5.45601,0.00596655,-0.00648718,fluid
417,0.00881381,5.54545,0.00652215,-0.0059283,fluid
418,0.00881381,5.63489,0.00702562,-0.00532202,fluid
419,0.00881381,5.72433,0.00747292,-0.00467319,fluid
420,0.00881381,5.81378,0.00786047,-0.003987,fluid
421,0.00881381,5.90322,0.00818518,-0.00326894,fluid
422,0.00881381,5.99266,0.00844446,-0.00252475,fluid
423,0.00881381,6.0821,0.00863622,-0.00176037,fluid
424,0.00881381,6.17155,0.00875894,-0.000981911,fluid
425,0.00881381,6.26099,0.00881164,-0.000195606,fluid
426,0.0102896,0,0.0102896,0,fluid
427,0.0102896,0.0894427,0.0102485,0.000919107,fluid
428,0.0102896,0.178885,0.0101255,0.00183087,fluid
429,0.0102896,0.268328,0.00992144,0.00272799,fluid
430,0.0102896,0.357771,0.0096381,0.0036033,fluid
431,0.0102896,0.447214,0.00927772,0.00444981,fluid
432,0.0102896,0.536656,0.00884316,0.00526074,fluid
433,0.0102896,0.626099,0.0083379,0.00602961,fluid
434,0.0102896,0.715542,0.00776599,0.00675028,fluid
435,0.0102896,0.804984,0.00713198,0.00741698,fluid
436,0.0102896,0.894427,0.00644096,0.00802439,fluid
437,0.0102896,0.98387,0.00569845,0.00856764,fluid
438,0.0102896,1.07331,0.00491038,0.0090424,fluid
439,0.0102896,1.16276,0.00408305,0.00944487,fluid
440,0.0102896,1.2522,0.00322308,0.00977182,fluid
441,0.0102896,1.34164,0.00233735,0.0100207,fluid
442,0.0102896,1.43108,0.00143292,0.0101894,fluid
443,0.0102896,1.52053,0.000517044,0.0102766,fluid
444,0.0102896,1.60997,-0.000402969,0.0102818,fluid
445,0.0102896,1.69941,-0.00131976,0.0102047,fluid
446,0.0102896,1.78885,-0.002226,0.010046,fluid
447,0.0102896,1.8783,-0.00311445,0.00980699,fluid
448,0.0102896,1.96774,-0.00397799,0.0094896,fluid
449,0.0102896,2.05718,-0.00480973,0.00909633,fluid
450,0.0102896,2.14663,-0.00560302,0.00863035,fluid
451,0.0102896,2.23607,-0.00635152,0.00809537,fluid
452,0.0102896,2.32551,-0.00704924,0.00749567,fluid
453,0.0102896,2.41495,-0.0076906,0.00683605,fluid
454,0.0102896,2.5044,-0.00827048,0.00612177,fluid
455,0.0102896,2.59384,-0.00878423,0.00535855,fluid
456,0.0102896,2.68328,-0.00922777,0.00455249,fluid
457,0.0102896,2.77272,-0.00959752,0.00371004,fluid
458,0.0102896,2.86217,-0.00989055,0.00283792,fluid
459,0.0102896,2.95161,-0.0101045,0.00194312,fluid
460,0.0102896,3.04105,-0.0102377,0.00103278,fluid
461,0.0102896,3.1305,-0.010289,0.000114187,fluid
462,0.0102896,3.21994,-0.0102581,-0.00080532,fluid
463,0.0102896,3.30938,-0.0101451,-0.00171839,fluid
464,0.0102896,3.39882,-0.0099511,-0.00261772,fluid
465,0.0102896,3.48827,-0.0096775,-0.00349612,fluid
466,0.0102896,3.57771,-0.00932653,-0.00434658,fluid
467,0.0102896,3.66715,-0.00890099,-0.00516228,fluid
468,0.0102896,3.75659,-0.0084043,-0.00593671,fluid
469,0.0102896,3.84604,-0.00784042,-0.00666368,fluid
470,0.0102896,3.93548,-0.00721385,-0.00733738,fluid
471,0.0102896,4.02492,-0.00652962,-0.00795242,fluid
472,0.0102896,4.11437,-0.00579318,-0.00850388,fluid
473,0.0102896,4.20381,-0.00501042,-0.00898735,fluid
474,0.0102896,4.29325,-0.00418761,-0.00939897,fluid
475,0.0102896,4.38269,-0.00333133,-0.00973546,fluid
476,0.0102896,4.47214,-0.0024484,-0.00999411,fluid
477,0.0102896,4.56158,-0.00154591,-0.0101729,fluid
478,0.0102896,4.65102,-0.000631055,-0.0102703,fluid
479,0.0102896,4.74046,0.000288845,-0.0102856,fluid
480,0.0102896,4.82991,0.00120644,-0.0102187,fluid
481,0.0102896,4.91935,0.00211438,-0.0100701,fluid
482,0.0102896,5.00879,0.00300542,-0.00984095,fluid
483,0.0102896,5.09823,0.00387244,-0.00953316,fluid
484,0.0102896,5.18768,0.00470849,-0.00914915,fluid
485,0.0102896,5.27712,0.00550691,-0.008692,fluid
486,0.0102896,5.36656,0.00626129,-0.00816536,fluid
487,0.0102896,5.45601,0.00696562,-0.00757344,fluid
488,0.0102896,5.54545,0.00761426,-0.00692097,fluid
489,0.0102896,5.63489,0.00820203,-0.00621317,fluid
490,0.0102896,5.72433,0.00872423,-0.0054557,fluid
491,0.0102896,5.81378,0.00917668,-0.00465461,fluid
492,0.0102896,5.90322,0.00955576,-0.00381631,fluid
493,0.0102896,5.99266,0.00985845,-0.0029475,fluid
494,0.0102896,6.0821,0.0100823,-0.00205513,fluid
495,0.0102896,6.17155,0.0102256,-0.00114633,fluid
496,0.0102896,6.26099,0.0102871,-0.00022836,fluid
497,0.0121635,0,0.0121635,0,fluid
498,0.0121635,0.0894427,0.0121149,0.00108649,fluid
499,0.0121635,0.178885,0.0119694,0.00216429,fluid
500,0.0121635,0.268328,0.0117283,0.00322479,fluid
501,0.0121635,0.357771,0.0113933,0.00425951,fluid
502,0.0121635,0.447214,0.0109673,0.00526018,fluid
503,0.0121635,0.536656,0.0104536,0.00621879,fluid
504,0.0121635,0.626099,0.00985635,0.00712769,fluid
505,0.0121635,0.715542,0.00918028,0.0079796,fluid
506,0.0121635,0.804984,0.00843082,0.00876772,fluid
507,0.0121635,0.894427,0.00761395,0.00948574,fluid
508,0.0121635,0.98387,0.00673622,0.0101279,fluid
509,0.0121635,1.07331,0.00580463,0.0106891,fluid
510,0.0121635,1.16276,0.00482663,0.0111649,fluid
511,0.0121635,1.2522,0.00381005,0.0115514,fluid
512,0.0121635,1.34164,0.00276301,0.0118456,fluid
513,0.0121635,1.43108,0.00169388,0.012045,fluid
514,0.0121635,1.52053,0.000611205,0.0121482,fluid
515,0.0121635,1.60997,-0.000476356,0.0121542,fluid
516,0.0121635,1.69941,-0.00156011,0.0120631,fluid
517,0.0121635,1.78885,-0.00263139,0.0118755,fluid
518,0.0121635,1.8783,-0.00368163,0.011593,fluid
519,0.0121635,1.96774,-0.00470244,0.0112178,fluid
520,0.0121635,2.05718,-0.00568565,0.0107529,fluid
521,0.0121635,2.14663,-0.00662341,0.0102021,fluid
522,0.0121635,2.23607,-0.00750822,0.00956965,fluid
523,0.0121635,2.32551,-0.008333,0.00886074,fluid
524,0.0121635,2.41495,-0.00909116,0.00808098,fluid
525,0.0121635,2.5044,-0.00977664,0.00723663,fluid
526,0.0121635,2.59384,-0.010384,0.00633442,fluid
527,0.0121635,2.68328,-0.0109083,0.00538156,fluid
528,0.0121635,2.77272,-0.0113454,0.00438569,fluid
529,0.0121635,2.86217,-0.0116918,0.00335475,fluid
530,0.0121635,2.95161,-0.0119447,0.00229699,fluid
531,0.0121635,3.04105,-0.0121021,0.00122086,fluid
532,0.0121635,3.1305,-0.0121628,0.000134982,fluid
533,0.0121635,3.21994,-0.0121262,-0.00095198,fluid
534,0.0121635,3.30938,-0.0119927,-0.00203133,fluid
535,0.0121635,3.39882,-0.0117633,-0.00309444,fluid
536,0.0121635,3.48827,-0.0114399,-0.00413282,fluid
537,0.0121635,3.57771,-0.011025,-0.00513815,fluid
538,0.0121635,3.66715,-0.010522,-0.0061024,fluid
539,0.0121635,3.75659,-0.00993484,-0.00701787,fluid
540,0.0121635,3.84604,-0.00926827,-0.00787723,fluid
541,0.0121635,3.93548,-0.0085276,-0.00867362,fluid
542,0.0121635,4.02492,-0.00771875,-0.00940066,fluid
543,0.0121635,4.11437,-0.0068482,-0.0100525,fluid
544,0.0121635,4.20381,-0.00592289,-0.0106241,fluid
545,0.0121635,4.29325,-0.00495024,-0.0111107,fluid
546,0.0121635,4.38269,-0.00393801,-0.0115084,fluid
547,0.0121635,4.47214,-0.00289429,-0.0118142,fluid
548,0.0121635,4.56158,-0.00182744,-0.0120255,fluid
549,0.0121635,4.65102,-0.000745978,-0.0121406,fluid
550,0.0121635,4.74046,0.000341448,-0.0121587,fluid
551,0.0121635,4.82991,0.00142614,-0.0120796,fluid
552,0.0121635,4.91935,0.00249944,-0.011904,fluid
553,0.0121635,5.00879,0.00355275,-0.0116331,fluid
554,0.0121635,5.09823,0.00457766,-0.0112693,fluid
555,0.0121635,5.18768,0.00556597,-0.0108153,fluid
556,0.0121635,5.27712,0.00650979,-0.0102749,fluid
557,0.0121635,5.36656,0.00740156,-0.00965238,fluid
558,0.0121635,5.45601,0.00823416,-0.00895266,fluid
559,0.0121635,5.54545,0.00900093,-0.00818137,fluid
560,0.0121635,5.63489,0.00969574,-0.00734468,fluid
561,0.0121635,5.72433,0.010313,-0.00644926,fluid
562,0.0121635,5.81378,0.0108479,-0.00550228,fluid
563,0.0121635,5.90322,0.011296,-0.00451132,fluid
564,0.0121635,5.99266,0.0116538,-0.00348429,fluid
565,0.0121635,6.0821,0.0119185,-0.0024294,fluid
566,0.0121635,6.17155,0.0120878,-0.00135509,fluid
567,0.0121635,6.26099,0.0121605,-0.000269947,fluid
568,0.0145428,0,0.0145428,0,fluid
569,0.0145428,0.0894427,0.0144847,0.00129902,fluid
570,0.0145428,0.178885,0.0143108,0.00258765,fluid
571,0.0145428,0.268328,0.0140224,0.00385559,fluid
572,0.0145428,0.357771,0.013622,0.00509271,fluid
573,0.0145428,0.447214,0.0131126,0.00628912,fluid
574,0.0145428,0.536656,0.0124984,0.00743524,fluid
575,0.0145428,0.626099,0.0117843,0.00852193,fluid
576,0.0145428,0.715542,0.010976,0.00954048,fluid
577,0.0145428,0.804984,0.01008,0.0104828,fluid
578,0.0145428,0.894427,0.00910331,0.0113412,fluid
579,0.0145428,0.98387,0.00805388,0.012109,fluid
580,0.0145428,1.07331,0.00694007,0.01278,fluid
581,0.0145428,1.16276,0.00577077,0.0133489,fluid
582,0.0145428,1.2522,0.00455533,0.013811,fluid
583,0.0145428,1.34164,0.00330348,0.0141627,fluid
584,0.0145428,1.43108,0.00202522,0.0144011,fluid
585,0.0145428,1.52053,0.000730762,0.0145245,fluid
586,0.0145428,1.60997,-0.000569535,0.0145317,fluid
587,0.0145428,1.69941,-0.00186528,0.0144227,fluid
588,0.0145428,1.78885,-0.00314611,0.0141984,fluid
589,0.0145428,1.8783,-0.00440179,0.0138607,fluid
590,0.0145428,1.96774,-0.00562228,0.0134121,fluid
591,0.0145428,2.05718,-0.00679782,0.0128563,fluid
592,0.0145428,2.14663,-0.00791901,0.0121977,fluid
593,0.0145428,2.23607,-0.00897689,0.0114416,fluid
594,0.0145428,2.32551,-0.00996301,0.010594,fluid
595,0.0145428,2.41495,-0.0108695,0.0096617,fluid
596,0.0145428,2.5044,-0.011689,0.00865217,fluid
597,0.0145428,2.59384,-0.0124152,0.00757348,fluid
598,0.0145428,2.68328,-0.013042,0.00643424,fluid
599,0.0145428,2.77272,-0.0135646,0.00524356,fluid
600,0.0145428,2.86217,-0.0139788,0.00401096,fluid
601,0.0145428,2.95161,-0.0142812,0.0027463,fluid
602,0.0145428,3.04105,-0.0144694,0.00145968,fluid
603,0.0145428,3.1305,-0.0145419,0.000161386,fluid
604,0.0145428,3.21994,-0.0144982,-0.0011382,fluid
605,0.0145428,3.30938,-0.0143386,-0.00242868,fluid
606,0.0145428,3.39882,-0.0140643,-0.00369974,fluid
607,0.0145428,3.48827,-0.0136776,-0.00494123,fluid
608,0.0145428,3.57771,-0.0131816,-0.00614322,fluid
609,0.0145428,3.66715,-0.0125802,-0.00729609,fluid
610,0.0145428,3.75659,-0.0118782,-0.00839063,fluid
611,0.0145428,3.84604,-0.0110812,-0.00941809,fluid
612,0.0145428,3.93548,-0.0101957,-0.0103703,fluid
613,0.0145428,4.02492,-0.00922861,-0.0112395,fluid
614,0.0145428,4.11437,-0.00818776,-0.0120189,fluid
615,0.0145428,4.20381,-0.00708146,-0.0127022,fluid
616,0.0145428,4.29325,-0.00591855,-0.013284,fluid
617,0.0145428,4.38269,-0.00470832,-0.0137596,fluid
618,0.0145428,4.47214,-0.00346044,-0.0141251,fluid
619,0.0145428,4.56158,-0.0021849,-0.0143778,fluid
620,0.0145428,4.65102,-0.000891898,-0.0145155,fluid
621,0.0145428,4.74046,0.000408238,-0.0145371,fluid
622,0.0145428,4.82991,0.00170511,-0.0144425,fluid
623,0.0145428,4.91935,0.00298835,-0.0142325,fluid
624,0.0145428,5.00879,0.0042477,-0.0139087,fluid
625,0.0145428,5.09823,0.00547309,-0.0134736,fluid
626,0.0145428,5.18768,0.00665473,-0.0129309,fluid
627,0.0145428,5.27712,0.00778316,-0.0122848,fluid
628,0.0145428,5.36656,0.00884937,-0.0115405,fluid
629,0.0145428,5.45601,0.00984483,-0.0107039,fluid
630,0.0145428,5.54545,0.0107616,-0.00978172,fluid
631,0.0145428,5.63489,0.0115923,-0.00878136,fluid
632,0.0145428,5.72433,0.0123304,-0.00771079,fluid
633,0.0145428,5.81378,0.0129698,-0.00657858,fluid
634,0.0145428,5.90322,0.0135056,-0.00539377,fluid
635,0.0145428,5.99266,0.0139334,-0.00416584,fluid
636,0.0145428,6.0821,0.0142498,-0.00290461,fluid
637,0.0145428,6.17155,0.0144523,-0.00162016,fluid
638,0.0145428,6.26099,0.0145392,-0.000322751,fluid
639,0.0175638,0,0.0175638,0,fluid
640,0.0175638,0.0894427,0.0174936,0.00156886,fluid
641,0.0175638,0.178885,0.0172836,0.00312519,fluid
642,0.0175638,0.268328,0.0169353,0.00465652,fluid
643,0.0175638,0.357771,0.0164517,0.00615063,fluid
644,0.0175638,0.447214,0.0158365,0.00759557,fluid
645,0.0175638,0.536656,0.0150948,0.00897978,fluid
646,0.0175638,0.626099,0.0142323,0.0102922,fluid
647,0.0175638,0.715542,0.0132561,0.0115223,fluid
648,0.0175638,0.804984,0.0121739,0.0126604,fluid
649,0.0175638,0.894427,0.0109944,0.0136972,fluid
650,0.0175638,0.98387,0.00972693,0.0146245,fluid
651,0.0175638,1.07331,0.00838174,0.0154349,fluid
652,0.0175638,1.16276,0.00696954,0.0161219,fluid
653,0.0175638,1.2522,0.00550162,0.01668,fluid
654,0.0175638,1.34164,0.00398972,0.0171047,fluid
655,0.0175638,1.43108,0.00244592,0.0173927,fluid
656,0.0175638,1.52053,0.000882564,0.0175417,fluid
657,0.0175638,1.60997,-0.000687846,0.0175504,fluid
658,0.0175638,1.69941,-0.00225276,0.0174188,fluid
659,0.0175638,1.78885,-0.00379966,0.0171479,fluid
660,0.0175638,1.8783,-0.00531618,0.01674,fluid
661,0.0175638,1.96774,-0.0067902,0.0161982,fluid
662,0.0175638,2.05718,-0.00820994,0.0155269,fluid
663,0.0175638,2.14663,-0.00956404,0.0147315,fluid
664,0.0175638,2.23607,-0.0108417,0.0138183,fluid
665,0.0175638,2.32551,-0.0120326,0.0127947,fluid
666,0.0175638,2.41495,-0.0131274,0.0116687,fluid
667,0.0175638,2.5044,-0.0141172,0.0104495,fluid
668,0.0175638,2.59384,-0.0149942,0.00914674,fluid
669,0.0175638,2.68328,-0.0157513,0.00777084,fluid
670,0.0175638,2.77272,-0.0163824,0.00633282,fluid
671,0.0175638,2.86217,-0.0168826,0.00484417,fluid
672,0.0175638,2.95161,-0.0172478,0.00331679,fluid
673,0.0175638,3.04105,-0.0174751,0.0017629,fluid
674,0.0175638,3.1305,-0.0175628,0.00019491,fluid
675,0.0175638,3.21994,-0.01751,-0.00137464,fluid
676,0.0175638,3.30938,-0.0173172,-0.00293319,fluid
677,0.0175638,3.39882,-0.016986,-0.0044683,fluid
678,0.0175638,3.48827,-0.0165189,-0.00596768,fluid
679,0.0175638,3.57771,-0.0159199,-0.00741936,fluid
680,0.0175638,3.66715,-0.0151935,-0.00881172,fluid
681,0.0175638,3.75659,-0.0143457,-0.0101336,fluid
682,0.0175638,3.84604,-0.0133831,-0.0113745,fluid
683,0.0175638,3.93548,-0.0123136,-0.0125245,fluid
684,0.0175638,4.02492,-0.0111457,-0.0135743,fluid
685,0.0175638,4.11437,-0.00988863,-0.0145156,fluid
686,0.0175638,4.20381,-0.00855251,-0.0153409,fluid
687,0.0175638,4.29325,-0.00714802,-0.0160435,fluid
688,0.0175638,4.38269,-0.00568639,-0.0166179,fluid
689,0.0175638,4.47214,-0.00417929,-0.0170594,fluid
690,0.0175638,4.56158,-0.00263878,-0.0173645,fluid
691,0.0175638,4.65102,-0.00107717,-0.0175308,fluid
692,0.0175638,4.74046,0.000493042,-0.0175569,fluid
693,0.0175638,4.82991,0.00205932,-0.0174427,fluid
694,0.0175638,4.91935,0.00360913,-0.017189,fluid
695,0.0175638,5.00879,0.00513009,-0.0167979,fluid
696,0.0175638,5.09823,0.00661003,-0.0162726,fluid
697,0.0175638,5.18768,0.00803713,-0.0156171,fluid
698,0.0175638,5.27712,0.00939998,-0.0148367,fluid
699,0.0175638,5.36656,0.0106877,-0.0139378,fluid
700,0.0175638,5.45601,0.0118899,-0.0129274,fluid
701,0.0175638,5.54545,0.0129971,-0.0118137,fluid
702,0.0175638,5.63489,0.0140004,-0.0106055,fluid
703,0.0175638,5.72433,0.0148918,-0.00931257,fluid
704,0.0175638,5.81378,0.0156641,-0.00794516,fluid
705,0.0175638,5.90322,0.0163111,-0.00651423,fluid
706,0.0175638,5.99266,0.0168278,-0.00503122,fluid
707,0.0175638,6.0821,0.01721,-0.00350799,fluid
708,0.0175638,6.17155,0.0174545,-0.00195672,fluid
709,0.0175638,6.26099,0.0175595,-0.000389797,fluid
710,0.0213997,0,0.0213997,0,fluid
711,0.0213997,0.0894427,0.0213141,0.00191149,fluid
712,0.0213997,0.178885,0.0210582,0.0038077,fluid
713,0.0213997,0.268328,0.0206339,0.00567347,fluid
714,0.0213997,0.357771,0.0200446,0.00749389,fluid
715,0.0213997,0.447214,0.0192951,0.00925439,fluid
716,0.0213997,0.536656,0.0183914,0.0109409,fluid
717,0.0213997,0.626099,0.0173406,0.0125399,fluid
718,0.0213997,0.715542,0.0161511,0.0140387,fluid
719,0.0213997,0.804984,0.0148326,0.0154253,fluid
720,0.0213997,0.894427,0.0133955,0.0166885,fluid
721,0.0213997,0.98387,0.0118512,0.0178184,fluid
722,0.0213997,1.07331,0.0102123,0.0188057,fluid
723,0.0213997,1.16276,0.00849164,0.0196427,fluid
724,0.0213997,1.2522,0.00670314,0.0203227,fluid
725,0.0213997,1.34164,0.00486104,0.0208402,fluid
726,0.0213997,1.43108,0.00298009,0.0211911,fluid
727,0.0213997,1.52053,0.00107531,0.0213726,fluid
728,0.0213997,1.60997,-0.000838066,0.0213832,fluid
729,0.0213997,1.69941,-0.00274474,0.0212229,fluid
730,0.0213997,1.78885,-0.00462948,0.0208929,fluid
731,0.0213997,1.8783,-0.0064772,0.0203959,fluid
732,0.0213997,1.96774,-0.00827314,0.0197358,fluid
733,0.0213997,2.05718,-0.0100029,0.0189179,fluid
734,0.0213997,2.14663,-0.0116528,0.0179488,fluid
735,0.0213997,2.23607,-0.0132094,0.0168362,fluid
736,0.0213997,2.32551,-0.0146605,0.015589,fluid
737,0.0213997,2.41495,-0.0159943,0.0142171,fluid
738,0.0213997,2.5044,-0.0172003,0.0127316,fluid
739,0.0213997,2.59384,-0.0182688,0.0111443,fluid
740,0.0213997,2.68328,-0.0191912,0.00946794,fluid
741,0.0213997,2.77272,-0.0199602,0.00771586,fluid
742,0.0213997,2.86217,-0.0205697,0.0059021,fluid
743,0.0213997,2.95161,-0.0210146,0.00404116,fluid
744,0.0213997,3.04105,-0.0212916,0.0021479,fluid
745,0.0213997,3.1305,-0.0213983,0.000237478,fluid
746,0.0213997,3.21994,-0.021334,-0.00167485,fluid
747,0.0213997,3.30938,-0.0210991,-0.00357378,fluid
748,0.0213997,3.39882,-0.0206956,-0.00544414,fluid
749,0.0213997,3.48827,-0.0201266,-0.00727098,fluid
750,0.0213997,3.57771,-0.0193966,-0.00903969,fluid
751,0.0213997,3.66715,-0.0185116,-0.0107361,fluid
752,0.0213997,3.75659,-0.0174787,-0.0123467,fluid
753,0.0213997,3.84604,-0.0163059,-0.0138586,fluid
754,0.0213997,3.93548,-0.0150028,-0.0152597,fluid
755,0.0213997,4.02492,-0.0135798,-0.0165389,fluid
756,0.0213997,4.11437,-0.0120482,-0.0176857,fluid
757,0.0213997,4.20381,-0.0104203,-0.0186912,fluid
758,0.0213997,4.29325,-0.0087091,-0.0195473,fluid
759,0.0213997,4.38269,-0.00692825,-0.0202471,fluid
760,0.0213997,4.47214,-0.00509201,-0.020785,fluid
761,0.0213997,4.56158,-0.00321507,-0.0211568,fluid
762,0.0213997,4.65102,-0.00131242,-0.0213594,fluid
763,0.0213997,4.74046,0.000600719,-0.0213912,fluid
764,0.0213997,4.82991,0.00250906,-0.0212521,fluid
765,0.0213997,4.91935,0.00439734,-0.020943,fluid
766,0.0213997,5.00879,0.00625046,-0.0204665,fluid
767,0.0213997,5.09823,0.00805361,-0.0198264,fluid
768,0.0213997,5.18768,0.00979238,-0.0190277,fluid
769,0.0213997,5.27712,0.0114529,-0.018077,fluid
770,0.0213997,5.36656,0.0130218,-0.0169817,fluid
771,0.0213997,5.45601,0.0144866,-0.0157507,fluid
772,0.0213997,5.54545,0.0158356,-0.0143937,fluid
773,0.0213997,5.63489,0.017058,-0.0129217,fluid
774,0.0213997,5.72433,0.018144,-0.0113464,fluid
775,0.0213997,5.81378,0.019085,-0.00968033,fluid
776,0.0213997,5.90322,0.0198734,-0.00793689,fluid
777,0.0213997,5.99266,0.0205029,-0.00613001,fluid
778,0.0213997,6.0821,0.0209685,-0.00427411,fluid
779,0.0213997,6.17155,0.0212664,-0.00238405,fluid
780,0.0213997,6.26099,0.0213944,-0.000474926,fluid
781,0.02627,0,0.02627,0,fluid
782,0.02627,0.0894427,0.026165,0.00234653,fluid
783,0.02627,0.178885,0.0258508,0.0046743,fluid
784,0.02627,0.268328,0.02533,0.00696471,fluid
785,0.02627,0.357771,0.0246066,0.00919943,fluid
786,0.02627,0.447214,0.0236865,0.0113606,fluid
787,0.02627,0.536656,0.0225771,0.013431,fluid
788,0.02627,0.626099,0.0212871,0.0153939,fluid
789,0.02627,0.715542,0.019827,0.0172338,fluid
790,0.02627,0.804984,0.0182084,0.018936,fluid
791,0.02627,0.894427,0.0164441,0.0204867,fluid
792,0.02627,0.98387,0.0145485,0.0218737,fluid
793,0.02627,1.07331,0.0125365,0.0230857,fluid
794,0.02627,1.16276,0.0104243,0.0241133,fluid
795,0.02627,1.2522,0.00822871,0.024948,fluid
796,0.02627,1.34164,0.00596738,0.0255833,fluid
797,0.02627,1.43108,0.00365833,0.0260141,fluid
798,0.02627,1.52053,0.00132004,0.0262368,fluid
799,0.02627,1.60997,-0.0010288,0.0262499,fluid
800,0.02627,1.69941,-0.00336942,0.0260531,fluid
801,0.02627,1.78885,-0.0056831,0.0256479,fluid
802,0.02627,1.8783,-0.00795135,0.0250378,fluid
803,0.02627,1.96774,-0.010156,0.0242275,fluid
804,0.02627,2.05718,-0.0122795,0.0232234,fluid
805,0.02627,2.14663,-0.0143048,0.0220338,fluid
806,0.02627,2.23607,-0.0162158,0.0206679,fluid
807,0.02627,2.32551,-0.0179971,0.0191369,fluid
808,0.02627,2.41495,-0.0196345,0.0174528,fluid
809,0.02627,2.5044,-0.021115,0.0156292,fluid
810,0.02627,2.59384,-0.0224266,0.0136807,fluid
811,0.02627,2.68328,-0.023559,0.0116228,fluid
812,0.02627,2.77272,-0.024503,0.00947193,fluid
813,0.02627,2.86217,-0.0252511,0.00724537,fluid
814,0.02627,2.95161,-0.0257974,0.00496089,fluid
815,0.02627,3.04105,-0.0261374,0.00263675,fluid
816,0.02627,3.1305,-0.0262684,0.000291525,fluid
817,0.02627,3.21994,-0.0261895,-0.00205603,fluid
818,0.02627,3.30938,-0.0259011,-0.00438714,fluid
819,0.02627,3.39882,-0.0254057,-0.00668318,fluid
820,0.02627,3.48827,-0.0247072,-0.0089258,fluid
821,0.02627,3.57771,-0.0238111,-0.011097,fluid
822,0.02627,3.66715,-0.0227247,-0.0131796,fluid
823,0.02627,3.75659,-0.0214566,-0.0151568,fluid
824,0.02627,3.84604,-0.020017,-0.0170127,fluid
825,0.02627,3.93548,-0.0184174,-0.0187327,fluid
826,0.02627,4.02492,-0.0166705,-0.020303,fluid
827,0.02627,4.11437,-0.0147903,-0.0217109,fluid
828,0.02627,4.20381,-0.0127919,-0.0229452,fluid
829,0.02627,4.29325,-0.0106912,-0.0239961,fluid
830,0.02627,4.38269,-0.00850506,-0.0248552,fluid
831,0.02627,4.47214,-0.00625091,-0.0255155,fluid
832,0.02627,4.56158,-0.00394679,-0.0259719,fluid
833,0.02627,4.65102,-0.00161112,-0.0262206,fluid
834,0.02627,4.74046,0.000737438,-0.0262597,fluid
835,0.02627,4.82991,0.0030801,-0.0260888,fluid
836,0.02627,4.91935,0.00539813,-0.0257094,fluid
837,0.02627,5.00879,0.00767301,-0.0251245,fluid
838,0.02627,5.09823,0.00988655,-0.0243387,fluid
839,0.02627,5.18768,0.012021,-0.0233583,fluid
840,0.02627,5.27712,0.0140594,-0.0221911,fluid
841,0.02627,5.36656,0.0159854,-0.0208466,fluid
842,0.02627,5.45601,0.0177836,-0.0193354,fluid
843,0.02627,5.54545,0.0194396,-0.0176696,fluid
844,0.02627,5.63489,0.0209402,-0.0158626,fluid
845,0.02627,5.72433,0.0222734,-0.0139287,fluid
846,0.02627,5.81378,0.0234286,-0.0118835,fluid
847,0.02627,5.90322,0.0243964,-0.00974326,fluid
848,0.02627,5.99266,0.0251692,-0.00752514,fluid
849,0.02627,6.0821,0.0257407,-0.00524686,fluid
850,0.02627,6.17155,0.0261065,-0.00292664,fluid
851,0.02627,6.26099,0.0262636,-0.000583015,fluid
852,0.032454,0,0.032454,0,fluid
853,0.032454,0.0894427,0.0323243,0.00289891,fluid
854,0.032454,0.178885,0.0319361,0.00577464,fluid
855,0.032454,0.268328,0.0312927,0.0086042,fluid
856,0.032454,0.357771,0.030399,0.011365,fluid
857,0.032454,0.447214,0.0292623,0.0140349,fluid
858,0.032454,0.536656,0.0278917,0.0165926,fluid
859,0.032454,0.626099,0.0262981,0.0190177,fluid
860,0.032454,0.715542,0.0244943,0.0212907,fluid
861,0.032454,0.804984,0.0224946,0.0233935,fluid
862,0.032454,0.894427,0.0203151,0.0253093,fluid
863,0.032454,0.98387,0.0179732,0.0270227,fluid
864,0.032454,1.07331,0.0154876,0.0285201,fluid
865,0.032454,1.16276,0.0128781,0.0297895,fluid
866,0.032454,1.2522,0.0101658,0.0308208,fluid
867,0.032454,1.34164,0.0073721,0.0316056,fluid
868,0.032454,1.43108,0.0045195,0.0321378,fluid
869,0.032454,1.52053,0.00163078,0.032413,fluid
870,0.032454,1.60997,-0.00127098,0.0324291,fluid
871,0.032454,1.69941,-0.00416258,0.0321859,fluid
872,0.032454,1.78885,-0.00702091,0.0316855,fluid
873,0.032454,1.8783,-0.0098231,0.0309317,fluid
874,0.032454,1.96774,-0.0125468,0.0299306,fluid
875,0.032454,2.05718,-0.0151701,0.0286902,fluid
876,0.032454,2.14663,-0.0176722,0.0272205,fluid
877,0.032454,2.23607,-0.020033,0.0255332,fluid
878,0.032454,2.32551,-0.0222336,0.0236417,fluid
879,0.032454,2.41495,-0.0242565,0.0215612,fluid
880,0.032454,2.5044,-0.0260855,0.0193083,fluid
881,0.032454,2.59384,-0.0277059,0.0169011,fluid
882,0.032454,2.68328,-0.0291048,0.0143588,fluid
883,0.032454,2.77272,-0.030271,0.0117016,fluid
884,0.032454,2.86217,-0.0311952,0.00895093,fluid
885,0.032454,2.95161,-0.0318701,0.00612868,fluid
886,0.032454,3.04105,-0.0322901,0.00325744,fluid
887,0.032454,3.1305,-0.032452,0.00036015,fluid
888,0.032454,3.21994,-0.0323545,-0.00254002,fluid
889,0.032454,3.30938,-0.0319982,-0.00541988,fluid
890,0.032454,3.39882,-0.0313862,-0.00825641,fluid
891,0.032454,3.48827,-0.0305233,-0.0110269,fluid
892,0.032454,3.57771,-0.0294163,-0.0137093,fluid
893,0.032454,3.66715,-0.0280741,-0.0162821,fluid
894,0.032454,3.75659,-0.0265075,-0.0187247,fluid
895,0.032454,3.84604,-0.024729,-0.0210176,fluid
896,0.032454,3.93548,-0.0227528,-0.0231424,fluid
897,0.032454,4.02492,-0.0205947,-0.0250823,fluid
898,0.032454,4.11437,-0.0182719,-0.0268216,fluid
899,0.032454,4.20381,-0.0158031,-0.0283465,fluid
900,0.032454,4.29325,-0.0132079,-0.0296448,fluid
901,0.032454,4.38269,-0.0105072,-0.0307061,fluid
902,0.032454,4.47214,-0.00772238,-0.0315219,fluid
903,0.032454,4.56158,-0.00487587,-0.0320856,fluid
904,0.032454,4.65102,-0.00199037,-0.0323929,fluid
905,0.032454,4.74046,0.000911031,-0.0324412,fluid
906,0.032454,4.82991,0.00380515,-0.0322302,fluid
907,0.032454,4.91935,0.00666885,-0.0317614,fluid
908,0.032454,5.00879,0.00947924,-0.0310388,fluid
909,0.032454,5.09823,0.0122138,-0.030068,fluid
910,0.032454,5.18768,0.0148508,-0.0288568,fluid
911,0.032454,5.27712,0.017369,-0.0274149,fluid
912,0.032454,5.36656,0.0197484,-0.0257539,fluid
913,0.032454,5.45601,0.0219699,-0.023887,fluid
914,0.032454,5.54545,0.0240157,-0.021829,fluid
915,0.032454,5.63489,0.0258696,-0.0195966,fluid
916,0.032454,5.72433,0.0275166,-0.0172075,fluid
917,0.032454,5.81378,0.0289436,-0.0146809,fluid
918,0.032454,5.90322,0.0301393,-0.0120368,fluid
919,0.032454,5.99266,0.031094,-0.00929656,fluid
920,0.032454,6.0821,0.0318001,-0.00648198,fluid
921,0.032454,6.17155,0.032252,-0.00361557,fluid
922,0.032454,6.26099,0.032446,-0.000720256,fluid
923,0.0403059,0,0.0403059,0,fluid
924,0.0403059,0.0894427,0.0401447,0.00360026,fluid
925,0.0403059,0.178885,0.0396627,0.00717174,fluid
926,0.0403059,0.268328,0.0388635,0.0106859,fluid
927,0.0403059,0.357771,0.0377537,0.0141146,fluid
928,0.0403059,0.447214,0.036342,0.0174305,fluid
929,0.0403059,0.536656,0.0346398,0.020607,fluid
930,0.0403059,0.626099,0.0326606,0.0236188,fluid
931,0.0403059,0.715542,0.0304204,0.0264417,fluid
932,0.0403059,0.804984,0.0279369,0.0290533,fluid
933,0.0403059,0.894427,0.0252301,0.0314325,fluid
934,0.0403059,0.98387,0.0223216,0.0335605,fluid
935,0.0403059,1.07331,0.0192346,0.0354202,fluid
936,0.0403059,1.16276,0.0159938,0.0369967,fluid
937,0.0403059,1.2522,0.0126252,0.0382775,fluid
938,0.0403059,1.34164,0.00915568,0.0392522,fluid
939,0.0403059,1.43108,0.00561294,0.0399131,fluid
940,0.0403059,1.52053,0.00202533,0.0402549,fluid
941,0.0403059,1.60997,-0.00157848,0.0402749,fluid
942,0.0403059,1.69941,-0.00516967,0.0399729,fluid
943,0.0403059,1.78885,-0.00871953,0.0393514,fluid
944,0.0403059,1.8783,-0.0121997,0.0384152,fluid
945,0.0403059,1.96774,-0.0155823,0.0371719,fluid
946,0.0403059,2.05718,-0.0188403,0.0356315,fluid
947,0.0403059,2.14663,-0.0219478,0.0338062,fluid
948,0.0403059,2.23607,-0.0248797,0.0317106,fluid
949,0.0403059,2.32551,-0.0276128,0.0293615,fluid
950,0.0403059,2.41495,-0.0301251,0.0267777,fluid
951,0.0403059,2.5044,-0.0323965,0.0239797,fluid
952,0.0403059,2.59384,-0.034409,0.0209901,fluid
953,0.0403059,2.68328,-0.0361463,0.0178327,fluid
954,0.0403059,2.77272,-0.0375947,0.0145327,fluid
955,0.0403059,2.86217,-0.0387425,0.0111165,fluid
956,0.0403059,2.95161,-0.0395806,0.00761144,fluid
957,0.0403059,3.04105,-0.0401023,0.00404553,fluid
958,0.0403059,3.1305,-0.0403034,0.000447284,fluid
959,0.0403059,3.21994,-0.0401822,-0.00315454,fluid
960,0.0403059,3.30938,-0.0397398,-0.00673115,fluid
961,0.0403059,3.39882,-0.0389797,-0.0102539,fluid
962,0.0403059,3.48827,-0.037908,-0.0136948,fluid
963,0.0403059,3.57771,-0.0365332,-0.0170261,fluid
964,0.0403059,3.66715,-0.0348663,-0.0202213,fluid
965,0.0403059,3.75659,-0.0329207,-0.0232549,fluid
966,0.0403059,3.84604,-0.0307119,-0.0261025,fluid
967,0.0403059,3.93548,-0.0282576,-0.0287414,fluid
968,0.0403059,4.02492,-0.0255773,-0.0311506,fluid
969,0.0403059,4.11437,-0.0226926,-0.0333108,fluid
970,0.0403059,4.20381,-0.0196265,-0.0352046,fluid
971,0.0403059,4.29325,-0.0164034,-0.036817,fluid
972,0.0403059,4.38269,-0.0130492,-0.038135,fluid
973,0.0403059,4.47214,-0.00959071,-0.0391482,fluid
974,0.0403059,4.56158,-0.00605552,-0.0398484,fluid
975,0.0403059,4.65102,-0.00247192,-0.04023,fluid
976,0.0403059,4.74046,0.00113144,-0.04029,fluid
977,0.0403059,4.82991,0.00472576,-0.0400279,fluid
978,0.0403059,4.91935,0.0082823,-0.0394457,fluid
979,0.0403059,5.00879,0.0117726,-0.0385482,fluid
980,0.0403059,5.09823,0.0151688,-0.0373426,fluid
981,0.0403059,5.18768,0.0184438,-0.0358384,fluid
982,0.0403059,5.27712,0.0215712,-0.0340477,fluid
983,0.0403059,5.36656,0.0245263,-0.0319847,fluid
984,0.0403059,5.45601,0.0272852,-0.0296661,fluid
985,0.0403059,5.54545,0.029826,-0.0271103,fluid
986,0.0403059,5.63489,0.0321284,-0.0243378,fluid
987,0.0403059,5.72433,0.0341739,-0.0213707,fluid
988,0.0403059,5.81378,0.0359462,-0.0182327,fluid
989,0.0403059,5.90322,0.0374311,-0.014949,fluid
990,0.0403059,5.99266,0.0386168,-0.0115458,fluid
991,0.0403059,6.0821,0.0394937,-0.00805021,fluid
992,0.0403059,6.17155,0.0400549,-0.00449031,fluid
993,0.0403059,6.26099,0.0402959,-0.000894514,fluid
994,0.0502754,0,0.0502754,0,fluid
995,0.0502754,0.0894427,0.0500745,0.00449078,fluid
996,0.0502754,0.178885,0.0494732,0.00894565,fluid
997,0.0502754,0.268328,0.0484763,0.013329,fluid
998,0.0502754,0.357771,0.047092,0.0176058,fluid
999,0.0502754,0.447214,0.0453311,0.0217419,fluid
1000,0.0502754,0.536656,0.0432079,0.0257041,fluid
1001,0.0502754,0.626099,0.0407392,0.0294608,fluid
1002,0.0502754,0.715542,0.0379448,0.032982,fluid
1003,0.0502754,0.804984,0.034847,0.0362395,fluid
1004,0.0502754,0.894427,0.0314707,0.0392073,fluid
1005,0.0502754,0.98387,0.0278428,0.0418617,fluid
1006,0.0502754,1.07331,0.0239922,0.0441814,fluid
1007,0.0502754,1.16276,0.0199499,0.0461478,fluid
1008,0.0502754,1.2522,0.0157481,0.0477453,fluid
1009,0.0502754,1.34164,0.0114203,0.0489612,fluid
1010,0.0502754,1.43108,0.00700129,0.0497855,fluid
1011,0.0502754,1.52053,0.00252629,0.0502119,fluid
1012,0.0502754,1.60997,-0.00196892,0.0502369,fluid
1013,0.0502754,1.69941,-0.00644838,0.0498602,fluid
1014,0.0502754,1.78885,-0.0108763,0.0490849,fluid
1015,0.0502754,1.8783,-0.0152172,0.0479172,fluid
1016,0.0502754,1.96774,-0.0194365,0.0463664,fluid
1017,0.0502754,2.05718,-0.0235005,0.0444449,fluid
1018,0.0502754,2.14663,-0.0273765,0.0421681,fluid
1019,0.0502754,2.23607,-0.0310337,0.0395541,fluid
1020,0.0502754,2.32551,-0.0344427,0.036624,fluid
1021,0.0502754,2.41495,-0.0375764,0.0334011,fluid
1022,0.0502754,2.5044,-0.0404097,0.0299111,fluid
1023,0.0502754,2.59384,-0.04292,0.026182,fluid
1024,0.0502754,2.68328,-0.0450871,0.0222436,fluid
1025,0.0502754,2.77272,-0.0468937,0.0181273,fluid
1026,0.0502754,2.86217,-0.0483254,0.0138661,fluid
1027,0.0502754,2.95161,-0.0493708,0.00949412,fluid
1028,0.0502754,3.04105,-0.0500215,0.00504619,fluid
1029,0.0502754,3.1305,-0.0502723,0.000557919,fluid
1030,0.0502754,3.21994,-0.0501212,-0.00393481,fluid
1031,0.0502754,3.30938,-0.0495694,-0.00839609,fluid
1032,0.0502754,3.39882,-0.0486213,-0.0127902,fluid
1033,0.0502754,3.48827,-0.0472845,-0.0170821,fluid
1034,0.0502754,3.57771,-0.0455696,-0.0212375,fluid
1035,0.0502754,3.66715,-0.0434904,-0.025223,fluid
1036,0.0502754,3.75659,-0.0410636,-0.0290069,fluid
1037,0.0502754,3.84604,-0.0383084,-0.0325589,fluid
1038,0.0502754,3.93548,-0.035247,-0.0358506,fluid
1039,0.0502754,4.02492,-0.0319038,-0.0388557,fluid
1040,0.0502754,4.11437,-0.0283056,-0.0415501,fluid
1041,0.0502754,4.20381,-0.024481,-0.0439124,fluid
1042,0.0502754,4.29325,-0.0204608,-0.0459236,fluid
1043,0.0502754,4.38269,-0.0162769,-0.0475676,fluid
1044,0.0502754,4.47214,-0.011963,-0.0488314,fluid
1045,0.0502754,4.56158,-0.00755334,-0.0497048,fluid
1046,0.0502754,4.65102,-0.00308335,-0.0501808,fluid
1047,0.0502754,4.74046,0.0014113,-0.0502556,fluid
1048,0.0502754,4.82991,0.00589467,-0.0499287,fluid
1049,0.0502754,4.91935,0.0103309,-0.0492025,fluid
1050,0.0502754,5.00879,0.0146846,-0.0480831,fluid
1051,0.0502754,5.09823,0.0189208,-0.0465792,fluid
1052,0.0502754,5.18768,0.0230058,-0.0447029,fluid
1053,0.0502754,5.27712,0.0269069,-0.0424693,fluid
1054,0.0502754,5.36656,0.0305928,-0.0398961,fluid
1055,0.0502754,5.45601,0.0340342,-0.037004,fluid
1056,0.0502754,5.54545,0.0372035,-0.033816,fluid
1057,0.0502754,5.63489,0.0400753,-0.0303577,fluid
1058,0.0502754,5.72433,0.0426268,-0.0266567,fluid
1059,0.0502754,5.81378,0.0448374,-0.0227425,fluid
1060,0.0502754,5.90322,0.0466896,-0.0186466,fluid
1061,0.0502754,5.99266,0.0481686,-0.0144016,fluid
1062,0.0502754,6.0821,0.0492624,-0.0100414,fluid
1063,0.0502754,6.17155,0.0499625,-0.00560098,fluid
1064,0.0502754,6.26099,0.050263,-0.00111577,fluid
1065,0.0629339,0,0.0629339,0,fluid
1066,0.0629339,0.0894427,0.0626823,0.00562148,fluid
1067,0.0629339,0.178885,0.0619296,0.011198,fluid
1068,0.0629339,0.268328,0.0606818,0.016685,fluid
1069,0.0629339,0.357771,0.0589489,0.0220386,fluid
1070,0.0629339,0.447214,0.0567447,0.0272161,fluid
1071,0.0629339,0.536656,0.0540868,0.0321759,fluid
1072,0.0629339,0.626099,0.0509966,0.0368785,fluid
1073,0.0629339,0.715542,0.0474986,0.0412863,fluid
1074,0.0629339,0.804984,0.0436209,0.045364,fluid
1075,0.0629339,0.894427,0.0393945,0.049079,fluid
1076,0.0629339,0.98387,0.0348531,0.0524017,fluid
1077,0.0629339,1.07331,0.0300331,0.0553054,fluid
1078,0.0629339,1.16276,0.0249729,0.057767,fluid
1079,0.0629339,1.2522,0.0197131,0.0597668,fluid
1080,0.0629339,1.34164,0.0142958,0.0612887,fluid
1081,0.0629339,1.43108,0.0087641,0.0623207,fluid
1082,0.0629339,1.52053,0.00316236,0.0628544,fluid
1083,0.0629339,1.60997,-0.00246466,0.0628856,fluid
1084,0.0629339,1.69941,-0.00807197,0.0624141,fluid
1085,0.0629339,1.78885,-0.0136147,0.0614436,fluid
1086,0.0629339,1.8783,-0.0190487,0.0599819,fluid
1087,0.0629339,1.96774,-0.0243303,0.0580406,fluid
1088,0.0629339,2.05718,-0.0294175,0.0556353,fluid
1089,0.0629339,2.14663,-0.0342694,0.0527853,fluid
1090,0.0629339,2.23607,-0.0388474,0.0495132,fluid
1091,0.0629339,2.32551,-0.0431148,0.0458453,fluid
1092,0.0629339,2.41495,-0.0470375,0.0418109,fluid
1093,0.0629339,2.5044,-0.0505842,0.0374422,fluid
1094,0.0629339,2.59384,-0.0537264,0.0327742,fluid
1095,0.0629339,2.68328,-0.0564392,0.0278441,fluid
1096,0.0629339,2.77272,-0.0587007,0.0226915,fluid
1097,0.0629339,2.86217,-0.0604929,0.0173574,fluid
1098,0.0629339,2.95161,-0.0618016,0.0118846,fluid
1099,0.0629339,3.04105,-0.0626161,0.00631673,fluid
1100,0.0629339,3.1305,-0.06293,0.000698394,fluid
1101,0.0629339,3.21994,-0.0627409,-0.00492553,fluid
1102,0.0629339,3.30938,-0.0620501,-0.0105101,fluid
1103,0.0629339,3.39882,-0.0608633,-0.0160106,fluid
1104,0.0629339,3.48827,-0.0591899,-0.0213831,fluid
1105,0.0629339,3.57771,-0.0570432,-0.0265847,fluid
1106,0.0629339,3.66715,-0.0544406,-0.0315737,fluid
1107,0.0629339,3.75659,-0.0514027,-0.0363103,fluid
1108,0.0629339,3.84604,-0.0479538,-0.0407567,fluid
1109,0.0629339,3.93548,-0.0441216,-0.0448771,fluid
1110,0.0629339,4.02492,-0.0399367,-0.0486389,fluid
1111,0.0629339,4.11437,-0.0354324,-0.0520117,fluid
1112,0.0629339,4.20381,-0.0306449,-0.0549688,fluid
1113,0.0629339,4.29325,-0.0256124,-0.0574863,fluid
1114,0.0629339,4.38269,-0.0203752,-0.0595443,fluid
1115,0.0629339,4.47214,-0.014975,-0.0611263,fluid
1116,0.0629339,4.56158,-0.00945515,-0.0622196,fluid
1117,0.0629339,4.65102,-0.00385968,-0.0628154,fluid
1118,0.0629339,4.74046,0.00176665,-0.0629091,fluid
1119,0.0629339,4.82991,0.00737885,-0.0624998,fluid
1120,0.0629339,4.91935,0.0129321,-0.0615909,fluid
1121,0.0629339,5.00879,0.0183819,-0.0601896,fluid
1122,0.0629339,5.09823,0.0236847,-0.058307,fluid
1123,0.0629339,5.18768,0.0287983,-0.0559584,fluid
1124,0.0629339,5.27712,0.0336815,-0.0531623,fluid
1125,0.0629339,5.36656,0.0382955,-0.0499412,fluid
1126,0.0629339,5.45601,0.0426034,-0.0463209,fluid
1127,0.0629339,5.54545,0.0465706,-0.0423303,fluid
1128,0.0629339,5.63489,0.0501656,-0.0380012,fluid
1129,0.0629339,5.72433,0.0533594,-0.0333683,fluid
1130,0.0629339,5.81378,0.0561267,-0.0284687,fluid
1131,0.0629339,5.90322,0.0584453,-0.0233415,fluid
1132,0.0629339,5.99266,0.0602966,-0.0180276,fluid
1133,0.0629339,6.0821,0.0616659,-0.0125697,fluid
1134,0.0629339,6.17155,0.0625421,-0.00701121,fluid
1135,0.0629339,6.26099,0.0629184,-0.0013967,fluid
1136,0.0790065,0,0.0790065,0,fluid
1137,0.0790065,0.0894427,0.0786907,0.00705714,fluid
1138,0.0790065,0.178885,0.0777458,0.0140579,fluid
1139,0.0790065,0.268328,0.0761793,0.0209462,fluid
1140,0.0790065,0.357771,0.0740038,0.0276671,fluid
1141,0.0790065,0.447214,0.0712367,0.0341667,fluid
1142,0.0790065,0.536656,0.0679,0.0403933,fluid
1143,0.0790065,0.626099,0.0640205,0.0462969,fluid
1144,0.0790065,0.715542,0.0596292,0.0518304,fluid
1145,0.0790065,0.804984,0.0547612,0.0569495,fluid
1146,0.0790065,0.894427,0.0494554,0.0616133,fluid
1147,0.0790065,0.98387,0.0437542,0.0657845,fluid
1148,0.0790065,1.07331,0.0377031,0.0694298,fluid
1149,0.0790065,1.16276,0.0313507,0.0725201,fluid
1150,0.0790065,1.2522,0.0247477,0.0750305,fluid
1151,0.0790065,1.34164,0.0179467,0.0769412,fluid
1152,0.0790065,1.43108,0.0110023,0.0782367,fluid
1153,0.0790065,1.52053,0.00396999,0.0789067,fluid
1154,0.0790065,1.60997,-0.0030941,0.0789459,fluid
1155,0.0790065,1.69941,-0.0101335,0.0783539,fluid
1156,0.0790065,1.78885,-0.0170918,0.0771356,fluid
1157,0.0790065,1.8783,-0.0239135,0.0753005,fluid
1158,0.0790065,1.96774,-0.030544,0.0728635,fluid
1159,0.0790065,2.05718,-0.0369303,0.069844,fluid
1160,0.0790065,2.14663,-0.0430214,0.066266,fluid
1161,0.0790065,2.23607,-0.0487686,0.0621583,fluid
1162,0.0790065,2.32551,-0.0541258,0.0575537,fluid
1163,0.0790065,2.41495,-0.0590504,0.0524889,fluid
1164,0.0790065,2.5044,-0.0635028,0.0470045,fluid
1165,0.0790065,2.59384,-0.0674476,0.0411443,fluid
1166,0.0790065,2.68328,-0.0708531,0.0349552,fluid
1167,0.0790065,2.77272,-0.0736922,0.0284866,fluid
1168,0.0790065,2.86217,-0.0759422,0.0217903,fluid
1169,0.0790065,2.95161,-0.077585,0.0149198,fluid
1170,0.0790065,3.04105,-0.0786075,0.00792995,fluid
1171,0.0790065,3.1305,-0.0790016,0.000876756,fluid
1172,0.0790065,3.21994,-0.0787642,-0.00618345,fluid
1173,0.0790065,3.30938,-0.077897,-0.0131942,fluid
1174,0.0790065,3.39882,-0.0764071,-0.0200995,fluid
1175,0.0790065,3.48827,-0.0743063,-0.0268441,fluid
1176,0.0790065,3.57771,-0.0716114,-0.0333741,fluid
1177,0.0790065,3.66715,-0.0683441,-0.0396373,fluid
1178,0.0790065,3.75659,-0.0645303,-0.0455836,fluid
1179,0.0790065,3.84604,-0.0602007,-0.0511654,fluid
1180,0.0790065,3.93548,-0.0553898,-0.0563383,fluid
1181,0.0790065,4.02492,-0.050136,-0.0610607,fluid
1182,0.0790065,4.11437,-0.0444815,-0.0652949,fluid
1183,0.0790065,4.20381,-0.0384713,-0.0690071,fluid
1184,0.0790065,4.29325,-0.0321536,-0.0721677,fluid
1185,0.0790065,4.38269,-0.0255788,-0.0747513,fluid
1186,0.0790065,4.47214,-0.0187995,-0.0767373,fluid
1187,0.0790065,4.56158,-0.0118699,-0.0781098,fluid
1188,0.0790065,4.65102,-0.0048454,-0.0788578,fluid
1189,0.0790065,4.74046,0.00221783,-0.0789754,fluid
1190,0.0790065,4.82991,0.00926332,-0.0784616,fluid
1191,0.0790065,4.91935,0.0162348,-0.0773205,fluid
1192,0.0790065,5.00879,0.0230764,-0.0755613,fluid
1193,0.0790065,5.09823,0.0297336,-0.073198,fluid
1194,0.0790065,5.18768,0.036153,-0.0702495,fluid
1195,0.0790065,5.27712,0.0422834,-0.0667394,fluid
1196,0.0790065,5.36656,0.0480758,-0.0626957,fluid
1197,0.0790065,5.45601,0.0534838,-0.0581508,fluid
1198,0.0790065,5.54545,0.0584642,-0.0531409,fluid
1199,0.0790065,5.63489,0.0629773,-0.0477063,fluid
1200,0.0790065,5.72433,0.0669868,-0.0418902,fluid
1201,0.0790065,5.81378,0.0704608,-0.0357393,fluid
1202,0.0790065,5.90322,0.0733715,-0.0293026,fluid
1203,0.0790065,5.99266,0.0756957,-0.0226317,fluid
1204,0.0790065,6.0821,0.0774146,-0.0157798,fluid
1205,0.0790065,6.17155,0.0785147,-0.00880179,fluid
1206,0.0790065,6.26099,0.078987,-0.0017534,fluid
1207,0.0994141,0,0.0994141,0,fluid
1208,0.0994141,0.0894427,0.0990167,0.00888001,fluid
1209,0.0994141,0.178885,0.0978277,0.017689,fluid
1210,0.0994141,0.268328,0.0958566,0.0263566,fluid
1211,0.0994141,0.357771,0.0931191,0.0348135,fluid
1212,0.0994141,0.447214,0.0896372,0.0429921,fluid
1213,0.0994141,0.536656,0.0854387,0.0508269,fluid
1214,0.0994141,0.626099,0.0805572,0.0582555,fluid
1215,0.0994141,0.715542,0.0750316,0.0652182,fluid
1216,0.0994141,0.804984,0.0689061,0.0716596,fluid
1217,0.0994141,0.894427,0.0622298,0.0775281,fluid
1218,0.0994141,0.98387,0.0550559,0.0827768,fluid
1219,0.0994141,1.07331,0.047442,0.0873637,fluid
1220,0.0994141,1.16276,0.0394487,0.0912522,fluid
1221,0.0994141,1.2522,0.03114,0.0944111,fluid
1222,0.0994141,1.34164,0.0225824,0.0968152,fluid
1223,0.0994141,1.43108,0.0138443,0.0984454,fluid
1224,0.0994141,1.52053,0.00499545,0.0992885,fluid
1225,0.0994141,1.60997,-0.00389331,0.0993378,fluid
1226,0.0994141,1.69941,-0.012751,0.0985929,fluid
1227,0.0994141,1.78885,-0.0215066,0.0970599,fluid
1228,0.0994141,1.8783,-0.0300904,0.0947508,fluid
1229,0.0994141,1.96774,-0.0384336,0.0916843,fluid
1230,0.0994141,2.05718,-0.0464695,0.0878848,fluid
1231,0.0994141,2.14663,-0.054134,0.0833827,fluid
1232,0.0994141,2.23607,-0.0613656,0.0782139,fluid
1233,0.0994141,2.32551,-0.0681066,0.0724199,fluid
1234,0.0994141,2.41495,-0.0743032,0.0660469,fluid
1235,0.0994141,2.5044,-0.0799057,0.0591458,fluid
1236,0.0994141,2.59384,-0.0848694,0.051772,fluid
1237,0.0994141,2.68328,-0.0891546,0.0439842,fluid
1238,0.0994141,2.77272,-0.0927271,0.0358447,fluid
1239,0.0994141,2.86217,-0.0955582,0.0274188,fluid
1240,0.0994141,2.95161,-0.0976253,0.0187736,fluid
1241,0.0994141,3.04105,-0.098912,0.00997828,fluid
1242,0.0994141,3.1305,-0.0994079,0.00110322,fluid
1243,0.0994141,3.21994,-0.0991091,-0.00778065,fluid
1244,0.0994141,3.30938,-0.0980179,-0.0166023,fluid
1245,0.0994141,3.39882,-0.0961432,-0.0252913,fluid
1246,0.0994141,3.48827,-0.0934997,-0.033778,fluid
1247,0.0994141,3.57771,-0.0901088,-0.0419947,fluid
1248,0.0994141,3.66715,-0.0859975,-0.0498757,fluid
1249,0.0994141,3.75659,-0.0811987,-0.0573579,fluid
1250,0.0994141,3.84604,-0.0757507,-0.0643816,fluid
1251,0.0994141,3.93548,-0.0696971,-0.0708905,fluid
1252,0.0994141,4.02492,-0.0630863,-0.0768328,fluid
1253,0.0994141,4.11437,-0.0559712,-0.0821607,fluid
1254,0.0994141,4.20381,-0.0484085,-0.0868318,fluid
1255,0.0994141,4.29325,-0.0404589,-0.0908088,fluid
1256,0.0994141,4.38269,-0.0321858,-0.0940597,fluid
1257,0.0994141,4.47214,-0.0236554,-0.0965587,fluid
1258,0.0994141,4.56158,-0.0149359,-0.0982857,fluid
1259,0.0994141,4.65102,-0.00609697,-0.0992269,fluid
1260,0.0994141,4.74046,0.0027907,-0.0993749,fluid
1261,0.0994141,4.82991,0.0116561,-0.0987284,fluid
1262,0.0994141,4.91935,0.0204282,-0.0972926,fluid
1263,0.0994141,5.00879,0.0290371,-0.0950789,fluid
1264,0.0994141,5.09823,0.0374138,-0.0921052,fluid
1265,0.0994141,5.18768,0.0454914,-0.0883951,fluid
1266,0.0994141,5.27712,0.0532053,-0.0839783,fluid
1267,0.0994141,5.36656,0.0604939,-0.0788901,fluid
1268,0.0994141,5.45601,0.0672988,-0.0731712,fluid
1269,0.0994141,5.54545,0.0735657,-0.0668674,fluid
1270,0.0994141,5.63489,0.0792444,-0.0600289,fluid
1271,0.0994141,5.72433,0.0842897,-0.0527106,fluid
1272,0.0994141,5.81378,0.088661,-0.0449708,fluid
1273,0.0994141,5.90322,0.0923236,-0.0368716,fluid
1274,0.0994141,5.99266,0.095248,-0.0284775,fluid
1275,0.0994141,6.0821,0.097411,-0.0198558,fluid
1276,0.0994141,6.17155,0.0987952,-0.0110753,fluid
1277,0.0994141,6.26099,0.0993896,-0.00220631,fluid
1278,0.125326,0,0.125326,0,fluid
1279,0.125326,0.0894427,0.124825,0.0111945,fluid
1280,0.125326,0.178885,0.123326,0.0222996,fluid
1281,0.125326,0.268328,0.120841,0.0332263,fluid
1282,0.125326,0.357771,0.11739,0.0438875,fluid
1283,0.125326,0.447214,0.113001,0.0541977,fluid
1284,0.125326,0.536656,0.107708,0.0640747,fluid
1285,0.125326,0.626099,0.101554,0.0734394,fluid
1286,0.125326,0.715542,0.0945881,0.082217,fluid
1287,0.125326,0.804984,0.0868661,0.0903373,fluid
1288,0.125326,0.894427,0.0784496,0.0977354,fluid
1289,0.125326,0.98387,0.069406,0.104352,fluid
1290,0.125326,1.07331,0.0598074,0.110135,fluid
1291,0.125326,1.16276,0.0497307,0.115036,fluid
1292,0.125326,1.2522,0.0392565,0.119019,fluid
1293,0.125326,1.34164,0.0284684,0.12205,fluid
1294,0.125326,1.43108,0.0174527,0.124105,fluid
1295,0.125326,1.52053,0.00629748,0.125167,fluid
1296,0.125326,1.60997,-0.00490808,0.12523,fluid
1297,0.125326,1.69941,-0.0160744,0.124291,fluid
1298,0.125326,1.78885,-0.0271122,0.122358,fluid
1299,0.125326,1.8783,-0.0379333,0.119447,fluid
1300,0.125326,1.96774,-0.0484511,0.115581,fluid
1301,0.125326,2.05718,-0.0585815,0.110791,fluid
1302,0.125326,2.14663,-0.0682437,0.105116,fluid
1303,0.125326,2.23607,-0.0773602,0.0985999,fluid
1304,0.125326,2.32551,-0.0858582,0.0912957,fluid
1305,0.125326,2.41495,-0.0936699,0.0832616,fluid
1306,0.125326,2.5044,-0.100733,0.0745619,fluid
1307,0.125326,2.59384,-0.10699,0.065266,fluid
1308,0.125326,2.68328,-0.112392,0.0554484,fluid
1309,0.125326,2.77272,-0.116896,0.0451875,fluid
1310,0.125326,2.86217,-0.120465,0.0345653,fluid
1311,0.125326,2.95161,-0.123071,0.0236668,fluid
1312,0.125326,3.04105,-0.124693,0.0125791,fluid
1313,0.125326,3.1305,-0.125318,0.00139077,fluid
1314,0.125326,3.21994,-0.124941,-0.00980863,fluid
1315,0.125326,3.30938,-0.123566,-0.0209296,fluid
1316,0.125326,3.39882,-0.121202,-0.0318833,fluid
1317,0.125326,3.48827,-0.11787,-0.0425821,fluid
1318,0.125326,3.57771,-0.113595,-0.0529404,fluid
1319,0.125326,3.66715,-0.108412,-0.0628755,fluid
1320,0.125326,3.75659,-0.102363,-0.0723079,fluid
1321,0.125326,3.84604,-0.0954947,-0.0811623,fluid
1322,0.125326,3.93548,-0.0878632,-0.0893678,fluid
1323,0.125326,4.02492,-0.0795294,-0.0968588,fluid
1324,0.125326,4.11437,-0.0705597,-0.103575,fluid
1325,0.125326,4.20381,-0.0610259,-0.109464,fluid
1326,0.125326,4.29325,-0.0510043,-0.114478,fluid
1327,0.125326,4.38269,-0.0405749,-0.118576,fluid
1328,0.125326,4.47214,-0.0298211,-0.121726,fluid
1329,0.125326,4.56158,-0.0188289,-0.123903,fluid
1330,0.125326,4.65102,-0.00768611,-0.12509,fluid
1331,0.125326,4.74046,0.00351807,-0.125276,fluid
1332,0.125326,4.82991,0.0146941,-0.124461,fluid
1333,0.125326,4.91935,0.0257527,-0.122651,fluid
1334,0.125326,5.00879,0.0366054,-0.119861,fluid
1335,0.125326,5.09823,0.0471655,-0.116112,fluid
1336,0.125326,5.18768,0.0573485,-0.111435,fluid
1337,0.125326,5.27712,0.067073,-0.105867,fluid
1338,0.125326,5.36656,0.0762612,-0.0994523,fluid
1339,0.125326,5.45601,0.0848398,-0.0922429,fluid
1340,0.125326,5.54545,0.0927401,-0.084296,fluid
1341,0.125326,5.63489,0.099899,-0.0756751,fluid
1342,0.125326,5.72433,0.106259,-0.0664493,fluid
1343,0.125326,5.81378,0.11177,-0.0566922,fluid
1344,0.125326,5.90322,0.116387,-0.0464819,fluid
1345,0.125326,5.99266,0.120074,-0.0359,fluid
1346,0.125326,6.0821,0.122801,-0.0250311,fluid
1347,0.125326,6.17155,0.124546,-0.013962,fluid
1348,0.125326,6.26099,0.125295,-0.00278137,fluid
1349,0.158226,0,0.158226,0,fluid
1350,0.158226,0.0894427,0.157594,0.0141333,fluid
1351,0.158226,0.178885,0.155701,0.0281536,fluid
1352,0.158226,0.268328,0.152564,0.0419489,fluid
1353,0.158226,0.357771,0.148207,0.0554087,fluid
1354,0.158226,0.447214,0.142665,0.0684256,fluid
1355,0.158226,0.536656,0.135983,0.0808955,fluid
1356,0.158226,0.626099,0.128214,0.0927186,fluid
1357,0.158226,0.715542,0.119419,0.1038,fluid
1358,0.158226,0.804984,0.10967,0.114053,fluid
1359,0.158226,0.894427,0.0990441,0.123393,fluid
1360,0.158226,0.98387,0.0876263,0.131746,fluid
1361,0.158226,1.07331,0.075508,0.139047,fluid
1362,0.158226,1.16276,0.062786,0.145236,fluid
1363,0.158226,1.2522,0.0495621,0.150263,fluid
1364,0.158226,1.34164,0.0359419,0.15409,fluid
1365,0.158226,1.43108,0.0220344,0.156684,fluid
1366,0.158226,1.52053,0.00795069,0.158026,fluid
1367,0.158226,1.60997,-0.00619654,0.158105,fluid
1368,0.158226,1.69941,-0.0202942,0.156919,fluid
1369,0.158226,1.78885,-0.0342297,0.154479,fluid
1370,0.158226,1.8783,-0.0478915,0.150804,fluid
1371,0.158226,1.96774,-0.0611704,0.145924,fluid
1372,0.158226,2.05718,-0.0739603,0.139876,fluid
1373,0.158226,2.14663,-0.0861589,0.132711,fluid
1374,0.158226,2.23607,-0.0976687,0.124484,fluid
1375,0.158226,2.32551,-0.108398,0.115263,fluid
1376,0.158226,2.41495,-0.11826,0.105119,fluid
1377,0.158226,2.5044,-0.127177,0.0941357,fluid
1378,0.158226,2.59384,-0.135077,0.0823996,fluid
1379,0.158226,2.68328,-0.141897,0.0700046,fluid
1380,0.158226,2.77272,-0.147583,0.05705,fluid
1381,0.158226,2.86217,-0.152089,0.0436393,fluid
1382,0.158226,2.95161,-0.155379,0.0298798,fluid
1383,0.158226,3.04105,-0.157427,0.0158813,fluid
1384,0.158226,3.1305,-0.158216,0.00175588,fluid
1385,0.158226,3.21994,-0.157741,-0.0123836,fluid
1386,0.158226,3.30938,-0.156004,-0.026424,fluid
1387,0.158226,3.39882,-0.15302,-0.0402532,fluid
1388,0.158226,3.48827,-0.148813,-0.0537606,fluid
1389,0.158226,3.57771,-0.143416,-0.0668382,fluid
1390,0.158226,3.66715,-0.136872,-0.0793815,fluid
1391,0.158226,3.75659,-0.129235,-0.0912901,fluid
1392,0.158226,3.84604,-0.120564,-0.102469,fluid
1393,0.158226,3.93548,-0.110929,-0.112828,fluid
1394,0.158226,4.02492,-0.100407,-0.122286,fluid
1395,0.158226,4.11437,-0.0890829,-0.130766,fluid
1396,0.158226,4.20381,-0.0770464,-0.1382,fluid
1397,0.158226,4.29325,-0.0643938,-0.14453,fluid
1398,0.158226,4.38269,-0.0512265,-0.149704,fluid
1399,0.158226,4.47214,-0.0376496,-0.153681,fluid
1400,0.158226,4.56158,-0.0237718,-0.15643,fluid
1401,0.158226,4.65102,-0.00970386,-0.157928,fluid
1402,0.158226,4.74046,0.00444163,-0.158164,fluid
1403,0.158226,4.82991,0.0185516,-0.157135,fluid
1404,0.158226,4.91935,0.0325133,-0.15485,fluid
1405,0.158226,5.00879,0.046215,-0.151326,fluid
1406,0.158226,5.09823,0.0595473,-0.146593,fluid
1407,0.158226,5.18768,0.0724035,-0.140688,fluid
1408,0.158226,5.27712,0.0846809,-0.133659,fluid
1409,0.158226,5.36656,0.0962812,-0.12556,fluid
1410,0.158226,5.45601,0.107112,-0.116458,fluid
1411,0.158226,5.54545,0.117086,-0.106425,fluid
1412,0.158226,5.63489,0.126124,-0.0955412,fluid
1413,0.158226,5.72433,0.134154,-0.0838935,fluid
1414,0.158226,5.81378,0.141112,-0.071575,fluid
1415,0.158226,5.90322,0.146941,-0.0586843,fluid
1416,0.158226,5.99266,0.151595,-0.0453244,fluid
1417,0.158226,6.0821,0.155038,-0.0316022,fluid
1418,0.158226,6.17155,0.157241,-0.0176273,fluid
1419,0.158226,6.26099,0.158187,-0.00351153,fluid
1420,0.2,0,0.2,0,fluid
1421,0.2,0.0894427,0.199201,0.0178647,fluid
1422,0.2,0.178885,0.196809,0.0355866,fluid
1423,0.2,0.268328,0.192843,0.053024,fluid
1424,0.2,0.357771,0.187336,0.0700374,fluid
1425,0.2,0.447214,0.180331,0.086491,fluid
1426,0.2,0.536656,0.171885,0.102253,fluid
1427,0.2,0.626099,0.162064,0.117198,fluid
1428,0.2,0.715542,0.150948,0.131205,fluid
1429,0.2,0.804984,0.138624,0.144164,fluid
1430,0.2,0.894427,0.125193,0.15597,fluid
1431,0.2,0.98387,0.110761,0.166529,fluid
1432,0.2,1.07331,0.0954432,0.175757,fluid
1433,0.2,1.16276,0.0793624,0.18358,fluid
1434,0.2,1.2522,0.0626471,0.189935,fluid
1435,0.2,1.34164,0.045431,0.194772,fluid
1436,0.2,1.43108,0.0278517,0.198051,fluid
1437,0.2,1.52053,0.0100498,0.199747,fluid
1438,0.2,1.60997,-0.00783252,0.199847,fluid
1439,0.2,1.69941,-0.0256522,0.198348,fluid
1440,0.2,1.78885,-0.0432668,0.195264,fluid
1441,0.2,1.8783,-0.0605355,0.190619,fluid
1442,0.2,1.96774,-0.0773203,0.184449,fluid
1443,0.2,2.05718,-0.0934869,0.176806,fluid
1444,0.2,2.14663,-0.108906,0.167748,fluid
1445,0.2,2.23607,-0.123455,0.15735,fluid
1446,0.2,2.32551,-0.137016,0.145693,fluid
1447,0.2,2.41495,-0.149482,0.132872,fluid
1448,0.2,2.5044,-0.160753,0.118989,fluid
1449,0.2,2.59384,-0.170739,0.104154,fluid
1450,0.2,2.68328,-0.17936,0.0884868,fluid
1451,0.2,2.77272,-0.186547,0.072112,fluid
1452,0.2,2.86217,-0.192243,0.0551607,fluid
1453,0.2,2.95161,-0.196401,0.0377684,fluid
1454,0.2,3.04105,-0.19899,0.0200742,fluid
1455,0.2,3.1305,-0.199988,0.00221945,fluid
1456,0.2,3.21994,-0.199387,-0.015653,fluid
1457,0.2,3.30938,-0.197191,-0.0334004,fluid
1458,0.2,3.39882,-0.19342,-0.0508807,fluid
1459,0.2,3.48827,-0.188102,-0.0679542,fluid
1460,0.2,3.57771,-0.18128,-0.0844845,fluid
1461,0.2,3.66715,-0.173009,-0.100339,fluid
1462,0.2,3.75659,-0.163355,-0.115392,fluid
1463,0.2,3.84604,-0.152394,-0.129522,fluid
1464,0.2,3.93548,-0.140216,-0.142617,fluid
1465,0.2,4.02492,-0.126916,-0.154571,fluid
1466,0.2,4.11437,-0.112602,-0.16529,fluid
1467,0.2,4.20381,-0.0973877,-0.174687,fluid
1468,0.2,4.29325,-0.0813947,-0.182688,fluid
1469,0.2,4.38269,-0.064751,-0.189228,fluid
1470,0.2,4.47214,-0.0475897,-0.194256,fluid
1471,0.2,4.56158,-0.0300479,-0.19773,fluid
1472,0.2,4.65102,-0.0122658,-0.199624,fluid
1473,0.2,4.74046,0.00561429,-0.199921,fluid
1474,0.2,4.82991,0.0234495,-0.198621,fluid
1475,0.2,4.91935,0.0410973,-0.195732,fluid
1476,0.2,5.00879,0.0584164,-0.191279,fluid
1477,0.2,5.09823,0.0752686,-0.185296,fluid
1478,0.2,5.18768,0.091519,-0.177832,fluid
1479,0.2,5.27712,0.107038,-0.168946,fluid
1480,0.2,5.36656,0.121701,-0.15871,fluid
1481,0.2,5.45601,0.135391,-0.147205,fluid
1482,0.2,5.54545,0.147999,-0.134523,fluid
1483,0.2,5.63489,0.159423,-0.120765,fluid
1484,0.2,5.72433,0.169573,-0.106043,fluid
1485,0.2,5.81378,0.178367,-0.0904718,fluid
1486,0.2,5.90322,0.185735,-0.0741778,fluid
1487,0.2,5.99266,0.191619,-0.0572907,fluid
1488,0.2,6.0821,0.19597,-0.0399456,fluid
1489,0.2,6.17155,0.198755,-0.0222812,fluid
1490,0.2,6.26099,0.199951,-0.00443863,fluid
