h/dp :,2
L2norm Pressure,KE,dp,Nparticles
37623.5,122414,0.5,448

t,21.02
ID,x,y,,rho,drhodt,pressure,,u,v,,dudt,dvdt,type
0,-1.25,-0.25,,1006.9,0,55301.8,,0,0,,0,0,boundary
1,-0.75,-0.25,,1006.79,0,54350.1,,0,0,,0,0,boundary
2,-0.25,-0.25,,1006.78,0,54292.4,,0,0,,0,0,boundary
3,0.25,-0.25,,1006.75,0,54027.2,,0,0,,0,0,boundary
4,0.75,-0.25,,1006.69,0,53550.6,,0,0,,0,0,boundary
5,1.25,-0.25,,1006.63,0,53117.2,,0,0,,0,0,boundary
6,1.75,-0.25,,1006.56,0,52530.3,,0,0,,0,0,boundary
7,2.25,-0.25,,1006.47,0,51810.7,,0,0,,0,0,boundary
8,2.75,-0.25,,1006.4,0,51177,,0,0,,0,0,boundary
9,3.25,-0.25,,1006.34,0,50697,,0,0,,0,0,boundary
10,3.75,-0.25,,1006.27,0,50125.5,,0,0,,0,0,boundary
11,4.25,-0.25,,1006.17,0,49350.6,,0,0,,0,0,boundary
12,4.75,-0.25,,1006.07,0,48493.9,,0,0,,0,0,boundary
13,5.25,-0.25,,1005.97,0,47686.6,,0,0,,0,0,boundary
14,5.75,-0.25,,1005.89,0,47077.8,,0,0,,0,0,boundary
15,6.25,-0.25,,1005.82,0,46470.8,,0,0,,0,0,boundary
16,6.75,-0.25,,1005.74,0,45870.7,,0,0,,0,0,boundary
17,7.25,-0.25,,1005.68,0,45355.7,,0,0,,0,0,boundary
18,7.75,-0.25,,1005.61,0,44747.9,,0,0,,0,0,boundary
19,8.25,-0.25,,1005.5,0,43923.2,,0,0,,0,0,boundary
20,8.75,-0.25,,1005.39,0,42973.3,,0,0,,0,0,boundary
21,9.25,-0.25,,1005.27,0,41988.4,,0,0,,0,0,boundary
22,9.75,-0.25,,1005.17,0,41212.3,,0,0,,0,0,boundary
23,10.25,-0.25,,1005.11,0,40737,,0,0,,0,0,boundary
24,10.75,-0.25,,1005.07,0,40367,,0,0,,0,0,boundary
25,11.25,-0.25,,1005.02,0,40002.1,,0,0,,0,0,boundary
26,11.75,-0.25,,1004.99,0,39787.1,,0,0,,0,0,boundary
27,12.25,-0.25,,1004.99,0,39778.8,,0,0,,0,0,boundary
28,12.75,-0.25,,1005,0,39803.9,,0,0,,0,0,boundary
29,13.25,-0.25,,1005,0,39833.8,,0,0,,0,0,boundary
30,13.75,-0.25,,1005.02,0,39960.3,,0,0,,0,0,boundary
31,14.25,-0.25,,1005.05,0,40259.5,,0,0,,0,0,boundary
32,14.75,-0.25,,1005.09,0,40576.7,,0,0,,0,0,boundary
33,15.25,-0.25,,1005.13,0,40885.7,,0,0,,0,0,boundary
34,15.75,-0.25,,1005.18,0,41292.7,,0,0,,0,0,boundary
35,16.25,-0.25,,1005.23,0,41657.3,,0,0,,0,0,boundary
36,16.75,-0.25,,1005.28,0,42133.2,,0,0,,0,0,boundary
37,17.25,-0.25,,1005.38,0,42915,,0,0,,0,0,boundary
38,17.75,-0.25,,1005.47,0,43653.7,,0,0,,0,0,boundary
39,18.25,-0.25,,1005.53,0,44131.1,,0,0,,0,0,boundary
40,18.75,-0.25,,1005.64,0,45017.5,,0,0,,0,0,boundary
41,19.25,-0.25,,1005.73,0,45733.9,,0,0,,0,0,boundary
42,19.75,-0.25,,1005.8,0,46348.5,,0,0,,0,0,boundary
43,20.25,-0.25,,1005.89,0,47017.6,,0,0,,0,0,boundary
44,20.75,-0.25,,1005.96,0,47605.1,,0,0,,0,0,boundary
45,21.25,-0.25,,1006.02,0,48116.2,,0,0,,0,0,boundary
46,21.75,-0.25,,1006.09,0,48707.1,,0,0,,0,0,boundary
47,22.25,-0.25,,1006.12,0,48918.7,,0,0,,0,0,boundary
48,22.75,-0.25,,1006.14,0,49066.7,,0,0,,0,0,boundary
49,23.25,-0.25,,1006.17,0,49298.8,,0,0,,0,0,boundary
50,23.75,-0.25,,1006.18,0,49373,,0,0,,0,0,boundary
51,24.25,-0.25,,1006.16,0,49209.5,,0,0,,0,0,boundary
52,24.75,-0.25,,1006.17,0,49293.6,,0,0,,0,0,boundary
53,25.25,-0.25,,1006.19,0,49459.3,,0,0,,0,0,boundary
54,25.75,-0.25,,1006.16,0,49210.6,,0,0,,0,0,boundary
55,26.25,-0.25,,1006.25,0,50007.8,,0,0,,0,0,boundary
56,-1.25,-0.75,,1007.45,0,59826.7,,0,0,,0,0,boundary
57,-0.75,-0.75,,1007.33,0,58822.3,,0,0,,0,0,boundary
58,-0.25,-0.75,,1007.33,0,58771.4,,0,0,,0,0,boundary
59,0.25,-0.75,,1007.32,0,58714.9,,0,0,,0,0,boundary
60,0.75,-0.75,,1007.26,0,58247.5,,0,0,,0,0,boundary
61,1.25,-0.75,,1007.2,0,57735.3,,0,0,,0,0,boundary
62,1.75,-0.75,,1007.14,0,57258,,0,0,,0,0,boundary
63,2.25,-0.75,,1007.06,0,56605.2,,0,0,,0,0,boundary
64,2.75,-0.75,,1006.97,0,55856,,0,0,,0,0,boundary
65,3.25,-0.75,,1006.9,0,55275.6,,0,0,,0,0,boundary
66,3.75,-0.75,,1006.85,0,54866.6,,0,0,,0,0,boundary
67,4.25,-0.75,,1006.76,0,54160.1,,0,0,,0,0,boundary
68,4.75,-0.75,,1006.65,0,53228.3,,0,0,,0,0,boundary
69,5.25,-0.75,,1006.53,0,52293.3,,0,0,,0,0,boundary
70,5.75,-0.75,,1006.44,0,51550.8,,0,0,,0,0,boundary
71,6.25,-0.75,,1006.37,0,50945.8,,0,0,,0,0,boundary
72,6.75,-0.75,,1006.32,0,50521.7,,0,0,,0,0,boundary
73,7.25,-0.75,,1006.28,0,50222.6,,0,0,,0,0,boundary
74,7.75,-0.75,,1006.21,0,49645.8,,0,0,,0,0,boundary
75,8.25,-0.75,,1006.1,0,48762.6,,0,0,,0,0,boundary
76,8.75,-0.75,,1005.98,0,47756.1,,0,0,,0,0,boundary
77,9.25,-0.75,,1005.84,0,46653.2,,0,0,,0,0,boundary
78,9.75,-0.75,,1005.74,0,45837.3,,0,0,,0,0,boundary
79,10.25,-0.75,,1005.68,0,45311.3,,0,0,,0,0,boundary
80,10.75,-0.75,,1005.61,0,44775.2,,0,0,,0,0,boundary
81,11.25,-0.75,,1005.56,0,44367.6,,0,0,,0,0,boundary
82,11.75,-0.75,,1005.54,0,44203.8,,0,0,,0,0,boundary
83,12.25,-0.75,,1005.53,0,44137.6,,0,0,,0,0,boundary
84,12.75,-0.75,,1005.51,0,43981,,0,0,,0,0,boundary
85,13.25,-0.75,,1005.49,0,43810.9,,0,0,,0,0,boundary
86,13.75,-0.75,,1005.5,0,43896,,0,0,,0,0,boundary
87,14.25,-0.75,,1005.55,0,44259.8,,0,0,,0,0,boundary
88,14.75,-0.75,,1005.6,0,44711.7,,0,0,,0,0,boundary
89,15.25,-0.75,,1005.65,0,45073.2,,0,0,,0,0,boundary
90,15.75,-0.75,,1005.68,0,45336.2,,0,0,,0,0,boundary
91,16.25,-0.75,,1005.73,0,45746.9,,0,0,,0,0,boundary
92,16.75,-0.75,,1005.78,0,46188.1,,0,0,,0,0,boundary
93,17.25,-0.75,,1005.86,0,46824.7,,0,0,,0,0,boundary
94,17.75,-0.75,,1005.97,0,47693.6,,0,0,,0,0,boundary
95,18.25,-0.75,,1006.06,0,48438.2,,0,0,,0,0,boundary
96,18.75,-0.75,,1006.18,0,49397.2,,0,0,,0,0,boundary
97,19.25,-0.75,,1006.28,0,50232,,0,0,,0,0,boundary
98,19.75,-0.75,,1006.38,0,51046.6,,0,0,,0,0,boundary
99,20.25,-0.75,,1006.49,0,51917.2,,0,0,,0,0,boundary
100,20.75,-0.75,,1006.57,0,52578.8,,0,0,,0,0,boundary
101,21.25,-0.75,,1006.64,0,53125.2,,0,0,,0,0,boundary
102,21.75,-0.75,,1006.72,0,53782.2,,0,0,,0,0,boundary
103,22.25,-0.75,,1006.77,0,54191.4,,0,0,,0,0,boundary
104,22.75,-0.75,,1006.78,0,54328.2,,0,0,,0,0,boundary
105,23.25,-0.75,,1006.79,0,54415.5,,0,0,,0,0,boundary
106,23.75,-0.75,,1006.79,0,54377,,0,0,,0,0,boundary
107,24.25,-0.75,,1006.77,0,54226.6,,0,0,,0,0,boundary
108,24.75,-0.75,,1006.79,0,54354.2,,0,0,,0,0,boundary
109,25.25,-0.75,,1006.79,0,54410.8,,0,0,,0,0,boundary
110,25.75,-0.75,,1006.8,0,54456.5,,0,0,,0,0,boundary
111,26.25,-0.75,,1006.91,0,55326.5,,0,0,,0,0,boundary
112,-1.25,-1.25,,1008.24,0,66256.3,,0,0,,0,0,boundary
113,-0.75,-1.25,,1008.1,0,65165.4,,0,0,,0,0,boundary
114,-0.25,-1.25,,1008.09,0,65036.7,,0,0,,0,0,boundary
115,0.25,-1.25,,1008.11,0,65180.1,,0,0,,0,0,boundary
116,0.75,-1.25,,1008.07,0,64891.5,,0,0,,0,0,boundary
117,1.25,-1.25,,1008,0,64339.5,,0,0,,0,0,boundary
118,1.75,-1.25,,1007.93,0,63733.3,,0,0,,0,0,boundary
119,2.25,-1.25,,1007.83,0,62903.6,,0,0,,0,0,boundary
120,2.75,-1.25,,1007.73,0,62103.7,,0,0,,0,0,boundary
121,3.25,-1.25,,1007.66,0,61485.3,,0,0,,0,0,boundary
122,3.75,-1.25,,1007.59,0,60965.6,,0,0,,0,0,boundary
123,4.25,-1.25,,1007.5,0,60170.4,,0,0,,0,0,boundary
124,4.75,-1.25,,1007.36,0,59071.7,,0,0,,0,0,boundary
125,5.25,-1.25,,1007.22,0,57887.3,,0,0,,0,0,boundary
126,5.75,-1.25,,1007.08,0,56744.8,,0,0,,0,0,boundary
127,6.25,-1.25,,1006.96,0,55800.4,,0,0,,0,0,boundary
128,6.75,-1.25,,1006.91,0,55394.5,,0,0,,0,0,boundary
129,7.25,-1.25,,1006.9,0,55253.4,,0,0,,0,0,boundary
130,7.75,-1.25,,1006.81,0,54565.1,,0,0,,0,0,boundary
131,8.25,-1.25,,1006.66,0,53352.2,,0,0,,0,0,boundary
132,8.75,-1.25,,1006.49,0,51929.5,,0,0,,0,0,boundary
133,9.25,-1.25,,1006.34,0,50752.1,,0,0,,0,0,boundary
134,9.75,-1.25,,1006.25,0,50003,,0,0,,0,0,boundary
135,10.25,-1.25,,1006.18,0,49378.3,,0,0,,0,0,boundary
136,10.75,-1.25,,1006.11,0,48813.5,,0,0,,0,0,boundary
137,11.25,-1.25,,1006.05,0,48355.6,,0,0,,0,0,boundary
138,11.75,-1.25,,1006.03,0,48160,,0,0,,0,0,boundary
139,12.25,-1.25,,1006.01,0,48013.8,,0,0,,0,0,boundary
140,12.75,-1.25,,1005.95,0,47565.6,,0,0,,0,0,boundary
141,13.25,-1.25,,1005.9,0,47164.5,,0,0,,0,0,boundary
142,13.75,-1.25,,1005.91,0,47240.9,,0,0,,0,0,boundary
143,14.25,-1.25,,1005.97,0,47700.1,,0,0,,0,0,boundary
144,14.75,-1.25,,1006.03,0,48159.2,,0,0,,0,0,boundary
145,15.25,-1.25,,1006.06,0,48418.6,,0,0,,0,0,boundary
146,15.75,-1.25,,1006.05,0,48391.4,,0,0,,0,0,boundary
147,16.25,-1.25,,1006.09,0,48675.4,,0,0,,0,0,boundary
148,16.75,-1.25,,1006.16,0,49269.9,,0,0,,0,0,boundary
149,17.25,-1.25,,1006.24,0,49891.5,,0,0,,0,0,boundary
150,17.75,-1.25,,1006.34,0,50696.5,,0,0,,0,0,boundary
151,18.25,-1.25,,1006.48,0,51838.4,,0,0,,0,0,boundary
152,18.75,-1.25,,1006.61,0,52915.1,,0,0,,0,0,boundary
153,19.25,-1.25,,1006.73,0,53891.3,,0,0,,0,0,boundary
154,19.75,-1.25,,1006.84,0,54820.5,,0,0,,0,0,boundary
155,20.25,-1.25,,1006.96,0,55765.8,,0,0,,0,0,boundary
156,20.75,-1.25,,1007.05,0,56480.4,,0,0,,0,0,boundary
157,21.25,-1.25,,1007.1,0,56962.5,,0,0,,0,0,boundary
158,21.75,-1.25,,1007.18,0,57557.8,,0,0,,0,0,boundary
159,22.25,-1.25,,1007.24,0,58070.3,,0,0,,0,0,boundary
160,22.75,-1.25,,1007.24,0,58095.2,,0,0,,0,0,boundary
161,23.25,-1.25,,1007.27,0,58287.2,,0,0,,0,0,boundary
162,23.75,-1.25,,1007.32,0,58690.2,,0,0,,0,0,boundary
163,24.25,-1.25,,1007.36,0,59027.4,,0,0,,0,0,boundary
164,24.75,-1.25,,1007.37,0,59108.3,,0,0,,0,0,boundary
165,25.25,-1.25,,1007.37,0,59097.9,,0,0,,0,0,boundary
166,25.75,-1.25,,1007.39,0,59302.4,,0,0,,0,0,boundary
167,26.25,-1.25,,1007.45,0,59813.8,,0,0,,0,0,boundary
168,-0.25,0.25,,1006.22,0,49712.2,,0,0,,0,0,boundary
169,-0.25,0.75,,1005.62,0,44824.7,,0,0,,0,0,boundary
170,-0.25,1.25,,1004.99,0,39739.3,,0,0,,0,0,boundary
171,-0.25,1.75,,1004.31,0,34260,,0,0,,0,0,boundary
172,-0.25,2.25,,1003.63,0,28832.2,,0,0,,0,0,boundary
173,-0.25,2.75,,1003.05,0,24175.3,,0,0,,0,0,boundary
174,-0.25,3.25,,1002.61,0,20662,,0,0,,0,0,boundary
175,-0.25,3.75,,1002.22,0,17571.8,,0,0,,0,0,boundary
176,-0.25,4.25,,1001.6,0,12615.6,,0,0,,0,0,boundary
177,-0.25,4.75,,1001.36,0,10709.4,,0,0,,0,0,boundary
178,-0.25,5.25,,1001.2,0,9437.38,,0,0,,0,0,boundary
179,-0.25,5.75,,1001.03,0,8140.44,,0,0,,0,0,boundary
180,-0.25,6.25,,1000,0,0,,0,0,,0,0,boundary
181,-0.25,6.75,,1000,0,0,,0,0,,0,0,boundary
182,-0.25,7.25,,1000,0,0,,0,0,,0,0,boundary
183,-0.25,7.75,,1000,0,0,,0,0,,0,0,boundary
184,-0.25,8.25,,1000,0,0,,0,0,,0,0,boundary
185,-0.25,8.75,,1000,0,0,,0,0,,0,0,boundary
186,-0.25,9.25,,1000,0,0,,0,0,,0,0,boundary
187,-0.25,9.75,,1000,0,0,,0,0,,0,0,boundary
188,-0.75,0.25,,1006.24,0,49906.1,,0,0,,0,0,boundary
189,-0.75,0.75,,1005.67,0,45248.6,,0,0,,0,0,boundary
190,-0.75,1.25,,1005.05,0,40247.7,,0,0,,0,0,boundary
191,-0.75,1.75,,1004.37,0,34772.1,,0,0,,0,0,boundary
192,-0.75,2.25,,1003.7,0,29326.6,,0,0,,0,0,boundary
193,-0.75,2.75,,1003.1,0,24573.6,,0,0,,0,0,boundary
194,-0.75,3.25,,1002.65,0,20944.1,,0,0,,0,0,boundary
195,-0.75,3.75,,1002.21,0,17494.8,,0,0,,0,0,boundary
196,-0.75,4.25,,1001.52,0,11986,,0,0,,0,0,boundary
197,-0.75,4.75,,1001.2,0,9474.2,,0,0,,0,0,boundary
198,-0.75,5.25,,1001.06,0,8381.71,,0,0,,0,0,boundary
199,-0.75,5.75,,1000.94,0,7369.15,,0,0,,0,0,boundary
200,-0.75,6.25,,1000,0,0,,0,0,,0,0,boundary
201,-0.75,6.75,,1000,0,0,,0,0,,0,0,boundary
202,-0.75,7.25,,1000,0,0,,0,0,,0,0,boundary
203,-0.75,7.75,,1000,0,0,,0,0,,0,0,boundary
204,-0.75,8.25,,1000,0,0,,0,0,,0,0,boundary
205,-0.75,8.75,,1000,0,0,,0,0,,0,0,boundary
206,-0.75,9.25,,1000,0,0,,0,0,,0,0,boundary
207,-0.75,9.75,,1000,0,0,,0,0,,0,0,boundary
208,-1.25,0.25,,1006.37,0,50919.2,,0,0,,0,0,boundary
209,-1.25,0.75,,1005.82,0,46454.8,,0,0,,0,0,boundary
210,-1.25,1.25,,1005.23,0,41654.2,,0,0,,0,0,boundary
211,-1.25,1.75,,1004.58,0,36418.9,,0,0,,0,0,boundary
212,-1.25,2.25,,1003.9,0,30985.4,,0,0,,0,0,boundary
213,-1.25,2.75,,1003.23,0,25601.2,,0,0,,0,0,boundary
214,-1.25,3.25,,1002.64,0,20916.2,,0,0,,0,0,boundary
215,-1.25,3.75,,1002.06,0,16274.4,,0,0,,0,0,boundary
216,-1.25,4.25,,1001.34,0,10531.3,,0,0,,0,0,boundary
217,-1.25,4.75,,1001.09,0,8603.46,,0,0,,0,0,boundary
218,-1.25,5.25,,1000.97,0,7636.23,,0,0,,0,0,boundary
219,-1.25,5.75,,1000.83,0,6567.98,,0,0,,0,0,boundary
220,-1.25,6.25,,1000.81,0,6405.88,,0,0,,0,0,boundary
221,-1.25,6.75,,1000,0,0,,0,0,,0,0,boundary
222,-1.25,7.25,,1000,0,0,,0,0,,0,0,boundary
223,-1.25,7.75,,1000,0,0,,0,0,,0,0,boundary
224,-1.25,8.25,,1000,0,0,,0,0,,0,0,boundary
225,-1.25,8.75,,1000,0,0,,0,0,,0,0,boundary
226,-1.25,9.25,,1000,0,0,,0,0,,0,0,boundary
227,-1.25,9.75,,1000,0,0,,0,0,,0,0,boundary
228,25.25,0.25,,1005.56,0,44329.9,,0,0,,0,0,boundary
229,25.25,0.75,,1004.9,0,39040.1,,0,0,,0,0,boundary
230,25.25,1.25,,1004.26,0,33893.6,,0,0,,0,0,boundary
231,25.25,1.75,,1003.65,0,28998.9,,0,0,,0,0,boundary
232,25.25,2.25,,1003.14,0,24872.5,,0,0,,0,0,boundary
233,25.25,2.75,,1002.78,0,22008.2,,0,0,,0,0,boundary
234,25.25,3.25,,1002.21,0,17472.4,,0,0,,0,0,boundary
235,25.25,3.75,,1001.17,0,9219.83,,0,0,,0,0,boundary
236,25.25,4.25,,1001.24,0,9749.71,,0,0,,0,0,boundary
237,25.25,4.75,,1001.01,0,7948.43,,0,0,,0,0,boundary
238,25.25,5.25,,1000.9,0,7108.9,,0,0,,0,0,boundary
239,25.25,5.75,,1000.95,0,7466.55,,0,0,,0,0,boundary
240,25.25,6.25,,1000,0,0,,0,0,,0,0,boundary
241,25.25,6.75,,1000,0,0,,0,0,,0,0,boundary
242,25.25,7.25,,1000,0,0,,0,0,,0,0,boundary
243,25.25,7.75,,1000,0,0,,0,0,,0,0,boundary
244,25.25,8.25,,1000,0,0,,0,0,,0,0,boundary
245,25.25,8.75,,1000,0,0,,0,0,,0,0,boundary
246,25.25,9.25,,1000,0,0,,0,0,,0,0,boundary
247,25.25,9.75,,1000,0,0,,0,0,,0,0,boundary
248,25.75,0.25,,1005.52,0,44054.4,,0,0,,0,0,boundary
249,25.75,0.75,,1004.92,0,39156.8,,0,0,,0,0,boundary
250,25.75,1.25,,1004.3,0,34176.6,,0,0,,0,0,boundary
251,25.75,1.75,,1003.65,0,28958.5,,0,0,,0,0,boundary
252,25.75,2.25,,1003.07,0,24317.7,,0,0,,0,0,boundary
253,25.75,2.75,,1002.78,0,22018.8,,0,0,,0,0,boundary
254,25.75,3.25,,1002.42,0,19131.2,,0,0,,0,0,boundary
255,25.75,3.75,,1001.25,0,9882.24,,0,0,,0,0,boundary
256,25.75,4.25,,999.917,0,-652.614,,0,0,,0,0,boundary
257,25.75,4.75,,1001.05,0,8260.13,,0,0,,0,0,boundary
258,25.75,5.25,,1000.98,0,7750.73,,0,0,,0,0,boundary
259,25.75,5.75,,1000.96,0,7556.02,,0,0,,0,0,boundary
260,25.75,6.25,,1000,0,0,,0,0,,0,0,boundary
261,25.75,6.75,,1000,0,0,,0,0,,0,0,boundary
262,25.75,7.25,,1000,0,0,,0,0,,0,0,boundary
263,25.75,7.75,,1000,0,0,,0,0,,0,0,boundary
264,25.75,8.25,,1000,0,0,,0,0,,0,0,boundary
265,25.75,8.75,,1000,0,0,,0,0,,0,0,boundary
266,25.75,9.25,,1000,0,0,,0,0,,0,0,boundary
267,25.75,9.75,,1000,0,0,,0,0,,0,0,boundary
268,26.25,0.25,,1005.6,0,44711.5,,0,0,,0,0,boundary
269,26.25,0.75,,1004.99,0,39751.2,,0,0,,0,0,boundary
270,26.25,1.25,,1004.38,0,34850.9,,0,0,,0,0,boundary
271,26.25,1.75,,1003.71,0,29423.1,,0,0,,0,0,boundary
272,26.25,2.25,,1003.03,0,24020,,0,0,,0,0,boundary
273,26.25,2.75,,1002.62,0,20723.2,,0,0,,0,0,boundary
274,26.25,3.25,,1002.21,0,17482.8,,0,0,,0,0,boundary
275,26.25,3.75,,1001.42,0,11225.8,,0,0,,0,0,boundary
276,26.25,4.25,,1000.38,0,2975.65,,0,0,,0,0,boundary
277,26.25,4.75,,1001.08,0,8536.89,,0,0,,0,0,boundary
278,26.25,5.25,,1001.07,0,8462.45,,0,0,,0,0,boundary
279,26.25,5.75,,1001.07,0,8459.45,,0,0,,0,0,boundary
280,26.25,6.25,,1000,0,0,,0,0,,0,0,boundary
281,26.25,6.75,,1000,0,0,,0,0,,0,0,boundary
282,26.25,7.25,,1000,0,0,,0,0,,0,0,boundary
283,26.25,7.75,,1000,0,0,,0,0,,0,0,boundary
284,26.25,8.25,,1000,0,0,,0,0,,0,0,boundary
285,26.25,8.75,,1000,0,0,,0,0,,0,0,boundary
286,26.25,9.25,,1000,0,0,,0,0,,0,0,boundary
287,26.25,9.75,,1000,0,0,,0,0,,0,0,boundary
288,0.675899,0.912736,,1005.48,-6.75875,43745.5,,-0.0976661,0.116975,,1.32565,11.4411,fluid
289,0.316839,1.26143,,1005.1,-6.24066,40631.2,,-0.0311996,-0.102333,,0.459165,11.871,fluid
290,0.267812,2.39609,,1003.49,-4.60608,27660.4,,0.0574189,0.144507,,0.479308,12.2647,fluid
291,0.235023,0.168953,,1006.31,-6.37079,50494.3,,0.0157256,-0.0781589,,0.778716,11.2934,fluid
292,0.648441,0.410055,,1005.9,-8.31703,47090.8,,0.0684007,-0.0801997,,1.11481,10.9885,fluid
293,0.205181,1.82458,,1004.2,-5.76636,33368.4,,-0.0717243,0.186913,,0.783235,12.1377,fluid
294,1.51224,3.21687,,1002.38,-3.58274,18829.5,,-0.234461,0.445925,,0.621945,13.4015,fluid
295,0.621278,1.64944,,1004.53,-6.39982,36057.5,,-0.116101,0.0120198,,0.60167,11.3732,fluid
296,0.430392,2.83303,,1002.71,-4.4449,21444,,-0.102691,0.368361,,0.448449,12.2505,fluid
297,2.36792,2.10158,,1003.73,-3.77317,29578.7,,-0.426151,0.328361,,1.39398,12.0469,fluid
298,0.392827,3.20004,,1002.54,-5.05027,20071.5,,0.0140857,0.352819,,0.319597,13.1264,fluid
299,1.0044,2.94439,,1002.54,-2.76721,20099.2,,-0.29728,0.394948,,0.763521,11.6052,fluid
300,1.45774,2.58656,,1003.1,-3.82862,24549.2,,-0.34487,0.278072,,0.51803,12.1529,fluid
301,1.4886,3.95353,,1001.68,1.0709,13256.7,,-0.22759,0.398544,,0.37005,11.861,fluid
302,1.75457,3.02327,,1002.38,-4.31001,18830.9,,-0.310489,0.57993,,1.07897,12.7211,fluid
303,2.64304,3.56217,,1002.1,-0.182927,16551.1,,-0.49469,0.397879,,1.10374,12.177,fluid
304,1.05143,0.168396,,1006.27,-6.97525,50111.8,,0.090177,-0.0748148,,1.14321,10.866,fluid
305,0.198482,0.780116,,1005.55,-6.48007,44271.6,,0.0598841,-0.0398711,,0.641744,10.9166,fluid
306,1.64752,0.925952,,1005.4,-5.66707,43066.6,,0.0084998,0.0627468,,1.12402,11.105,fluid
307,1.72463,0.182666,,1006.14,-5.39511,49094.2,,-0.0136813,-0.0488565,,1.23634,10.5458,fluid
308,1.99681,0.59353,,1005.63,-5.84304,44927.7,,-0.0315366,0.0280054,,1.36888,10.8828,fluid
309,1.092,0.993104,,1005.44,-5.10091,43381.5,,-0.0823879,-0.00877359,,0.704027,11.2935,fluid
310,1.32194,0.534629,,1005.7,-6.28399,45516.6,,0.0322146,0.140181,,1.1099,10.8312,fluid
311,2.21681,3.05122,,1002.18,-3.79195,17240.8,,-0.419514,0.656939,,0.864534,12.8247,fluid
312,0.705894,2.33744,,1003.6,-4.70725,28566.8,,-0.160652,0.105686,,0.865135,12.6159,fluid
313,1.20268,2.19982,,1003.94,-3.91737,31281.5,,-0.0626589,0.0749941,,0.890108,12.8612,fluid
314,1.59363,1.78501,,1004.25,-5.22073,33798.5,,-0.313554,0.259347,,1.29031,11.8442,fluid
315,3.09244,3.52045,,1001.83,-0.566905,14429,,-0.372182,0.398418,,1.47513,11.9404,fluid
316,4.12844,3.59634,,1001.55,-0.322891,12184,,-0.635111,0.638393,,1.36468,11.9958,fluid
317,2.53291,2.77195,,1002.82,-3.4745,22282.7,,-0.525519,0.329869,,1.10774,11.7462,fluid
318,3.54762,3.78563,,1001.19,-1.06769,9369.46,,-0.358105,0.755941,,1.28579,12.4853,fluid
319,3.74348,4.14355,,1000.77,-1.38617,6058.31,,-0.534061,0.827996,,1.03605,12.5139,fluid
320,2.32716,0.243637,,1005.92,-5.32332,47253.1,,0.00700433,0.0591455,,1.20992,10.5809,fluid
321,4.80781,0.311468,,1005.47,-2.2751,43676.9,,-0.45558,0.133,,1.87332,10.2961,fluid
322,6.06203,0.242494,,1005.34,0.481351,42610,,-0.742803,-0.0235117,,1.63206,10.1614,fluid
323,1.31587,1.40409,,1004.88,-5.53416,38845.3,,-0.252745,-0.140413,,0.941178,11.4144,fluid
324,1.94632,1.31873,,1004.87,-5.72079,38766.8,,-0.197928,0.0606601,,0.956355,11.4013,fluid
325,2.77624,0.226782,,1005.91,-4.99548,47226.2,,-0.127114,-0.0356302,,1.46084,10.5579,fluid
326,1.91186,2.04096,,1003.92,-4.17648,31111.2,,-0.371893,0.290122,,1.08649,12.0717,fluid
327,2.31322,1.51198,,1004.56,-5.28822,36313.8,,-0.314284,0.229648,,1.18654,11.6454,fluid
328,3.58288,0.920904,,1005.08,-3.52999,40441.9,,-0.296385,0.203092,,1.73291,10.2169,fluid
329,0.971396,1.78576,,1004.36,-6.50183,34676.5,,-0.115559,0.261771,,0.94983,11.7704,fluid
330,3.08617,2.42705,,1003.26,-3.26371,25815.7,,-0.542361,0.324835,,1.13164,11.7042,fluid
331,2.82559,2.05334,,1003.74,-3.35559,29650.4,,-0.523826,0.323908,,1.07934,11.7641,fluid
332,6.58462,3.77375,,1000.71,-0.0838506,5559.24,,-0.632076,0.596931,,1.01288,11.7894,fluid
333,7.02064,3.5896,,1000.74,0.129277,5804.19,,-0.770467,0.582857,,0.790535,11.6246,fluid
334,4.64436,3.72065,,1001.03,-1.44462,8102.79,,-0.662058,0.671079,,1.32541,12.1865,fluid
335,8.71527,3.82521,,1000.66,0.804409,5180.39,,-0.646525,0.491385,,-0.0705918,10.8653,fluid
336,7.60282,0.982593,,1004.23,3.01477,33614,,-1.33076,0.171502,,1.2226,9.9809,fluid
337,7.99391,1.0569,,1004.03,3.02003,32032,,-1.36641,0.38602,,1.14529,10.0263,fluid
338,7.37831,1.47509,,1003.55,1.47691,28128.3,,-1.20592,0.471624,,1.38133,10.5845,fluid
339,5.26457,0.208312,,1005.46,-1.18309,43587,,-0.589831,0.0596624,,1.7675,10.1523,fluid
340,4.80723,1.83677,,1003.79,-2.22755,30050.1,,-0.841443,0.458908,,1.47656,11.4282,fluid
341,3.50214,0.186887,,1005.89,-3.82362,47034.4,,-0.285086,0.0227289,,1.35418,10.8851,fluid
342,7.02339,1.80695,,1003.34,1.16395,26440.4,,-1.01595,0.479737,,1.32354,10.6188,fluid
343,2.36076,0.896652,,1005.24,-5.19106,41763.6,,-0.145956,0.23707,,1.35587,10.9047,fluid
344,5.88351,1.50036,,1004,-0.734356,31738.9,,-0.951486,0.344266,,1.41662,10.8958,fluid
345,2.76949,0.862197,,1005.27,-4.47388,42018.4,,-0.182397,0.0672883,,1.12068,10.7153,fluid
346,3.2111,1.54935,,1004.45,-3.658,35362.9,,-0.386256,0.214287,,1.52279,11.5188,fluid
347,2.72186,1.51052,,1004.56,-3.96944,36272.2,,-0.381997,0.16357,,1.53942,11.1768,fluid
348,1.82387,4.25345,,1000.66,-3.32199,5203.33,,-0.118328,0.529037,,1.20596,12.1706,fluid
349,3.1493,3.99438,,1000.75,-2.81869,5930.18,,-0.236386,0.758214,,1.11556,12.7931,fluid
350,0.897652,4.19992,,1000.96,-3.98293,7568.32,,-0.241073,0.66762,,0.276405,13.0921,fluid
351,2.29506,3.82332,,1001.62,-1.28198,12803.7,,-0.342005,0.580867,,1.31105,12.5258,fluid
352,7.96458,1.63648,,1003.29,2.18568,26075.5,,-1.36991,0.373183,,1.12655,10.2773,fluid
353,7.73628,0.209877,,1005.09,3.04638,40589.6,,-1.16546,-0.0903754,,1.37741,9.75457,fluid
354,7.13397,1.00105,,1004.31,1.86193,34235.1,,-1.15338,0.279684,,1.23021,10.3036,fluid
355,8.71313,2.24375,,1002.56,2.64055,20226.9,,-1.09175,0.503186,,0.596003,10.2142,fluid
356,6.22489,0.746917,,1004.7,0.679825,37407.2,,-0.909434,0.181823,,1.52744,10.3919,fluid
357,7.36749,0.449784,,1004.85,2.49284,38631.1,,-1.12495,0.19496,,1.42735,10.2563,fluid
358,9.19503,1.98492,,1002.78,3.93148,22019.3,,-1.3101,0.296408,,0.482122,9.76004,fluid
359,3.91796,0.330663,,1005.63,-2.99843,44942.9,,-0.287676,0.0868629,,1.67271,10.8128,fluid
360,3.13665,0.465709,,1005.52,-4.38042,44042.3,,-0.073315,0.130936,,1.8109,10.881,fluid
361,4.19197,1.35783,,1004.51,-3.26763,35865,,-0.590536,0.256844,,1.7485,11.2298,fluid
362,3.19993,1.04921,,1005.01,-4.41601,39935.6,,-0.359613,0.25212,,1.16954,11.0773,fluid
363,5.79591,1.03441,,1004.49,-0.148487,35741.5,,-0.79276,0.288896,,1.5839,10.4903,fluid
364,12.3286,3.89929,,1000.85,2.86015,6700.81,,-1.54294,0.676052,,-1.04388,9.00393,fluid
365,1.24457,4.25582,,1000.81,-2.74956,6405.88,,-0.339753,0.567204,,0.405553,12.5936,fluid
366,10.8174,3.79833,,1000.63,1.84909,4917.13,,-1.1383,0.615691,,-1.16269,9.84113,fluid
367,18.6287,4.81247,,1000.56,2.78352,4373.6,,-1.77153,-0.967716,,0.423938,7.91473,fluid
368,13.8561,2.41419,,1002.36,7.40912,18655.3,,-1.62363,0.0168582,,-1.06491,8.3737,fluid
369,13.9229,1.71917,,1003.02,8.9715,23881.5,,-2.11069,-0.0563069,,-0.652044,9.11322,fluid
370,6.32166,1.3074,,1004.06,0.142,32272.5,,-0.984874,0.43426,,1.7263,10.7902,fluid
371,8.34004,2.25317,,1002.57,2.86362,20290.6,,-1.19099,0.395284,,0.453574,10.2701,fluid
372,14.1831,2.27815,,1002.49,7.84223,19699.5,,-1.64542,0.155384,,-0.714904,8.39445,fluid
373,14.6303,2.53573,,1002.29,6.79782,18116.2,,-1.79659,0.148688,,-0.613633,8.3817,fluid
374,13.1364,2.66396,,1002.02,5.83229,15932.8,,-1.42218,0.226393,,-1.00023,8.25882,fluid
375,11.038,3.58068,,1001.03,3.05568,8094.19,,-1.13278,0.498783,,-0.766737,9.45102,fluid
376,6.55545,0.243485,,1005.19,0.802996,41347.7,,-0.856493,0.168015,,1.49265,10.3553,fluid
377,3.39126,2.79529,,1002.49,-3.11769,19658.8,,-0.666177,0.566579,,1.2358,12.2354,fluid
378,11.6929,3.61595,,1001.18,2.77281,9299.28,,-1.152,0.582926,,-0.81874,8.95414,fluid
379,5.40137,0.871521,,1004.78,-0.625952,38017.1,,-0.67906,0.170012,,1.57077,10.7814,fluid
380,3.67599,3.18748,,1001.9,-1.79476,14988.3,,-0.621471,0.412413,,1.33955,12.1481,fluid
381,5.9158,3.83435,,1000.7,-0.34193,5481.45,,-0.637383,0.5976,,1.1004,11.9174,fluid
382,9.40623,3.78388,,1000.61,0.953221,4819.42,,-0.861998,0.53111,,-0.413989,10.4434,fluid
383,15.049,4.68099,,1000.54,3.29766,4277.9,,-2.38348,0.192836,,-0.747415,7.52796,fluid
384,17.8886,3.10339,,1002,6.1561,15811.7,,-1.77666,-0.360049,,-0.375585,8.34122,fluid
385,11.1732,2.16309,,1002.52,5.0987,19965.8,,-1.5627,0.35257,,0.221073,9.35543,fluid
386,8.40801,1.00873,,1003.95,3.88558,31387.5,,-1.56451,0.301864,,1.33838,9.85685,fluid
387,14.9147,1.50832,,1003.29,9.03665,26090.4,,-2.25071,-0.0576764,,-0.498166,8.80477,fluid
388,9.62367,2.13248,,1002.69,4.04728,21285.5,,-1.35146,0.255052,,0.397914,10.1433,fluid
389,15.0517,2.03925,,1002.71,8.08762,21427.7,,-2.08009,0.138619,,-0.502064,8.64429,fluid
390,15.5298,2.36866,,1002.57,7.46177,20346.1,,-1.80548,-0.0388326,,-1.01153,8.40669,fluid
391,12.9385,3.17517,,1001.34,5.53603,10553.4,,-1.46201,0.175855,,-0.875342,8.54498,fluid
392,14.1751,3.00378,,1001.75,5.6549,13769.4,,-1.75166,0.404642,,-0.863541,7.9387,fluid
393,12.6577,2.28695,,1002.4,6.5945,18932.9,,-1.64471,0.212052,,-0.568273,8.34406,fluid
394,9.72694,3.57775,,1000.69,1.93607,5418.22,,-0.769397,0.563558,,-0.392304,10.2127,fluid
395,3.77364,1.46026,,1004.4,-4.09822,35006,,-0.536079,0.409199,,1.17781,11.7989,fluid
396,4.02571,0.827765,,1005.18,-2.51752,41322.8,,-0.439704,0.0996027,,1.77455,10.6101,fluid
397,15.0632,3.77492,,1001.44,5.13972,11353.2,,-1.82028,-0.0189078,,-0.947097,8.14001,fluid
398,7.6387,3.86131,,1000.66,0.390042,5207.55,,-0.628352,0.544855,,0.577067,11.2714,fluid
399,2.622,4.19889,,1000.65,-2.79639,5083.08,,0.0213439,0.613041,,1.74759,12.5696,fluid
400,11.784,2.61105,,1001.99,4.96823,15681.1,,-1.41113,0.337329,,-0.487905,9.29857,fluid
401,12.8746,-602.984,,971.109,0,-208004,,0.0507704,-108.52,,0,0,fluid
402,6.46777,2.69414,,1002.29,-0.0261009,18098.5,,-0.968743,0.496315,,1.19643,11.2685,fluid
403,13.0089,2.03595,,1002.75,7.01188,21773.8,,-1.84941,0.149632,,-0.279244,9.12595,fluid
404,6.9507,2.31418,,1002.82,0.970167,22345.2,,-1.16767,0.483979,,1.49814,11.1925,fluid
405,4.33667,2.37971,,1003.14,-1.80745,24905.8,,-0.802472,0.52284,,1.48198,11.4965,fluid
406,9.19684,1.4016,,1003.35,4.54645,26586.7,,-1.63562,0.162535,,0.873575,10.1763,fluid
407,15.524,3.64619,,1001.41,4.97642,11142,,-1.76208,0.113795,,-1.24102,8.05431,fluid
408,8.44957,0.287375,,1004.82,4.33097,38398.1,,-1.46101,-0.0447021,,1.17834,9.57031,fluid
409,13.0409,1.64689,,1003.01,8.11585,23810.6,,-2.13729,0.230896,,-0.362981,8.51794,fluid
410,16.344,4.3716,,1001.16,1.32376,9171.66,,-2.31422,-0.105567,,-0.512685,8.14,fluid
411,4.27647,2.95887,,1002.06,-1.75996,16275.6,,-0.675675,0.542683,,1.19857,12.158,fluid
412,13.1389,4.15553,,1000.78,2.7312,6132.42,,-1.79951,0.649228,,-1.31955,8.11999,fluid
413,17.3492,3.9957,,1001.33,4.14561,10512.6,,-1.90268,-0.293786,,-0.299492,7.77542,fluid
414,15.3909,4.43051,,1000.79,2.34815,6192.26,,-2.41774,0.0687642,,-0.846292,7.37626,fluid
415,2.90201,2.89809,,1002.41,-2.94677,19012.1,,-0.599294,0.479882,,1.33065,12.5359,fluid
416,10.8032,2.44015,,1002.15,4.15555,16997.5,,-1.35594,0.417283,,-0.110953,9.24718,fluid
417,13.0213,3.71305,,1001.15,3.96318,9070.1,,-1.58392,0.325708,,-1.09538,8.04484,fluid
418,11.9966,2.30164,,1002.38,5.81214,18778.5,,-1.52061,0.173102,,-0.175332,8.8921,fluid
419,11.3711,1.32607,,1003.24,7.01408,25651.3,,-1.85894,0.185884,,0.380489,9.49897,fluid
420,13.4994,1.92396,,1002.74,8.22711,21677,,-1.85269,0.102312,,-0.332232,9.09881,fluid
421,12.292,1.76086,,1002.78,7.18183,21999.8,,-2.00038,0.299344,,0.205588,9.17129,fluid
422,14.531,1.96864,,1002.79,8.16173,22043.1,,-1.85696,0.213087,,-0.560737,8.34848,fluid
423,17.8124,2.46172,,1002.66,7.33829,21041.7,,-1.81995,-0.255794,,-0.892981,8.5617,fluid
424,6.54339,2.07128,,1003.28,0.669681,25957.3,,-0.993968,0.385708,,1.1335,10.7767,fluid
425,9.9558,3.48179,,1000.82,2.37036,6422.43,,-0.813938,0.574025,,-0.15013,10.0062,fluid
426,17.0304,2.13395,,1002.77,7.99269,21939.4,,-1.89712,-0.0871825,,-0.678557,8.67202,fluid
427,14.0531,4.02419,,1001.1,3.06588,8692.96,,-2.01392,0.416008,,-0.865062,7.88895,fluid
428,4.21836,3.96103,,1000.8,-1.62697,6312.32,,-0.623216,0.762269,,1.50985,12.2768,fluid
429,7.49059,2.78381,,1002.01,0.578536,15893.7,,-1.10284,0.49372,,0.829555,10.9092,fluid
430,19.2893,4.79131,,1000.6,2.23481,4731.76,,-1.44019,-1.04688,,0.836503,8.59316,fluid
431,11.7926,4.17325,,1000.62,2.09699,4861.14,,-1.38112,0.756823,,-1.31289,9.13649,fluid
432,15.0957,2.57552,,1002.19,7.04879,17272.4,,-1.65501,0.273852,,-0.682296,8.18872,fluid
433,8.82958,0.336875,,1004.69,4.64314,37322.5,,-1.51427,0.103965,,1.26527,9.88335,fluid
434,10.063,1.99535,,1002.57,4.74869,20361.7,,-1.46652,0.435541,,0.675237,9.83441,fluid
435,20.5582,3.28821,,1002.37,4.93652,18699.3,,-1.34805,-1.02659,,0.394465,9.93538,fluid
436,15.4046,1.74805,,1002.95,8.71776,23363,,-2.17765,0.0946645,,-0.495753,8.66903,fluid
437,15.9576,1.60722,,1003.27,9.38792,25925.7,,-2.2572,-0.114123,,-0.670304,8.91517,fluid
438,4.78909,2.37387,,1003.03,-1.43472,24019.3,,-0.770758,0.490617,,1.35757,11.6663,fluid
439,18.9547,3.51398,,1001.98,4.62505,15668.3,,-1.43024,-0.670656,,-0.24162,8.73089,fluid
440,13.4706,1.31039,,1003.31,8.66112,26213.7,,-2.28402,0.139895,,-0.538836,8.93964,fluid
441,8.32642,2.91729,,1001.68,1.05703,13254.8,,-0.995204,0.47936,,0.579682,10.3559,fluid
442,4.22816,1.86164,,1003.85,-2.10832,30555.9,,-0.60231,0.322383,,1.3808,11.4065,fluid
443,7.74982,3.2431,,1001.15,0.721221,9058.55,,-0.789063,0.546461,,0.69902,10.7478,fluid
444,8.48472,3.46993,,1000.8,1.35192,6314.21,,-0.911868,0.478425,,0.291138,10.8856,fluid
445,0.453706,3.77453,,1002.12,-0.0763514,16742.3,,-0.060578,0.501244,,0.584658,12.9381,fluid
446,0.957803,3.27619,,1002.31,-4.2615,18275.2,,-0.179359,0.32939,,0.677891,13.261,fluid
447,0.671533,4.03158,,1001.43,-2.96408,11282,,-0.0309697,0.699423,,0.139905,13.4092,fluid
448,11.8369,1.88008,,1002.74,6.26698,21667.8,,-1.90954,0.241923,,-0.462208,8.95501,fluid
449,9.68836,1.52594,,1003.05,4.82662,24164,,-1.57412,0.226117,,0.181779,9.58933,fluid
450,11.2694,1.80601,,1002.78,6.34767,21975,,-1.75436,0.202997,,0.0203587,9.04393,fluid
451,12.5197,1.45186,,1003.12,8.0771,24708.2,,-2.00863,0.136696,,-0.226952,9.18287,fluid
452,10.6201,1.97217,,1002.62,5.83639,20740.8,,-1.67545,0.14518,,0.147002,9.31829,fluid
453,18.898,2.99335,,1002.12,5.73449,16738.1,,-1.6639,-0.420592,,-0.375694,8.49847,fluid
454,17.9798,2.07642,,1002.98,7.95718,23634.7,,-2.01573,-0.348477,,-0.761677,8.89992,fluid
455,4.98308,0.851263,,1004.87,-1.30582,38801.8,,-0.628541,0.185768,,1.54747,10.6985,fluid
456,6.91999,3.31175,,1001.19,0.859707,9341.2,,-0.923442,0.540724,,0.78113,11.4096,fluid
457,5.61327,2.90663,,1001.94,-0.509574,15317.8,,-0.9083,0.452593,,1.34214,11.5958,fluid
458,19.4809,3.03755,,1002.01,5.95118,15880.1,,-1.75344,-0.606604,,-0.175454,8.90799,fluid
459,18.4862,3.23644,,1001.89,5.77254,14892.2,,-1.70914,-0.507028,,-0.718981,8.29777,fluid
460,17.8608,4.17725,,1001.43,3.62853,11265.7,,-1.79938,-0.564441,,-0.066757,8.0579,fluid
461,11.3836,3.77339,,1000.77,2.72935,6093.05,,-1.09628,0.636635,,-1.17248,9.39017,fluid
462,6.24692,3.65511,,1000.84,-0.312748,6572.34,,-0.733988,0.600938,,1.23558,11.7998,fluid
463,12.6569,4.27791,,1000.67,2.35992,5267.09,,-1.71052,0.72957,,-1.66848,8.64238,fluid
464,10.9287,1.28287,,1003.4,6.65291,26933.3,,-1.8859,0.108466,,0.338827,9.52693,fluid
465,8.79053,1.63941,,1003.12,3.78419,24705.1,,-1.3921,0.382422,,0.81501,10.0077,fluid
466,10.6835,0.793183,,1003.91,6.75226,31013.1,,-1.97627,0.122862,,0.57431,9.45889,fluid
467,14.8682,1.03298,,1003.72,9.43323,29544.5,,-2.34527,0.0355679,,-0.548422,9.15325,fluid
468,11.8645,1.40071,,1003.2,7.59773,25356.1,,-1.92094,0.0706341,,0.0639798,9.01339,fluid
469,15.9366,2.05926,,1002.86,8.29166,22671.5,,-2.03895,-0.13656,,-0.791164,8.37341,fluid
470,19.4679,3.56711,,1001.76,5.44304,13870.4,,-1.47534,-0.805038,,-0.0804981,8.73048,fluid
471,18.2039,2.72697,,1002.52,7.11799,19954.5,,-1.77228,-0.455093,,-0.387179,8.66954,fluid
472,19.7387,4.5931,,1000.68,2.27167,5328.54,,-1.39815,-1.01228,,0.514984,8.95902,fluid
473,18.2781,4.77707,,1000.56,2.83612,4441.07,,-1.88088,-0.852701,,0.295193,7.60379,fluid
474,10.5836,2.73669,,1001.68,3.10005,13251.9,,-1.1659,0.335598,,-0.185136,9.65532,fluid
475,5.22946,2.28473,,1003.11,-1.11963,24665.7,,-0.775332,0.362438,,1.37938,11.3777,fluid
476,16.9585,3.26704,,1001.83,6.17318,14462.4,,-1.75161,-0.25626,,-0.790764,8.12974,fluid
477,17.0087,2.76424,,1002.41,7.04031,19039.9,,-1.93025,-0.151347,,-0.783541,8.27554,fluid
478,17.0637,3.82385,,1001.41,5.45569,11124.1,,-1.96269,-0.18665,,-0.741134,7.56727,fluid
479,13.9198,4.55737,,1000.6,2.76672,4735.21,,-2.25522,0.578254,,-0.979458,7.86082,fluid
480,10.1072,2.47333,,1002.15,3.95305,17013.6,,-1.2729,0.436495,,0.166698,9.42353,fluid
481,10.1519,1.5195,,1003.04,5.19412,24078.3,,-1.63968,0.203504,,0.305658,9.43732,fluid
482,10.5681,1.42257,,1003.21,5.95676,25406.7,,-1.72929,0.285273,,0.434623,9.74841,fluid
483,12.5444,0.98088,,1003.68,8.41526,29183,,-2.22466,0.00661447,,-0.21625,9.26003,fluid
484,11.2555,0.788443,,1003.87,7.37601,30698.3,,-2.20147,0.0735731,,0.281056,9.41848,fluid
485,13.9037,1.20083,,1003.54,8.92019,28054.3,,-2.28023,0.0835574,,-0.348678,8.90387,fluid
486,16.548,1.60497,,1003.36,9.20076,26654.2,,-2.22666,-0.112334,,-1.11423,8.65693,fluid
487,16.4349,1.0436,,1003.82,9.12549,30354.2,,-2.3188,-0.0476827,,-0.688672,9.31689,fluid
488,14.3979,1.50255,,1003.13,8.79692,24801.7,,-2.20795,0.081962,,-0.649777,8.68532,fluid
489,9.19172,2.50933,,1002.17,2.44264,17101.8,,-1.103,0.508049,,0.432571,10.0955,fluid
490,5.65648,0.402239,,1005.19,-0.482089,41397,,-0.650539,0.0978455,,1.7719,10.3148,fluid
491,13.5084,2.66366,,1002.2,6.05709,17356,,-1.54404,0.0220244,,-0.515955,8.37782,fluid
492,16.0291,2.50673,,1002.37,7.22085,18759.9,,-1.75188,0.00922417,,-0.746791,8.34606,fluid
493,12.4676,2.64029,,1001.91,5.40495,15044.5,,-1.43547,0.406329,,-0.729625,8.74432,fluid
494,5.3488,3.59659,,1001.01,-0.834276,7937.65,,-0.869733,0.590521,,1.34835,12.0208,fluid
495,14.5462,3.50211,,1001.1,5.76409,8640.05,,-1.80292,0.234303,,-1.07882,7.91459,fluid
496,9.27183,0.220651,,1004.69,5.53036,37363.8,,-1.65694,0.019128,,1.15747,9.43111,fluid
497,9.5395,0.554149,,1004.26,5.47595,33881.4,,-1.70455,0.136762,,1.17327,9.75361,fluid
498,8.79308,0.921653,,1003.94,4.27335,31299.3,,-1.67144,0.143517,,0.957704,9.7605,fluid
499,15.3939,0.751183,,1004.1,9.95243,32544.9,,-2.37322,-0.0191849,,-0.312348,9.23239,fluid
500,10.247,0.458476,,1004.3,6.6168,34176.4,,-1.75637,0.0320761,,0.805647,9.67193,fluid
501,18.0393,1.54005,,1003.49,8.40299,27642,,-2.07028,-0.154785,,-0.585851,8.82025,fluid
502,15.435,1.26034,,1003.45,9.66158,27373.3,,-2.49388,0.0165053,,-0.710792,8.88614,fluid
503,16.8754,0.781546,,1004.18,10.0569,33181.2,,-2.35176,-0.16441,,-0.701417,9.06083,fluid
504,16.9013,1.36345,,1003.49,9.18977,27654.4,,-2.17036,0.0333512,,-0.786715,8.91404,fluid
505,3.43874,1.9532,,1003.87,-3.03867,30695.3,,-0.625492,0.397955,,1.50354,11.432,fluid
506,18.5494,4.12863,,1001.23,2.55631,9700.29,,-1.74574,-0.616849,,-0.0402499,8.21315,fluid
507,5.49654,1.76292,,1003.74,-0.996051,29660.5,,-0.944947,0.31666,,1.25003,11.2273,fluid
508,4.66534,2.98654,,1001.93,-1.04678,15247.3,,-0.73642,0.540577,,1.45023,11.7048,fluid
509,16.5405,2.04152,,1002.92,8.20723,23143.9,,-2.09295,-0.2474,,-0.959711,8.72876,fluid
510,3.78789,2.2036,,1003.5,-2.59369,27785.8,,-0.654004,0.423316,,1.45777,11.3208,fluid
511,7.97075,2.54907,,1002.35,1.64347,18552.6,,-1.09462,0.533109,,1.04125,10.5099,fluid
512,10.1969,0.937247,,1003.72,5.96762,29543,,-1.92274,0.0704795,,0.737016,9.6718,fluid
513,9.75702,0.995512,,1003.79,5.50304,30111.2,,-1.79344,0.158594,,0.651056,9.91815,fluid
514,9.21122,0.939965,,1003.91,4.51663,31067.8,,-1.65207,0.204848,,0.901125,9.69622,fluid
515,13.7316,0.754974,,1003.92,9.4896,31165,,-2.28197,0.104118,,-0.273304,9.14854,fluid
516,11.5359,0.2204,,1004.48,8.42679,35668.2,,-1.79589,-0.0306087,,0.509659,9.42718,fluid
517,14.3777,0.96675,,1003.73,9.47164,29593.1,,-2.35516,0.05678,,-0.546847,9.28038,fluid
518,17.7893,1.03877,,1003.93,9.03999,31246.4,,-2.25964,-0.161025,,-1.20758,9.3261,fluid
519,15.8677,0.714248,,1004.04,9.87786,32132.4,,-2.46101,0.0677696,,-0.988377,8.92952,fluid
520,17.2954,1.13329,,1003.87,9.55296,30726.4,,-2.26313,-0.199837,,-0.759721,9.30341,fluid
521,17.6359,1.65228,,1003.4,8.13296,26991,,-2.06892,-0.238159,,-1.18854,8.93114,fluid
522,17.2766,1.79804,,1003.23,8.61906,25592.4,,-2.12487,-0.23634,,-1.12451,8.97839,fluid
523,19.7885,4.08102,,1001.05,3.44116,8261.22,,-1.4305,-0.792064,,-0.136036,8.54428,fluid
524,6.70912,0.827626,,1004.55,1.25934,36193.6,,-1.06511,0.24279,,1.33628,10.1783,fluid
525,10.0825,2.93429,,1001.51,2.00463,11887.4,,-1.1061,0.282669,,-0.11434,9.62412,fluid
526,16.1736,3.72874,,1001.54,4.42885,12111.5,,-1.9668,0.15999,,-0.610222,7.88581,fluid
527,15.9163,3.54993,,1001.68,5.44874,13236.8,,-1.85644,0.0423532,,-0.998685,7.44623,fluid
528,9.9258,0.192477,,1004.61,6.34749,36700.4,,-1.74401,0.00147079,,0.793206,9.65015,fluid
529,10.669,0.18321,,1004.61,7.13403,36672.1,,-1.81725,-0.0112974,,0.718625,9.64391,fluid
530,11.0864,0.358162,,1004.34,7.78694,34496.8,,-1.84308,-0.0107436,,0.574609,9.356,fluid
531,16.0116,0.183652,,1004.75,10.0675,37792.1,,-2.13809,0.0352423,,-0.818945,9.34945,fluid
532,13.2567,0.650944,,1003.99,9.38279,31705.4,,-2.24602,0.0979275,,-0.00303465,9.36863,fluid
533,14.3212,0.560447,,1004.16,9.91826,33087.5,,-2.30601,0.0208597,,-0.160045,9.31664,fluid
534,16.3573,0.54937,,1004.45,9.46193,35427.5,,-2.18178,-0.00702615,,-0.801191,9.26589,fluid
535,14.9799,0.57551,,1004.23,9.96674,33657.1,,-2.2976,-0.132367,,-0.772813,9.11489,fluid
536,18.4648,2.03528,,1002.89,7.44738,22849.2,,-1.7983,-0.242297,,-1.04052,8.83537,fluid
537,18.8416,1.88089,,1003.22,7.49642,25487,,-1.8589,-0.619965,,-0.80043,8.96991,fluid
538,15.9648,1.19108,,1003.58,9.34816,28364.9,,-2.32179,0.00314282,,-0.872429,8.87789,fluid
539,19.7563,2.60591,,1002.47,5.60693,19531.7,,-1.63231,-0.618503,,-0.521347,9.2529,fluid
540,19.0985,3.99077,,1001.29,3.9619,10178,,-1.50732,-0.626372,,0.246395,8.31098,fluid
541,8.8298,2.82688,,1001.61,1.8203,12666.1,,-1.17015,0.338251,,0.455877,10.1327,fluid
542,15.0662,3.23685,,1001.49,5.94445,11740.7,,-1.78621,0.119328,,-0.804308,7.825,fluid
543,16.5984,3.72589,,1001.47,5.51787,11586.5,,-1.90313,-0.0453275,,-0.558915,7.59542,fluid
544,12.1121,0.863777,,1003.8,8.31683,30193.9,,-2.23455,0.146231,,0.279345,9.17376,fluid
545,11.7218,0.840743,,1003.86,7.78507,30617.1,,-2.15768,0.0221799,,0.114389,9.22379,fluid
546,14.1823,0.198333,,1004.58,10.1382,36434.3,,-2.1252,-0.0453671,,-0.0201283,9.07262,fluid
547,19.7774,0.608945,,1004.74,8.62536,37740.5,,-1.61667,-0.0609152,,-0.947116,9.44857,fluid
548,13.0258,1.09104,,1003.56,8.84701,28234.6,,-2.38715,0.0765741,,0.119444,9.20713,fluid
549,19.6423,1.12067,,1004.1,8.11615,32598.3,,-2.0276,-0.338247,,-0.643062,9.65534,fluid
550,18.823,0.60028,,1004.63,8.83026,36808.8,,-2.09377,-0.375278,,-1.40951,9.8227,fluid
551,19.5152,1.66568,,1003.46,7.31247,27408.8,,-1.78276,-0.436209,,-0.579456,9.3693,fluid
552,19.1792,2.60034,,1002.65,6.52908,21002.4,,-1.68846,-0.601543,,-0.450025,8.95836,fluid
553,19.1594,1.41263,,1003.75,7.5654,29796.7,,-1.9503,-0.438009,,-1.13804,9.37974,fluid
554,18.6489,2.50229,,1002.68,7.04544,21196.4,,-1.78961,-0.497387,,-0.675906,8.81917,fluid
555,21.4261,3.48392,,1001.96,2.71418,15477.9,,-1.27238,-1.00687,,-0.494763,9.83253,fluid
556,3.86111,2.68445,,1002.76,-2.43838,21851,,-0.662519,0.44381,,1.36717,12.1248,fluid
557,8.38119,1.58823,,1003.19,2.85577,25240,,-1.2859,0.469824,,1.10828,10.3263,fluid
558,5.67596,2.29911,,1003,-0.263741,23786.7,,-0.835682,0.507529,,1.59889,11.3734,fluid
559,7.49542,2.2903,,1002.67,1.49845,21090.8,,-1.07139,0.664102,,0.775203,10.7991,fluid
560,12.4448,0.211604,,1004.5,8.92901,35809.1,,-1.91061,-0.00935319,,0.207264,9.21943,fluid
561,13.1267,0.18185,,1004.54,9.41093,36105.1,,-1.92513,-0.0314478,,0.0597365,9.28657,fluid
562,16.6548,0.230632,,1004.7,10.0671,37369.7,,-2.32814,0.111712,,-0.306679,9.04669,fluid
563,21.2174,0.566068,,1005.03,7.28708,40097.9,,-1.35497,-0.0905061,,-0.685731,10.1558,fluid
564,12.7082,0.531658,,1004.16,8.95985,33087.8,,-2.0963,0.0239955,,0.251101,9.32339,fluid
565,21.3073,2.00506,,1003.3,5.69482,26187.6,,-1.33338,-0.668815,,0.284563,10.0729,fluid
566,20.8625,0.946555,,1004.46,6.87777,35438.9,,-1.44871,-0.287854,,-0.415343,9.96136,fluid
567,14.8508,0.173823,,1004.65,10.4623,36996.6,,-2.16999,0.0239729,,-0.508894,9.32287,fluid
568,18.5066,1.41819,,1003.67,8.63471,29149.3,,-2.12866,-0.267019,,-0.858795,9.63213,fluid
569,17.3813,0.649675,,1004.31,9.40782,34234.7,,-2.39534,-0.00120149,,-0.899506,9.30525,fluid
570,20.1312,3.02229,,1002.22,5.22965,17513.5,,-1.3221,-0.810955,,-0.427841,9.15217,fluid
571,20.2935,2.56287,,1002.77,5.67416,21900.1,,-1.65095,-0.771392,,-0.271725,9.52618,fluid
572,20.1347,4.55079,,1000.59,1.81015,4613.44,,-1.45817,-1.03045,,0.337639,8.88882,fluid
573,6.20955,3.16799,,1001.43,-0.325853,11231.6,,-0.993502,0.598144,,1.11099,11.2908,fluid
574,17.8271,3.63941,,1001.63,6.47949,12866.2,,-1.80843,-0.536977,,-0.380201,7.98168,fluid
575,5.67804,3.50293,,1001.16,0.016107,9151.65,,-0.707862,0.532919,,1.23275,11.8223,fluid
576,11.9815,0.285576,,1004.4,8.72323,34960.6,,-1.93762,0.0642087,,0.329679,9.64797,fluid
577,13.6763,0.256454,,1004.46,9.88091,35457.5,,-2.10031,0.110559,,-0.310403,9.24179,fluid
578,21.9894,2.06549,,1003.24,4.80488,25648.2,,-1.13196,-0.746413,,-0.614355,9.94597,fluid
579,18.3104,0.23696,,1004.84,9.41996,38558.1,,-2.0428,0.149047,,-0.677357,9.2465,fluid
580,23.4903,1.13154,,1004.27,4.09173,33969.4,,-0.620989,-0.367712,,-0.256089,10.5258,fluid
581,23.5241,1.65332,,1003.65,4.97464,28969.2,,-0.431695,-0.718231,,-0.112413,11.0757,fluid
582,21.8825,1.19215,,1004.14,5.21795,32913.5,,-1.11793,-0.39821,,-0.602023,10.3678,fluid
583,20.7331,1.81056,,1003.41,5.6427,27062.8,,-1.41971,-0.473257,,-0.688785,9.61383,fluid
584,18.8007,1.06644,,1004.02,8.37497,31971.9,,-2.10914,-0.258082,,-0.951738,9.40583,fluid
585,20.5475,0.598839,,1004.9,6.40603,39022.5,,-1.54329,-0.0796338,,-0.882416,9.70638,fluid
586,21.6078,3.12398,,1002.17,2.99276,17125,,-0.931143,-0.876706,,0.264288,9.8408,fluid
587,20.8353,2.64912,,1002.59,6.07971,20496.2,,-1.40945,-0.897026,,-0.282162,9.94324,fluid
588,20.3,3.85329,,1001.77,2.40116,13998.9,,-1.39536,-0.948447,,0.394781,9.20127,fluid
589,5.18075,2.83923,,1002.13,-0.84192,16816.5,,-0.814449,0.434826,,1.18639,11.8092,fluid
590,6.13961,1.93918,,1003.43,0.228877,27205.1,,-1.00953,0.412795,,1.44005,11.0749,fluid
591,7.51127,3.55809,,1000.78,0.608032,6124.39,,-0.817562,0.549168,,0.46626,11.2401,fluid
592,19.2923,0.813949,,1004.38,7.70507,34850.1,,-2.02137,-0.257745,,-0.913502,9.27974,fluid
593,17.171,0.210739,,1004.84,10.3376,38534.8,,-1.97036,-0.239885,,-0.984072,9.8427,fluid
594,21.3442,1.18427,,1004.19,7.09296,33336.1,,-1.34573,-0.342045,,-0.574211,9.63757,fluid
595,15.4647,0.216078,,1004.61,10.2708,36722.8,,-2.05522,0.0256253,,-0.363663,9.39899,fluid
596,24.4216,1.73929,,1003.69,4.1579,29246.1,,-0.248885,-0.466056,,0.0429426,10.8978,fluid
597,24.04,1.37611,,1004.14,5.73882,32866.1,,-0.223905,-0.58355,,-0.124189,10.515,fluid
598,23.9756,1.88316,,1003.71,4.3913,29479.5,,-0.0448632,-0.803184,,-0.277955,11.2925,fluid
599,23.1062,1.49354,,1003.84,5.33384,30478.4,,-0.762213,-0.580841,,-0.319605,10.2496,fluid
600,21.1686,1.5458,,1003.89,6.19819,30887.8,,-1.41475,-0.466772,,-0.782435,10.0176,fluid
601,19.226,2.11236,,1002.88,6.36131,22758.7,,-1.83977,-0.364426,,-0.730124,9.12552,fluid
602,20.0805,1.39428,,1003.75,7.8494,29787.7,,-1.67458,-0.410475,,-1.00338,9.528,fluid
603,20.9132,3.08404,,1002.06,6.0754,16294.7,,-1.14674,-0.891944,,0.35996,9.82345,fluid
604,6.06037,2.58026,,1002.58,0.0809774,20388.1,,-0.865443,0.563472,,0.993298,11.2904,fluid
605,17.0184,4.5488,,1000.71,2.10403,5546.38,,-2.08475,-0.375473,,-0.777586,7.50031,fluid
606,10.5537,3.32549,,1001.16,3.12631,9110.1,,-0.961884,0.437208,,-0.474026,9.44249,fluid
607,18.3244,3.71929,,1001.68,5.41019,13261,,-1.61313,-0.634876,,-0.309985,8.21006,fluid
608,22.4331,1.71568,,1003.63,5.24677,28824.4,,-0.911258,-0.543997,,-0.235902,10.4525,fluid
609,22.3283,1.30525,,1004.11,5.3893,32624,,-0.989769,-0.586165,,-0.627054,10.3058,fluid
610,21.7464,1.69815,,1003.57,6.224,28306.6,,-1.19863,-0.718524,,-0.417954,10.1174,fluid
611,17.7163,0.2165,,1005.03,9.23449,40063.9,,-2.02334,-0.0886783,,-0.839385,9.33313,fluid
612,24.0183,0.921745,,1004.7,5.19865,37429.4,,-0.184376,-0.292411,,-0.0850352,10.4982,fluid
613,24.4227,0.152624,,1005.57,4.46912,44433.4,,-0.307115,0.0988719,,0.0402149,10.4135,fluid
614,22.584,0.194681,,1005.49,6.35715,43842.1,,-0.876047,0.0168379,,-0.799028,10.0145,fluid
615,24.8731,0.39599,,1005.41,5.1614,43189.7,,0.233266,-0.26849,,-0.850569,10.2099,fluid
616,21.1078,2.3267,,1002.87,5.30579,22727.1,,-1.19335,-0.655092,,-0.367342,10.0412,fluid
617,18.2886,0.948013,,1004.13,9.14,32844.9,,-2.06332,-0.195698,,-0.927215,9.13868,fluid
618,21.8836,2.47969,,1002.8,3.64811,22198.1,,-0.977787,-0.774461,,-0.0708988,10.2804,fluid
619,18.0257,0.573465,,1004.59,8.87327,36494.5,,-2.25819,-0.0425651,,-0.854176,9.51852,fluid
620,6.93098,2.84164,,1001.89,0.360103,14914,,-0.935238,0.539131,,1.06096,11.0378,fluid
621,14.6459,4.13521,,1001.26,3.70865,9906.81,,-2.12428,0.165475,,-0.986909,8.06508,fluid
622,17.5411,4.85809,,1000.47,2.54784,3694.31,,-1.92377,-0.707679,,-0.305657,7.13428,fluid
623,9.32843,3.27726,,1001.04,2.29159,8212.33,,-0.794895,0.426826,,-0.114995,10.0581,fluid
624,22.3489,0.75576,,1004.94,5.74922,39352,,-0.891488,-0.318306,,0.15103,10.2312,fluid
625,22.742,1.11521,,1004.31,6.0647,34253.6,,-0.874256,-0.419652,,-0.241319,10.049,fluid
626,21.6655,0.791642,,1004.69,6.02511,37289.4,,-1.15191,-0.372035,,-0.793738,9.74366,fluid
627,20.5301,0.212526,,1005.37,7.12193,42826.7,,-1.47788,-0.095193,,-0.513746,9.71479,fluid
628,23.0682,0.809224,,1004.77,5.18795,37986,,-0.575041,-0.355803,,-0.481429,10.5115,fluid
629,24.747,1.01706,,1004.51,4.41064,35895.2,,0.0212435,-0.445087,,-0.132292,10.4798,fluid
630,23.9573,0.282125,,1005.57,4.99161,44436.5,,-0.253202,-0.139914,,-0.784973,10.181,fluid
631,22.9129,1.88395,,1003.59,4.32495,28462.2,,-0.777595,-0.783234,,-0.296607,10.9242,fluid
632,20.5785,1.32238,,1003.92,6.02261,31089.6,,-1.57338,-0.334299,,-0.599547,10.0105,fluid
633,20.202,0.909734,,1004.43,7.15916,35262.8,,-1.7567,-0.218644,,-1.22207,9.54702,fluid
634,23.2511,2.70339,,1002.63,5.63386,20841.3,,-0.552572,-1.1585,,0.191893,10.968,fluid
635,20.4501,2.13625,,1003.03,5.41919,23989.6,,-1.55168,-0.616702,,-0.495408,9.70963,fluid
636,20.5438,4.4628,,1000.62,1.48709,4853.23,,-1.3413,-1.04665,,0.167964,8.82723,fluid
637,4.6803,1.36352,,1004.36,-2.09339,34632.9,,-0.655747,0.368651,,1.60448,10.8954,fluid
638,11.8973,3.06036,,1001.18,4.09901,9275.35,,-1.27286,0.387077,,-0.785688,8.82308,fluid
639,14.6283,3.0563,,1001.72,5.45082,13589,,-1.82477,0.238702,,-0.700314,8.12184,fluid
640,23.6167,0.655555,,1004.98,3.67892,39679.4,,-0.462789,-0.223017,,-0.325481,10.0754,fluid
641,21.7947,0.18232,,1005.56,6.04983,44399.8,,-1.20848,-0.134411,,-1.09281,10.2311,fluid
642,22.9615,0.38528,,1005.37,5.04236,42835.7,,-0.70104,-0.229527,,-0.790643,10.0534,fluid
643,18.8671,0.200562,,1005.22,9.14411,41604.2,,-1.72465,-0.223239,,-0.9239,9.57355,fluid
644,24.8137,2.02202,,1003.42,2.75261,27091.9,,0.152987,-0.658659,,-0.585332,10.7947,fluid
645,16.4803,3.06759,,1001.85,7.24353,14569.8,,-1.77548,-0.0606703,,-0.984109,8.13515,fluid
646,24.6846,1.38199,,1004.07,4.6,32356.5,,0.049532,-0.433373,,0.0380745,11.0536,fluid
647,24.4016,0.701331,,1004.92,5.15716,39172.3,,-0.395999,-0.251746,,-0.212809,10.5186,fluid
648,23.6901,2.25614,,1002.9,2.55241,22923.2,,-0.553172,-0.908051,,-0.261937,10.7924,fluid
649,19.9553,3.47566,,1001.86,4.50422,14716.1,,-1.27027,-0.952339,,-0.326436,8.94161,fluid
650,21.5234,2.71687,,1002.65,4.22613,20987.8,,-1.23743,-0.902923,,-0.446955,9.91763,fluid
651,20.8804,3.82034,,1001.63,5.43336,12863.3,,-1.42465,-1.0787,,0.526314,9.09322,fluid
652,12.2855,3.501,,1001.27,3.30357,9993.36,,-1.35026,0.407097,,-0.862149,8.51589,fluid
653,13.869,3.30176,,1001.76,4.83508,13848.8,,-1.7738,0.191072,,-0.579306,8.38333,fluid
654,15.7099,4.60502,,1000.52,3.54998,4088.82,,-2.26562,0.00869663,,-0.749386,7.16292,fluid
655,1.97238,3.99777,,1001.26,-1.75873,9926.51,,-0.177798,0.542306,,1.25861,12.3672,fluid
656,23.3952,0.195404,,1005.56,4.9193,44389.9,,-0.590254,0.00100205,,-0.0238139,9.81849,fluid
657,22.6335,2.60059,,1002.46,4.47419,19413.4,,-0.795141,-1.10355,,0.0282569,10.5207,fluid
658,22.0943,0.450455,,1005.24,5.11821,41782.7,,-1.05873,-0.143018,,-0.240098,9.81576,fluid
659,21.1681,0.199804,,1005.4,7.06123,43085.5,,-1.34629,0.0267622,,-0.935658,9.7749,fluid
660,22.7158,3.0843,,1002.64,5.13046,20889.7,,-0.911883,-1.33068,,-0.550848,11.0482,fluid
661,22.9404,3.38194,,1002.85,3.27132,22559.2,,-0.581088,-1.31762,,0.601,11.8772,fluid
662,23.4458,3.11725,,1002.92,4.48441,23122.3,,-0.314008,-1.13788,,1.21598,12.6083,fluid
663,20.0866,1.82193,,1003.35,6.99731,26558.4,,-1.76189,-0.526716,,-0.659291,9.54464,fluid
664,23.1827,2.23702,,1003.2,3.02995,25354,,-0.549471,-1.03882,,0.0338197,10.9793,fluid
665,24.7066,2.71516,,1002.64,4.88322,20888.5,,0.0497537,-0.835767,,-0.0164506,11.9047,fluid
666,-13.625,-365.07,,968.775,0,-223258,,-3.70661,-84.3126,,0,0,fluid
667,16.5602,2.52465,,1002.47,7.70056,19543.3,,-1.8723,-0.0715128,,-0.793159,8.4276,fluid
668,20.9637,4.3219,,1000.8,2.60443,6317.46,,-1.48117,-1.01602,,0.85377,9.20295,fluid
669,7.71628,1.95515,,1002.98,1.95817,23586.3,,-1.11131,0.507914,,1.09839,10.4926,fluid
670,4.36697,0.235201,,1005.64,-2.77466,44992.7,,-0.347776,0.0658893,,1.67072,10.2897,fluid
671,11.3776,2.71381,,1001.91,4.54608,15038,,-1.31152,0.294875,,-0.426312,9.33182,fluid
672,22.09,3.45701,,1002.19,5.13317,17337.8,,-0.9955,-1.2069,,1.44395,10.8059,fluid
673,22.4368,2.23495,,1003.17,3.61014,25097.7,,-1.00025,-0.836073,,0.20823,10.6879,fluid
674,8.1092,3.48727,,1000.73,0.781124,5745.82,,-0.783087,0.556395,,0.575839,10.9691,fluid
675,22.1897,2.94306,,1002.21,5.68435,17465.7,,-1.08212,-1.01645,,0.275801,10.6557,fluid
676,19.9782,0.205206,,1005.26,7.95719,41948,,-1.53755,-0.0547031,,-0.984867,10.0645,fluid
677,23.9789,2.52586,,1002.55,3.00154,20155.7,,-0.296044,-1.10146,,0.45808,11.1145,fluid
678,22.1723,4.15832,,1001.12,1.55383,8818.42,,-1.08372,-1.26621,,0.461521,10.6031,fluid
679,24.4481,3.0728,,1003.22,5.96821,25528.1,,-0.050468,-1.13982,,0.590337,12.2267,fluid
680,24.5194,2.35445,,1002.5,1.48027,19757.2,,-0.325147,-0.692065,,-0.737386,10.7457,fluid
681,21.6303,3.82317,,1001.71,1.18621,13466.3,,-1.33975,-1.13082,,0.952239,10.8245,fluid
682,23.885,2.93361,,1002.46,4.06527,19462.6,,-0.700446,-1.15432,,0.0415068,12.0199,fluid
683,15.4675,3.01939,,1002.01,6.93478,15871,,-1.75327,-0.127994,,-0.652786,8.05167,fluid
684,6.74788,1.40273,,1003.91,0.89125,31062.2,,-1.02822,0.299398,,1.33275,10.9211,fluid
685,17.1538,4.88061,,1000.49,2.85683,3825,,-2.21014,-0.573188,,-0.706585,7.45065,fluid
686,17.3884,2.55159,,1002.64,7.44139,20869.4,,-1.88884,-0.290668,,-0.598197,8.24879,fluid
687,8.06709,0.456624,,1004.65,3.10663,36980.8,,-1.36998,0.293592,,1.43055,10.4576,fluid
688,19.7357,2.16469,,1003.05,6.62907,24147.3,,-1.69039,-0.616295,,-0.569382,9.37045,fluid
689,19.1062,4.54837,,1000.79,2.29727,6200.24,,-1.61139,-0.976165,,0.448528,8.41735,fluid
690,13.7537,3.70932,,1000.97,4.01082,7611.85,,-1.83919,0.423946,,-1.00979,7.66789,fluid
691,19.399,0.243116,,1005.11,7.99592,40758.2,,-1.67316,0.0353521,,-0.588287,9.6531,fluid
692,4.51848,0.818861,,1005.02,-2.01749,40000.6,,-0.560021,0.182442,,1.5328,10.6568,fluid
693,23.0334,3.75391,,1000.58,-4.67314,4547.8,,-0.742595,-1.2916,,0.350684,10.0481,fluid
694,23.591,4.04519,,1001.32,5.37824,10416.1,,-0.706897,-2.42842,,1.18589,12.7859,fluid
695,24.4143,3.79024,,1000.69,1.5112,5430.44,,0.429557,-1.16878,,1.37664,11.5757,fluid
696,24.3524,3.51169,,1002.82,-1.02559,22282.2,,0.00566879,-0.995823,,0.966494,11.7726,fluid
697,8.90302,3.34753,,1000.9,1.93443,7083.75,,-0.730167,0.425049,,0.0768936,10.4754,fluid
698,22.5882,4.15757,,1000.92,5.38544,7259.63,,-1.2806,-1.53753,,0.756399,10.3036,fluid
699,4.95845,3.44621,,1001.44,-0.502529,11356.6,,-0.782882,0.567746,,1.21642,11.8568,fluid
700,16.4701,4.72209,,1000.46,3.55665,3618.21,,-2.15938,-0.214692,,-0.371253,7.58055,fluid
701,9.59141,2.79071,,1001.68,2.1872,13216.3,,-1.14965,0.416076,,0.230154,9.62754,fluid
702,12.4908,3.04972,,1001.48,4.99664,11688.8,,-1.39649,0.242513,,-0.885101,8.83672,fluid
703,20.8744,4.82538,,1000.64,1.54442,5034.47,,-0.975207,-1.13336,,0.735264,9.01662,fluid
704,17.4603,3.2042,,1001.91,5.5566,15061.1,,-1.77741,-0.29559,,-0.644209,8.2067,fluid
705,6.99042,0.297862,,1005.11,1.8572,40714.4,,-1.00146,0.0297633,,1.8035,9.83482,fluid
706,44.4948,-1468.05,,997.967,-0.00852864,-15859.2,,-1.23235,-167.395,,-14.5025,-11.8091,fluid
707,43.8592,-1468.57,,997.956,0.0113058,-15940.5,,1.46699,-170.727,,2.98769,2.28564,fluid
708,-130.067,-1168.16,,998.119,-7.43878,-14682.6,,-10.8141,-150.271,,-2.41601,-4.09403,fluid
709,-130.596,-1169.06,,998.084,-3.56365,-14948.1,,-8.40774,-151.734,,1.16675,2.08036,fluid
710,24.2462,3.93318,,1000.81,2.31974,6375.53,,-0.108143,-1.54784,,0.435022,12.0753,fluid
711,21.4344,4.36727,,1000.79,2.36769,6184.24,,-1.36418,-1.11518,,0.948805,10.0334,fluid
712,23.3534,4.11689,,1001.18,4.14338,9295.55,,-1.00707,-2.31009,,1.03706,13.1235,fluid
713,24.1217,4.17453,,1000.95,-1.58724,7490.56,,-0.10607,-1.9231,,0.206114,13.5194,fluid
714,22.7253,4.31821,,1001,0.401493,7878.85,,-1.79276,-1.62761,,1.91289,12.3935,fluid
715,5.16946,1.44196,,1004.23,-0.912434,33597.4,,-0.816002,0.247229,,1.88392,10.6869,fluid
716,11.1381,2.99893,,1001.15,3.71593,9020.79,,-1.05088,0.258935,,-0.53933,9.1803,fluid
717,13.4011,3.21018,,1001.26,5.20213,9915.77,,-1.50951,0.371382,,-1.00207,8.28536,fluid
718,10.3298,3.81271,,1000.62,1.3803,4835.55,,-0.944352,0.643315,,-0.926973,10.1438,fluid
719,13.414,4.40315,,1000.61,2.55863,4764.84,,-1.93835,0.712956,,-1.19883,7.84218,fluid
720,-179.538,-1527.1,,980.042,-0.0260297,-147557,,-11.1079,-171.656,,-29.4919,12.2626,fluid
721,15.967,2.93009,,1001.96,6.96773,15502.6,,-1.72029,-0.0554972,,-0.771392,8.4305,fluid
722,43.8628,-1468.56,,997.96,-0.225187,-15909.2,,1.43674,-170.691,,2.6091,1.9607,fluid
723,-133.992,-942.724,,970.471,0,-212194,,-10.2059,-135.809,,0,0,fluid
724,43.8602,-1468.57,,997.988,0.0790144,-15694.1,,1.50101,-170.715,,2.84432,2.63924,fluid
725,43.8588,-1468.57,,997.965,0.0787225,-15874.9,,1.48303,-170.731,,3.02115,2.4544,fluid
726,43.8586,-1468.57,,997.964,0.0906482,-15879.2,,1.48427,-170.733,,3.04027,2.46915,fluid
727,-179.701,-1526.99,,979.935,0.0834229,-148303,,-13.4749,-175.209,,48.2172,-38.6021,fluid
728,-179.557,-1527.13,,979.841,-0.0187691,-148952,,-10.5176,-172.111,,-18.7253,26.3396,fluid
729,-130.597,-1169.06,,998.053,-3.5939,-15194.1,,-8.41975,-151.747,,1.24926,2.01367,fluid
730,21.8997,4.52956,,1000.74,1.46478,5787.18,,-1.27862,-1.2128,,0.924066,10.511,fluid
731,17.9157,4.85667,,1000.48,2.63894,3750.84,,-1.76347,-0.796772,,-0.0287814,7.25535,fluid
732,15.9421,4.68582,,1000.47,3.61618,3680.16,,-2.24449,-0.0575351,,-0.571243,7.32414,fluid
733,2.02592,2.56706,,1003.1,-4.4006,24588.7,,-0.460254,0.18618,,1.0632,11.7465,fluid
734,5.03422,4.14329,,1000.87,-0.505661,6840.65,,-0.453101,0.626016,,1.40418,12.1259,fluid
735,14.5278,4.57584,,1000.58,3.20011,4539.8,,-2.16724,0.386862,,-1.08301,7.73902,fluid
