time,ID,r,z,u_r,u_z,rho,pressure,pairAr,pairAz,totalAr,totalAz
0,1048,2.125,14.125,0,0,1001.17,18404.5,-8.63372,9.76793,0.0171135,-0.0420669
0.01,1048,2.125,14.125,0.000158449,-0.000519273,1001.17,18388,-8.63178,9.7229,0.0113095,-0.0870987
0.02,1048,2.125,14.125,0.000228308,-0.00172457,1001.17,18496.2,-8.68446,9.72157,0.00942533,-0.0884333
0.03,1048,2.12501,14.125,0.00031308,-0.00150528,1001.16,18330.7,-8.62468,9.86464,-0.00852887,0.0546421
0.04,1048,2.12501,14.125,-8.86564e-05,-0.00290736,1001.14,18007.5,-8.52297,9.47114,-0.0585395,-0.33886
0.05,1048,2.125,14.1249,-0.000582977,-0.00576297,1001.16,18224.6,-8.60893,9.68169,-0.0425787,-0.128305
0.06,1048,2.125,14.1248,-0.0010667,-0.0065964,1001.15,18078.5,-8.54434,9.64406,-0.0465596,-0.165942
0.07,1048,2.12498,14.1248,-0.00123501,-0.00928549,1001.15,18061.7,-8.47563,9.53616,0.0143155,-0.273843
0.08,1048,2.12497,14.1247,-0.00115027,-0.0111802,1001.15,18057.5,-8.5057,9.6524,-0.0176452,-0.157597
0.09,1048,2.12496,14.1245,-0.00153789,-0.0134284,1001.14,18024.7,-8.51454,9.53665,-0.0418754,-0.273351
0.1,1048,2.12494,14.1244,-0.00171408,-0.0156889,1001.15,18080.1,-8.49803,9.64348,0.000744849,-0.166523
0.11,1048,2.12492,14.1242,-0.00170205,-0.0172504,1001.15,18100.9,-8.50721,9.65168,0.00136104,-0.158318
0.12,1048,2.12491,14.124,-0.00166521,-0.0184828,1001.16,18265.1,-8.57778,9.73687,0.00796791,-0.0731339
0.13,1048,2.12489,14.1239,-0.00199986,-0.0191819,1001.16,18322.1,-8.70296,9.70982,-0.090348,-0.100178
0.14,1048,2.12487,14.1237,-0.00283246,-0.0203249,1001.16,18348.4,-8.67271,9.71137,-0.0476603,-0.098634
0.15,1048,2.12484,14.1235,-0.00326354,-0.0211135,1001.17,18418.9,-8.71706,9.73473,-0.0587781,-0.0752681
0.16,1048,2.1248,14.1232,-0.00394606,-0.0218056,1001.17,18408.6,-8.73123,9.76085,-0.0776658,-0.0491514
0.17,1048,2.12476,14.123,-0.0046533,-0.0217751,1001.17,18463,-8.72168,9.87319,-0.0423844,0.063194
0.18,1048,2.12471,14.1228,-0.00468894,-0.0209337,1001.18,18652.2,-8.7585,9.88445,0.00981051,0.0744503
0.19,1048,2.12466,14.1226,-0.00467636,-0.020065,1001.19,18808,-8.8295,9.95659,0.0121958,0.146588
0.2,1048,2.12462,14.1224,-0.00414055,-0.0176895,1001.2,18951.3,-8.82164,10.0985,0.0875188,0.28854
0.21,1048,2.12458,14.1222,-0.00318142,-0.0155001,1001.2,18857,-8.76216,9.91995,0.102843,0.10995
0.22,1048,2.12455,14.1221,-0.00226947,-0.0152834,1001.17,18501.5,-8.63541,9.78521,0.0628064,-0.0247877
0.23,1048,2.12453,14.1219,-0.00233719,-0.0156282,1001.15,18149.3,-8.62756,9.7503,-0.0946523,-0.0596995
0.24,1048,2.1245,14.1218,-0.00420785,-0.0167968,1001.15,18051.3,-8.73387,9.64153,-0.246881,-0.168474
0.25,1048,2.12445,14.1216,-0.00603987,-0.0184497,1001.16,18270.8,-8.65821,9.68513,-0.0679163,-0.124865
0.26,1048,2.12439,14.1214,-0.00563044,-0.018843,1001.18,18555.2,-8.6167,9.8516,0.10739,0.0415983
0.27,1048,2.12434,14.1212,-0.00480059,-0.0180697,1001.19,18775.6,-8.78353,9.90208,0.0442606,0.0920809
0.28,1048,2.12429,14.1211,-0.00450702,-0.0171677,1001.19,18805.7,-8.81861,9.89604,0.0235424,0.086037
0.29,1048,2.12425,14.1209,-0.00428204,-0.0163255,1001.18,18525.9,-8.68979,9.8989,0.021147,0.0889024
0.3,1048,2.1242,14.1207,-0.00435414,-0.0153693,1001.17,18452.4,-8.73489,9.90577,-0.0582964,0.0957695
0.31,1048,2.12416,14.1206,-0.00527037,-0.0144188,1001.18,18656.3,-8.84779,9.91476,-0.075266,0.104761
0.32,1048,2.1241,14.1204,-0.0049913,-0.0131472,1001.2,18825.2,-8.71587,9.95074,0.136218,0.140742
0.33,1048,2.12406,14.1203,-0.00348509,-0.011878,1001.2,18867,-8.77766,9.91741,0.0942463,0.107406
0.34,1048,2.12403,14.1202,-0.00371809,-0.0108882,1001.18,18665,-8.89771,9.91036,-0.120566,0.100363
0.35,1048,2.12398,14.1201,-0.00510269,-0.00979952,1001.18,18561.7,-8.86218,9.92497,-0.13336,0.114974
0.36,1048,2.12392,14.12,-0.00637295,-0.00864842,1001.19,18721.3,-8.9121,9.92799,-0.108064,0.11799
0.37,1048,2.12386,14.1199,-0.00658073,-0.00727485,1001.2,18896.2,-8.80308,9.97479,0.0833708,0.164785
0.38,1048,2.1238,14.1199,-0.00530215,-0.00533388,1001.2,18949.3,-8.78731,10.0254,0.124328,0.215444
0.39,1048,2.12375,14.1198,-0.00465809,-0.0032488,1001.2,18867.1,-8.88259,9.9979,-0.00935147,0.187904
0.4,1048,2.1237,14.1198,-0.00537074,-0.00170965,1001.19,18715.1,-8.90358,9.92402,-0.101519,0.114017
0.41,1048,2.12364,14.1198,-0.0059482,-0.00106203,1001.18,18554.9,-8.72139,9.83072,0.00561462,0.0207202
0.42,1048,2.12359,14.1198,-0.00541075,-0.0010468,1001.17,18392.3,-8.56987,9.79932,0.0809753,-0.0106791
0.43,1048,2.12354,14.1198,-0.00476279,-0.00133103,1001.16,18270.4,-8.56258,9.75891,0.0312411,-0.0510866
0.44,1048,2.12349,14.1197,-0.00494576,-0.00213465,1001.16,18248.2,-8.6467,9.69872,-0.0631268,-0.111281
0.45,1048,2.12343,14.1197,-0.00568743,-0.00347129,1001.16,18294.4,-8.67501,9.66384,-0.0695064,-0.146157
0.46,1048,2.12337,14.1197,-0.00622662,-0.00486029,1001.16,18338.8,-8.66785,9.68879,-0.0412778,-0.121208
0.47,1048,2.12331,14.1196,-0.00667308,-0.00568542,1001.17,18402.3,-8.71569,9.77341,-0.0590201,-0.0365858
0.48,1048,2.12324,14.1196,-0.00722822,-0.00557241,1001.18,18537.2,-8.74307,9.86754,-0.0227338,0.05754
0.49,1048,2.12317,14.1195,-0.0068238,-0.00463543,1001.19,18704.8,-8.70021,9.92689,0.0992128,0.116889
0.5,1048,2.12311,14.1195,-0.00562672,-0.00358561,1001.19,18760.1,-8.72117,9.8894,0.104462,0.079395
0.51,1048,2.12305,14.1194,-0.00520741,-0.00305696,1001.18,18641.1,-8.78719,9.84338,-0.0172429,0.0333785
0.52,1048,2.123,14.1194,-0.005776,-0.00294183,1001.17,18433.1,-8.76069,9.78666,-0.0882914,-0.0233395
0.53,1048,2.12294,14.1194,-0.00665943,-0.00373719,1001.16,18232.4,-8.64495,9.68029,-0.066595,-0.129714
0.54,1048,2.12287,14.1193,-0.00688592,-0.00512113,1001.15,18186.8,-8.54353,9.67908,0.01366,-0.130924
0.55,1048,2.1228,14.1193,-0.00686384,-0.00637783,1001.16,18250.7,-8.61541,9.68784,-0.027913,-0.122158
0.56,1048,2.12273,14.1192,-0.00724546,-0.00736835,1001.17,18351.1,-8.66433,9.74204,-0.0293682,-0.0679631
0.57,1048,2.12266,14.1191,-0.00746935,-0.00789272,1001.17,18483.7,-8.71766,9.75931,-0.0200711,-0.0506912
0.58,1048,2.12258,14.119,-0.00754429,-0.00852109,1001.17,18507.2,-8.70088,9.73229,0.00808693,-0.0777083
0.59,1048,2.12251,14.119,-0.00740652,-0.00945608,1001.17,18359.4,-8.62691,9.70307,0.0128937,-0.10693
0.6,1048,2.12243,14.1189,-0.00734717,-0.0106889,1001.15,18130.9,-8.53631,9.66282,-0.00361605,-0.147176
0.61,1048,2.12236,14.1187,-0.0075677,-0.0124948,1001.14,17987.6,-8.50308,9.59789,-0.0374665,-0.212106
0.62,1048,2.12228,14.1186,-0.00794788,-0.0147968,1001.14,18009.2,-8.51078,9.57186,-0.0346736,-0.238137
0.63,1048,2.1222,14.1184,-0.00833169,-0.0170755,1001.15,18138.4,-8.58742,9.5962,-0.0502668,-0.213795
0.64,1048,2.12211,14.1183,-0.00883132,-0.0189894,1001.16,18253.5,-8.62172,9.64953,-0.0301132,-0.160475
0.65,1048,2.12202,14.1181,-0.0087936,-0.0202573,1001.16,18329,-8.60386,9.70613,0.023608,-0.103871
0.66,1048,2.12194,14.1179,-0.00859643,-0.0212259,1001.16,18339.1,-8.61449,9.72135,0.0180994,-0.0886461
0.67,1048,2.12185,14.1176,-0.0084285,-0.0220261,1001.17,18355.9,-8.63951,9.73328,0.00132433,-0.0767225
0.68,1048,2.12177,14.1174,-0.00878535,-0.0228237,1001.17,18383.1,-8.72208,9.7322,-0.068118,-0.0777997
0.69,1048,2.12168,14.1172,-0.0096378,-0.0234277,1001.17,18471.9,-8.79511,9.7684,-0.0990485,-0.041604
0.7,1048,2.12157,14.117,-0.0105138,-0.0236857,1001.18,18584.9,-8.80615,9.80456,-0.056503,-0.00543834
0.71,1048,2.12147,14.1167,-0.0106067,-0.0234286,1001.19,18673.9,-8.76234,9.86309,0.0296095,0.0530931
0.72,1048,2.12136,14.1165,-0.0102853,-0.0228458,1001.18,18643.9,-8.75162,9.86474,0.0266118,0.0547432
0.73,1048,2.12126,14.1163,-0.00999555,-0.0223662,1001.18,18560.7,-8.71776,9.84724,0.0218054,0.0372359
0.74,1048,2.12116,14.116,-0.0100911,-0.0222511,1001.17,18460.6,-8.72639,9.7939,-0.0335193,-0.0161034
0.75,1048,2.12106,14.1158,-0.0104685,-0.0226793,1001.17,18398,-8.70855,9.73778,-0.0447255,-0.0722157
0.76,1048,2.12095,14.1156,-0.0109987,-0.023615,1001.17,18367,-8.70397,9.70968,-0.0542621,-0.100315
0.77,1048,2.12084,14.1153,-0.0115342,-0.0244817,1001.17,18368.4,-8.70093,9.73654,-0.0500931,-0.0734616
0.78,1048,2.12072,14.1151,-0.011863,-0.0251378,1001.17,18432.2,-8.70022,9.75346,-0.018929,-0.0565355
0.79,1048,2.1206,14.1148,-0.0120387,-0.0255165,1001.18,18518.5,-8.73186,9.79551,-0.00943135,-0.0144928
0.8,1048,2.12048,14.1146,-0.012063,-0.0254507,1001.18,18618.2,-8.78586,9.8321,-0.0160588,0.0220989
0.81,1048,2.12036,14.1143,-0.0125247,-0.0250911,1001.18,18663.4,-8.84986,9.86392,-0.0582851,0.0539157
0.82,1048,2.12023,14.1141,-0.0129092,-0.0243855,1001.19,18722.7,-8.83723,9.89062,-0.0172385,0.0806216
0.83,1048,2.1201,14.1138,-0.012932,-0.0235385,1001.19,18744.3,-8.82205,9.90038,0.00866405,0.0903835
0.84,1048,2.11997,14.1136,-0.0126553,-0.0225607,1001.19,18717.7,-8.77077,9.91099,0.0479718,0.100991
0.85,1048,2.11985,14.1134,-0.0123679,-0.0216401,1001.19,18680.5,-8.81637,9.8887,-0.0146199,0.0787048
0.86,1048,2.11972,14.1132,-0.0129351,-0.0209913,1001.18,18654.5,-8.87178,9.8688,-0.0817446,0.0588004
0.87,1048,2.11959,14.113,-0.0137569,-0.0202662,1001.19,18728.6,-8.8961,9.90157,-0.0706307,0.0915689
0.88,1048,2.11945,14.1128,-0.0142331,-0.0192504,1001.2,18837.6,-8.90902,9.91255,-0.0316975,0.102553
0.89,1048,2.11931,14.1126,-0.0143198,-0.0181898,1001.2,18874.5,-8.8786,9.92578,0.0167304,0.115776
0.9,1048,2.11916,14.1124,-0.0142839,-0.0169767,1001.19,18811.7,-8.889,9.92823,-0.0226629,0.118228
0.91,1048,2.11902,14.1122,-0.0146508,-0.0159621,1001.19,18712.3,-8.86362,9.89204,-0.0434477,0.0820361
0.92,1048,2.11887,14.1121,-0.0152844,-0.0152169,1001.19,18687.1,-8.89316,9.8874,-0.0842459,0.0773999
0.93,1048,2.11871,14.1119,-0.0158313,-0.0143581,1001.19,18731,-8.82923,9.89802,0.00101133,0.0880193
0.94,1048,2.11856,14.1118,-0.0154468,-0.013598,1001.19,18780.6,-8.7989,9.8729,0.0553361,0.0629026
0.95,1048,2.11841,14.1117,-0.0147635,-0.0130307,1001.19,18692.4,-8.73054,9.8558,0.0828004,0.0457972
0.96,1048,2.11826,14.1115,-0.0141384,-0.0129682,1001.17,18506.5,-8.70779,9.76436,0.0185918,-0.0456354
0.97,1048,2.11812,14.1114,-0.0144888,-0.0139006,1001.16,18289.9,-8.70561,9.68038,-0.0806676,-0.129616
0.98,1048,2.11797,14.1113,-0.0155227,-0.0154145,1001.16,18217.2,-8.70315,9.64496,-0.111839,-0.165038
0.99,1048,2.11781,14.1111,-0.0164219,-0.0169258,1001.16,18345.6,-8.71704,9.68513,-0.0645878,-0.124871
1,1048,2.11764,14.1109,-0.0169738,-0.0178053,1001.18,18565.6,-8.79562,9.76272,-0.0388184,-0.0472776
1.01,1048,2.11747,14.1107,-0.0167563,-0.0177201,1001.19,18789.7,-8.78728,9.8759,0.0758044,0.0658973
1.02,1048,2.11731,14.1106,-0.0161744,-0.0167988,1001.2,18887.8,-8.8825,9.90945,0.0274819,0.0994539
1.03,1048,2.11715,14.1104,-0.0158268,-0.0157953,1001.2,18844.2,-8.84012,9.91223,0.0499934,0.102228
1.04,1048,2.11699,14.1103,-0.015592,-0.0149863,1001.19,18722.6,-8.84717,9.85515,-0.013714,0.0451492
1.05,1048,2.11684,14.1101,-0.0157036,-0.0149487,1001.18,18547.8,-8.74533,9.77302,0.00640688,-0.0369804
1.06,1048,2.11668,14.11,-0.015629,-0.0157225,1001.17,18412,-8.69335,9.69597,-0.00497101,-0.114032
1.07,1048,2.11652,14.1098,-0.015841,-0.0171067,1001.16,18309.4,-8.67561,9.6537,-0.0349395,-0.156303
1.08,1048,2.11636,14.1096,-0.0163162,-0.0187568,1001.16,18305.8,-8.69423,9.64121,-0.0546113,-0.16879
1.09,1048,2.1162,14.1094,-0.0167581,-0.0203544,1001.17,18403.3,-8.71894,9.66525,-0.0326909,-0.144753
1.1,1048,2.11603,14.1092,-0.0170252,-0.0215675,1001.18,18511.7,-8.7488,9.71532,-0.0107132,-0.0946759
1.11,1048,2.11586,14.109,-0.0167698,-0.0222777,1001.18,18600.8,-8.73258,9.75614,0.048192,-0.053864
1.12,1048,2.11569,14.1088,-0.0163862,-0.0227847,1001.18,18598,-8.74538,9.7575,0.034743,-0.0525026
1.13,1048,2.11553,14.1085,-0.015912,-0.0233958,1001.18,18522.3,-8.69468,9.7347,0.0504093,-0.0753017
1.14,1048,2.11537,14.1083,-0.0156618,-0.0244371,1001.17,18413.3,-8.69125,9.67395,0.00308602,-0.136049
1.15,1048,2.11522,14.108,-0.0156997,-0.0260423,1001.16,18314.5,-8.66538,9.63051,-0.0169973,-0.17949
1.16,1048,2.11506,14.1078,-0.0159148,-0.0279344,1001.16,18271.8,-8.64336,9.61488,-0.0144588,-0.19512
1.17,1048,2.1149,14.1075,-0.0159868,-0.0298894,1001.16,18316.5,-8.65454,9.6206,-0.00388217,-0.189401
1.18,1048,2.11474,14.1072,-0.0159977,-0.0315819,1001.17,18408,-8.68927,9.66229,0.00520015,-0.147712
1.19,1048,2.11458,14.1069,-0.0159241,-0.0328514,1001.18,18528.2,-8.74901,9.70795,0.00279933,-0.102054
1.2,1048,2.11442,14.1065,-0.0158975,-0.0335675,1001.18,18653.7,-8.80589,9.7644,0.00579392,-0.0456049
1.21,1048,2.11426,14.1062,-0.0159126,-0.0338216,1001.19,18762.1,-8.87324,9.80863,-0.0097314,-0.00136718
1.22,1048,2.1141,14.1058,-0.0158358,-0.0335705,1001.2,18844.6,-8.87212,9.85502,0.030985,0.0450232
1.23,1048,2.11394,14.1055,-0.0155125,-0.0330316,1001.2,18886.7,-8.89569,9.87232,0.0279676,0.062321
1.24,1048,2.11379,14.1052,-0.0151238,-0.0323644,1001.2,18875.9,-8.87182,9.87352,0.0473729,0.0635243
1.25,1048,2.11364,14.1049,-0.0147534,-0.0318875,1001.19,18811.4,-8.86265,9.8394,0.0267415,0.0293959
1.26,1048,2.1135,14.1045,-0.0145548,-0.0318111,1001.19,18716.4,-8.83439,9.79272,0.010741,-0.0172788
1.27,1048,2.11335,14.1042,-0.0144593,-0.0322777,1001.18,18620.3,-8.78805,9.73587,0.0123268,-0.074126
1.28,1048,2.11321,14.1039,-0.0144769,-0.0331438,1001.18,18547.8,-8.7892,9.71926,-0.022452,-0.0907411
1.29,1048,2.11306,14.1036,-0.0146838,-0.0340259,1001.18,18557.4,-8.77982,9.72683,-0.00792931,-0.0831679
1.3,1048,2.11291,14.1032,-0.0147934,-0.0346814,1001.18,18661.7,-8.84129,9.76831,-0.0195198,-0.0416866
1.31,1048,2.11276,14.1029,-0.0147765,-0.0348036,1001.19,18821,-8.86092,9.82926,0.0366942,0.0192647
1.32,1048,2.11262,14.1025,-0.0142987,-0.0343091,1001.21,18984.1,-8.93323,9.88361,0.0420114,0.0736125
1.33,1048,2.11248,14.1022,-0.0138932,-0.0334577,1001.21,19027.8,-8.95119,9.90561,0.0452774,0.0956119
1.34,1048,2.11234,14.1019,-0.0134712,-0.0324278,1001.21,18988.9,-8.94297,9.90863,0.0357194,0.0986276
1.35,1048,2.11221,14.1015,-0.0131784,-0.0317284,1001.2,18908.7,-8.92189,9.85372,0.0194653,0.0437153
1.36,1048,2.11208,14.1012,-0.0131011,-0.0313336,1001.2,18836.9,-8.90607,9.85038,0.00193971,0.0403782
1.37,1048,2.11195,14.1009,-0.013093,-0.0309528,1001.2,18836.4,-8.91135,9.84368,-0.00302339,0.0336761
1.38,1048,2.11181,14.1006,-0.0131309,-0.0305891,1001.2,18905.8,-8.94021,9.85943,0.00146796,0.0494313
1.39,1048,2.11168,14.1003,-0.0130442,-0.029836,1001.21,19015.1,-8.98106,9.90935,0.0127958,0.0993528
1.4,1048,2.11155,14.1,-0.0127933,-0.0286687,1001.21,19115.6,-9.00424,9.94135,0.0376341,0.131354
1.41,1048,2.11143,14.0997,-0.0124617,-0.0273031,1001.22,19151.6,-9.03264,9.9467,0.0268076,0.136702
1.42,1048,2.11131,14.0995,-0.0122087,-0.0259707,1001.21,19109.6,-9.02041,9.93873,0.0197132,0.128729
1.43,1048,2.11118,14.0992,-0.0120811,-0.0247748,1001.21,19044.6,-9.00593,9.91717,0.00399813,0.107171
1.44,1048,2.11106,14.099,-0.0121562,-0.0239149,1001.2,18979.2,-8.98927,9.87329,-0.00974985,0.0632926
1.45,1048,2.11094,14.0987,-0.0121075,-0.0234192,1001.2,18943.9,-8.95047,9.84962,0.0128921,0.0396158
1.46,1048,2.11082,14.0985,-0.0119787,-0.0231189,1001.2,18898.7,-8.91779,9.83192,0.0247319,0.0219198
1.47,1048,2.1107,14.0983,-0.0115578,-0.0229783,1001.2,18852.7,-8.87379,9.81262,0.0475037,0.00262125
1.48,1048,2.11059,14.098,-0.0112082,-0.0231123,1001.19,18786.1,-8.86728,9.78201,0.0229891,-0.0279919
1.49,1048,2.11048,14.0978,-0.011033,-0.0235195,1001.19,18726.5,-8.84826,9.75519,0.0143167,-0.0548065
1.5,1048,2.11037,14.0976,-0.0108847,-0.0241986,1001.19,18705.4,-8.83869,9.73221,0.0143719,-0.0777945
1.51,1048,2.11026,14.0973,-0.0108684,-0.0250437,1001.19,18712.6,-8.86794,9.72235,-0.0110245,-0.0876509
1.52,1048,2.11015,14.0971,-0.0109259,-0.0258367,1001.19,18756,-8.88156,9.7411,-0.00365402,-0.0689008
1.53,1048,2.11004,14.0968,-0.0110451,-0.0264367,1001.19,18811.7,-8.91838,9.7609,-0.0136915,-0.0490969
1.54,1048,2.10993,14.0965,-0.011102,-0.0267128,1001.2,18882.1,-8.93973,9.80328,-0.00128342,-0.00671639
1.55,1048,2.10982,14.0963,-0.0109695,-0.026657,1001.2,18953.3,-8.93619,9.82865,0.0363862,0.0186452
1.56,1048,2.10971,14.096,-0.0105838,-0.0264198,1001.2,18979.3,-8.95296,9.8312,0.032348,0.0211997
1.57,1048,2.10961,14.0957,-0.0101518,-0.0263015,1001.2,18926.5,-8.91108,9.80729,0.0497165,-0.00270534
1.58,1048,2.10951,14.0955,-0.00981127,-0.0265797,1001.19,18806.1,-8.88883,9.75671,0.0154828,-0.0532881
1.59,1048,2.10941,14.0952,-0.00978798,-0.0273798,1001.18,18661.4,-8.84235,9.70044,-0.00606779,-0.109565
1.6,1048,2.10931,14.0949,-0.00985653,-0.0287672,1001.18,18579.7,-8.81429,9.64659,-0.0162402,-0.163409
1.61,1048,2.10921,14.0946,-0.0102136,-0.0304666,1001.18,18554.5,-8.82809,9.64261,-0.0415684,-0.167391
1.62,1048,2.10911,14.0943,-0.010432,-0.0320718,1001.18,18624.4,-8.82125,9.65589,-0.00123814,-0.154107
1.63,1048,2.109,14.094,-0.0104024,-0.0335418,1001.19,18708.7,-8.85897,9.66911,0.0013947,-0.140891
1.64,1048,2.1089,14.0936,-0.0102639,-0.0348583,1001.19,18743.2,-8.84822,9.69112,0.0288617,-0.118882
1.65,1048,2.1088,14.0933,-0.0100405,-0.0360012,1001.19,18730.3,-8.86415,9.69014,0.00727254,-0.119861
1.66,1048,2.1087,14.0929,-0.0100013,-0.0372667,1001.18,18665.5,-8.83082,9.68126,0.0103454,-0.128742
1.67,1048,2.1086,14.0925,-0.00985472,-0.0386678,1001.18,18619.4,-8.80214,9.65261,0.0176722,-0.157387
1.68,1048,2.1085,14.0922,-0.00962273,-0.0403209,1001.18,18596,-8.79112,9.64206,0.0180272,-0.167941
1.69,1048,2.10841,14.0917,-0.0096149,-0.0420596,1001.18,18577.4,-8.80412,9.62693,-0.00340168,-0.18307
1.7,1048,2.10831,14.0913,-0.00953653,-0.0439583,1001.18,18592.8,-8.80485,9.61798,0.00356102,-0.192019
1.71,1048,2.10821,14.0909,-0.00974095,-0.045793,1001.18,18612.5,-8.8526,9.63901,-0.0344692,-0.170987
1.72,1048,2.10812,14.0904,-0.0100189,-0.0473991,1001.19,18680.4,-8.87221,9.65913,-0.0215306,-0.150872
1.73,1048,2.10801,14.0899,-0.0103288,-0.0486818,1001.19,18775.6,-8.93284,9.7109,-0.0366655,-0.0991047
1.74,1048,2.10791,14.0894,-0.0105165,-0.0494069,1001.2,18896.9,-8.95127,9.7624,0.0027378,-0.0475993
1.75,1048,2.1078,14.0889,-0.0104907,-0.0496212,1001.21,19011.5,-9.0082,9.81276,0.000502372,0.00276356
1.76,1048,2.1077,14.0884,-0.010379,-0.049464,1001.21,19068.5,-9.01744,9.83236,0.0186863,0.0223552
1.77,1048,2.1076,14.0879,-0.0101971,-0.0492511,1001.21,19050,-9.01018,9.82804,0.0176271,0.0180426
1.78,1048,2.1075,14.0874,-0.0100482,-0.0491836,1001.2,18955.5,-8.96939,9.79755,0.0141293,-0.0124506
1.79,1048,2.1074,14.087,-0.00994926,-0.0496283,1001.2,18831.5,-8.92755,9.73181,-0.00231232,-0.0781894
1.8,1048,2.1073,14.0865,-0.0100714,-0.0506491,1001.19,18722.2,-8.89334,9.68987,-0.0194232,-0.120131
1.81,1048,2.10719,14.0859,-0.0104793,-0.0520124,1001.19,18666.9,-8.90922,9.65947,-0.0610477,-0.150534
1.82,1048,2.10709,14.0854,-0.0110389,-0.0534991,1001.19,18701.9,-8.91374,9.67159,-0.0485443,-0.138412
1.83,1048,2.10697,14.0849,-0.0115719,-0.0546476,1001.19,18813.5,-8.97072,9.72395,-0.0522157,-0.0860468
1.84,1048,2.10686,14.0843,-0.01186,-0.0551979,1001.2,18971.4,-8.99602,9.78714,-0.00224938,-0.022861
1.85,1048,2.10674,14.0838,-0.0117523,-0.055071,1001.21,19108.1,-9.04277,9.85336,0.0162343,0.0433639
1.86,1048,2.10662,14.0832,-0.0115537,-0.0545475,1001.22,19162.9,-9.05966,9.86581,0.0257885,0.0558129
1.87,1048,2.10651,14.0827,-0.0113798,-0.0539326,1001.21,19136.4,-9.07425,9.87176,-0.000848832,0.0617642
1.88,1048,2.10639,14.0821,-0.0114798,-0.0535355,1001.21,19049.9,-9.04716,9.82264,-0.0142474,0.0126376
1.89,1048,2.10628,14.0816,-0.011807,-0.0535947,1001.2,18955.2,-9.03685,9.79169,-0.0482886,-0.0183122
1.9,1048,2.10616,14.0811,-0.0122349,-0.0538531,1001.2,18908.2,-9.0065,9.77573,-0.0396608,-0.0342743
1.91,1048,2.10603,14.0805,-0.0126979,-0.054256,1001.2,18931.1,-9.02645,9.77172,-0.0482632,-0.0382809
1.92,1048,2.1059,14.08,-0.0131659,-0.0544089,1001.21,19019,-9.06759,9.82191,-0.0471759,0.0119077
1.93,1048,2.10577,14.0794,-0.0135948,-0.0541172,1001.21,19129.4,-9.10774,9.85183,-0.034446,0.0418338
1.94,1048,2.10563,14.0789,-0.0137814,-0.053525,1001.22,19230.1,-9.12345,9.89047,-0.00189719,0.0804737
1.95,1048,2.10549,14.0784,-0.0138068,-0.0525725,1001.22,19260.7,-9.14841,9.90838,-0.0117443,0.0983791
1.96,1048,2.10535,14.0779,-0.0139589,-0.0517508,1001.22,19185.8,-9.11569,9.87486,-0.0139062,0.0648636
1.97,1048,2.10521,14.0773,-0.01413,-0.0512456,1001.21,19078.9,-9.07507,9.84265,-0.0233374,0.032653
1.98,1048,2.10507,14.0768,-0.0144699,-0.0512309,1001.2,18958.8,-9.04096,9.77598,-0.0455318,-0.0340207
1.99,1048,2.10492,14.0763,-0.0149414,-0.0518531,1001.2,18855.2,-8.99319,9.72892,-0.046236,-0.0810847
2,1048,2.10477,14.0758,-0.0154192,-0.0527719,1001.19,18797.3,-8.96438,9.70483,-0.0442246,-0.105169
2.01,1048,2.10462,14.0753,-0.0157959,-0.0539635,1001.19,18779.4,-8.95393,9.68172,-0.0416107,-0.128277
2.02,1048,2.10446,14.0747,-0.0162423,-0.0552197,1001.19,18778.3,-8.94593,9.69093,-0.0334388,-0.119073
2.03,1048,2.10429,14.0741,-0.0165166,-0.0563509,1001.19,18821.6,-8.96957,9.70039,-0.035869,-0.109605
2.04,1048,2.10412,14.0736,-0.0169573,-0.0574006,1001.2,18856.4,-8.99731,9.71345,-0.04641,-0.0965488
2.05,1048,2.10395,14.073,-0.0174082,-0.0582201,1001.2,18913.3,-9.01666,9.74404,-0.0380391,-0.0659629
2.06,1048,2.10378,14.0724,-0.0177408,-0.058779,1001.2,18973.4,-9.04585,9.7576,-0.0379899,-0.0523964
2.07,1048,2.1036,14.0718,-0.0181377,-0.0593257,1001.2,18981.9,-9.04879,9.75393,-0.03612,-0.0560701
2.08,1048,2.10341,14.0712,-0.018452,-0.0598861,1001.2,18956.8,-9.02528,9.75403,-0.0237215,-0.0559726
2.09,1048,2.10323,14.0706,-0.0187415,-0.0605508,1001.2,18894.7,-9.01973,9.72185,-0.0468466,-0.0881496
2.1,1048,2.10304,14.07,-0.0192905,-0.061699,1001.19,18806.2,-8.98299,9.67821,-0.051257,-0.131791
2.11,1048,2.10284,14.0694,-0.0198615,-0.0630573,1001.19,18744,-8.96899,9.6667,-0.0659386,-0.143303
2.12,1048,2.10264,14.0688,-0.0204491,-0.06466,1001.19,18709.7,-8.93901,9.63668,-0.0513788,-0.173324
2.13,1048,2.10243,14.0681,-0.0210163,-0.066399,1001.19,18716.7,-8.95069,9.63802,-0.0588663,-0.17198
2.14,1048,2.10222,14.0674,-0.0214672,-0.0680483,1001.19,18749.1,-8.9469,9.65088,-0.0387866,-0.159123
2.15,1048,2.102,14.0667,-0.021943,-0.0696842,1001.19,18772.1,-8.96781,9.64249,-0.0478567,-0.167513
2.16,1048,2.10178,14.066,-0.0223246,-0.0712939,1001.19,18787.3,-8.96865,9.6543,-0.0405667,-0.155699
2.17,1048,2.10156,14.0653,-0.0227564,-0.0728991,1001.19,18765.6,-8.95897,9.6409,-0.0402402,-0.1691
2.18,1048,2.10133,14.0646,-0.0232859,-0.0746974,1001.19,18722.9,-8.95784,9.62497,-0.0583999,-0.185035
2.19,1048,2.10109,14.0638,-0.0238006,-0.0765864,1001.19,18685.3,-8.92517,9.61435,-0.0425765,-0.195651
2.2,1048,2.10085,14.063,-0.0241824,-0.0786247,1001.18,18659.1,-8.91962,9.59728,-0.0484576,-0.212722
2.21,1048,2.10061,14.0622,-0.0246574,-0.0807297,1001.18,18662.2,-8.91295,9.60724,-0.0392701,-0.202764
2.22,1048,2.10036,14.0614,-0.0251562,-0.0827223,1001.19,18691.9,-8.94926,9.61125,-0.0604077,-0.198745
2.23,1048,2.1001,14.0606,-0.0256736,-0.0846286,1001.19,18729.8,-8.94871,9.6346,-0.0408095,-0.175397
2.24,1048,2.09985,14.0597,-0.0261884,-0.0862717,1001.19,18799.2,-9.00542,9.65258,-0.0634167,-0.157424
2.25,1048,2.09958,14.0589,-0.0266944,-0.0876856,1001.2,18874.8,-9.02886,9.68804,-0.0498472,-0.121956
2.26,1048,2.09931,14.058,-0.0273301,-0.0887729,1001.2,18927.4,-9.06943,9.71177,-0.0642331,-0.098231
2.27,1048,2.09903,14.0571,-0.0279116,-0.0896568,1001.21,18991.5,-9.09299,9.73044,-0.0561668,-0.0795633
2.28,1048,2.09875,14.0562,-0.0284864,-0.0903163,1001.21,19035.7,-9.11901,9.76177,-0.059958,-0.0482317
2.29,1048,2.09846,14.0553,-0.0290726,-0.0907211,1001.21,19047.6,-9.11744,9.76792,-0.0514985,-0.04208
2.3,1048,2.09817,14.0544,-0.02949,-0.0911632,1001.21,19055,-9.10308,9.77068,-0.0323466,-0.0393161
2.31,1048,2.09788,14.0535,-0.029791,-0.0915472,1001.21,19027.5,-9.09606,9.76102,-0.0370997,-0.0489761
2.32,1048,2.09758,14.0525,-0.0301326,-0.0922137,1001.2,18967.9,-9.0616,9.72814,-0.029718,-0.0818618
2.33,1048,2.09727,14.0516,-0.0306113,-0.0931568,1001.2,18909.3,-9.07153,9.70518,-0.0662038,-0.104823
2.34,1048,2.09696,14.0507,-0.031293,-0.0942947,1001.2,18874.6,-9.0618,9.68622,-0.0716381,-0.12378
2.35,1048,2.09665,14.0497,-0.032162,-0.0955379,1001.2,18885.6,-9.08923,9.69507,-0.0924662,-0.114934
2.36,1048,2.09632,14.0488,-0.0328854,-0.0965146,1001.21,18983.2,-9.10428,9.72755,-0.0596922,-0.082454
2.37,1048,2.09599,14.0478,-0.0335343,-0.0971148,1001.21,19096.9,-9.15944,9.77947,-0.0592807,-0.0305324
2.38,1048,2.09565,14.0468,-0.033897,-0.0971579,1001.22,19212.8,-9.18279,9.82517,-0.0260109,0.015171
2.39,1048,2.09531,14.0459,-0.0342387,-0.096859,1001.22,19271.5,-9.22098,9.85228,-0.0347893,0.0422812
2.4,1048,2.09497,14.0449,-0.0345456,-0.0964477,1001.22,19274.1,-9.22176,9.84637,-0.0327942,0.0363696
2.41,1048,2.09462,14.0439,-0.034967,-0.096087,1001.22,19218.6,-9.20982,9.84428,-0.0457767,0.0342795
2.42,1048,2.09427,14.043,-0.0354228,-0.0959104,1001.22,19163.9,-9.19067,9.80711,-0.0511455,-0.00289403
2.43,1048,2.09391,14.042,-0.0360785,-0.0960513,1001.21,19122.2,-9.19581,9.7922,-0.0745687,-0.0178047
2.44,1048,2.09355,14.0411,-0.036797,-0.0961854,1001.21,19140,-9.20046,9.80189,-0.0691585,-0.0081077
2.45,1048,2.09317,14.0401,-0.0375766,-0.096216,1001.22,19209.3,-9.2529,9.81462,-0.08694,0.00461876
2.46,1048,2.09279,14.0391,-0.0383004,-0.0959861,1001.22,19296.4,-9.25991,9.85186,-0.0507786,0.0418578
2.47,1048,2.09241,14.0382,-0.0387996,-0.095476,1001.23,19370.7,-9.29895,9.86882,-0.0526984,0.0588159
2.48,1048,2.09202,14.0372,-0.0391597,-0.0947662,1001.23,19391.5,-9.28008,9.88954,-0.0221782,0.0795396
2.49,1048,2.09163,14.0363,-0.0395258,-0.094039,1001.23,19351.2,-9.28767,9.87195,-0.0472794,0.0619541
2.5,1048,2.09123,14.0353,-0.0399465,-0.0935559,1001.22,19283.4,-9.25391,9.8413,-0.0440861,0.0312959
2.51,1048,2.09083,14.0344,-0.040484,-0.0934418,1001.22,19195.3,-9.2217,9.80238,-0.0521481,-0.0076165
2.52,1048,2.09042,14.0335,-0.0409325,-0.0937486,1001.21,19129,-9.18482,9.75416,-0.045114,-0.0558413
2.53,1048,2.09001,14.0325,-0.0414652,-0.09448,1001.21,19046.5,-9.15813,9.72584,-0.0560055,-0.084157
2.54,1048,2.08959,14.0316,-0.0420086,-0.0954462,1001.21,18996.2,-9.13475,9.69956,-0.0548335,-0.110437
2.55,1048,2.08917,14.0306,-0.0426077,-0.0965904,1001.21,19000.1,-9.15238,9.69776,-0.0687377,-0.112243
2.56,1048,2.08874,14.0296,-0.0433834,-0.0976554,1001.21,19041.8,-9.18277,9.71161,-0.0773548,-0.0983857
2.57,1048,2.0883,14.0287,-0.0440096,-0.0984931,1001.22,19143.2,-9.20633,9.74222,-0.0505677,-0.0677768
2.58,1048,2.08786,14.0277,-0.0444742,-0.098981,1001.22,19236.4,-9.24472,9.78224,-0.042469,-0.0277551
2.59,1048,2.08741,14.0267,-0.0448455,-0.099087,1001.22,19294.3,-9.26444,9.81068,-0.0325762,0.000683899
2.6,1048,2.08696,14.0257,-0.0451352,-0.0990514,1001.23,19319.3,-9.27499,9.81428,-0.0292059,0.00427619
2.61,1048,2.08651,14.0247,-0.0455034,-0.0990759,1001.22,19277.7,-9.26799,9.79464,-0.0400775,-0.0153616
2.62,1048,2.08605,14.0237,-0.0458754,-0.0994264,1001.22,19198.5,-9.22893,9.75456,-0.0368762,-0.0554394
2.63,1048,2.08559,14.0227,-0.0463114,-0.100193,1001.21,19103,-9.20354,9.7128,-0.0551134,-0.0972012
2.64,1048,2.08512,14.0217,-0.0469854,-0.101354,1001.21,19016.1,-9.18493,9.67602,-0.0760133,-0.133983
2.65,1048,2.08465,14.0207,-0.0477907,-0.102817,1001.21,18987.4,-9.17642,9.65554,-0.0791922,-0.154462
2.66,1048,2.08417,14.0197,-0.0484423,-0.104325,1001.21,19026.6,-9.17325,9.66885,-0.0551532,-0.141145
2.67,1048,2.08368,14.0186,-0.0489787,-0.1056,1001.21,19099.9,-9.20568,9.694,-0.0503714,-0.115999
2.68,1048,2.08319,14.0175,-0.0494353,-0.106663,1001.22,19176.4,-9.23171,9.71486,-0.037589,-0.0951384
2.69,1048,2.08269,14.0165,-0.0496595,-0.107508,1001.22,19221.2,-9.23393,9.73338,-0.0161849,-0.0766216
2.7,1048,2.0822,14.0154,-0.0499196,-0.108286,1001.22,19201.2,-9.24218,9.72432,-0.0318102,-0.0856763
2.71,1048,2.08169,14.0143,-0.0502474,-0.10932,1001.22,19143.3,-9.22157,9.68973,-0.0367321,-0.120274
2.72,1048,2.08119,14.0132,-0.0506592,-0.110625,1001.21,19067.2,-9.19705,9.67074,-0.0464551,-0.139261
2.73,1048,2.08068,14.0121,-0.0511868,-0.11212,1001.21,19016.2,-9.18436,9.64794,-0.0559403,-0.162063
2.74,1048,2.08017,14.011,-0.0518066,-0.113852,1001.21,19019.1,-9.20232,9.63432,-0.0702756,-0.175677
2.75,1048,2.07964,14.0098,-0.0524358,-0.115444,1001.21,19080.1,-9.21396,9.66901,-0.0503752,-0.140988
2.76,1048,2.07912,14.0087,-0.0529177,-0.116707,1001.22,19186.1,-9.26549,9.69881,-0.0487101,-0.111194
2.77,1048,2.07859,14.0075,-0.0533922,-0.117628,1001.22,19290.7,-9.315,9.74086,-0.0456568,-0.0691408
2.78,1048,2.07805,14.0063,-0.0537443,-0.118032,1001.23,19389,-9.3446,9.79487,-0.0256786,-0.0151333
2.79,1048,2.07751,14.0051,-0.0541293,-0.118104,1001.23,19449.4,-9.40249,9.80542,-0.0521576,-0.004583
2.8,1048,2.07697,14.0039,-0.0545422,-0.11807,1001.24,19487.6,-9.40557,9.82375,-0.0344312,0.0137451
2.81,1048,2.07642,14.0028,-0.0549286,-0.117879,1001.24,19499.2,-9.41721,9.83101,-0.0380392,0.0210099
2.82,1048,2.07587,14.0016,-0.0553449,-0.117709,1001.24,19483.3,-9.42548,9.81907,-0.051465,0.00907349
2.83,1048,2.07531,14.0004,-0.0558168,-0.117715,1001.23,19455.7,-9.39781,9.80352,-0.0345544,-0.00648117
2.84,1048,2.07475,13.9992,-0.0561735,-0.11779,1001.23,19435.1,-9.4003,9.7987,-0.0444104,-0.0113005
2.85,1048,2.07419,13.998,-0.0566549,-0.118026,1001.23,19403.5,-9.38426,9.77746,-0.0410265,-0.0325392
2.86,1048,2.07362,13.9969,-0.0570589,-0.118326,1001.23,19409.7,-9.40296,9.78289,-0.0542069,-0.0271069
2.87,1048,2.07305,13.9957,-0.0575528,-0.118537,1001.23,19449.9,-9.41,9.79745,-0.0392989,-0.0125512
2.88,1048,2.07247,13.9945,-0.0580425,-0.118601,1001.24,19516.2,-9.46059,9.81058,-0.0553416,0.000583099
2.89,1048,2.07189,13.9933,-0.058448,-0.118394,1001.24,19596.8,-9.48001,9.85488,-0.0333109,0.044876
2.9,1048,2.0713,13.9921,-0.0588005,-0.117781,1001.25,19678.4,-9.51621,9.88146,-0.0275709,0.0714646
2.91,1048,2.07071,13.991,-0.0590267,-0.117005,1001.25,19733.8,-9.54695,9.89473,-0.0289233,0.0847269
2.92,1048,2.07012,13.9898,-0.0592957,-0.116061,1001.25,19747.4,-9.54844,9.91162,-0.0211098,0.101619
2.93,1048,2.06953,13.9886,-0.0596357,-0.115091,1001.25,19736.4,-9.57295,9.89874,-0.0481778,0.0887384
2.94,1048,2.06893,13.9875,-0.0600329,-0.114238,1001.25,19718,-9.55257,9.8936,-0.0339449,0.0835982
2.95,1048,2.06832,13.9863,-0.0604664,-0.113436,1001.25,19708.3,-9.56395,9.88963,-0.0472266,0.0796281
2.96,1048,2.06772,13.9852,-0.0608569,-0.112568,1001.25,19734.9,-9.57129,9.90042,-0.0389312,0.090423
2.97,1048,2.06711,13.9841,-0.0613575,-0.111679,1001.26,19773.8,-9.60581,9.9036,-0.0518713,0.0936006
2.98,1048,2.06649,13.983,-0.0617674,-0.110596,1001.26,19837.3,-9.6265,9.92925,-0.039088,0.119254
2.99,1048,2.06587,13.9819,-0.0621601,-0.109349,1001.26,19891.4,-9.64903,9.94239,-0.0325983,0.132392
3,1048,2.06525,13.9808,-0.0624805,-0.107945,1001.26,19921.7,-9.66959,9.95301,-0.035614,0.143011
3.01,1048,2.06462,13.9797,-0.0627607,-0.106564,1001.26,19912.7,-9.65383,9.94171,-0.0212974,0.131706
3.02,1048,2.06399,13.9787,-0.0630221,-0.105322,1001.26,19870.4,-9.64534,9.92744,-0.0303074,0.117437
3.03,1048,2.06336,13.9776,-0.063348,-0.104256,1001.26,19813.1,-9.6265,9.89925,-0.0362141,0.0892529
3.04,1048,2.06273,13.9766,-0.063728,-0.103573,1001.25,19751,-9.59868,9.86392,-0.0354931,0.0539181
3.05,1048,2.06209,13.9755,-0.0639975,-0.103091,1001.25,19717.3,-9.57199,9.84987,-0.0221505,0.0398687
3.06,1048,2.06145,13.9745,-0.0643002,-0.102829,1001.25,19685,-9.57355,9.82416,-0.0363556,0.0141581
3.07,1048,2.0608,13.9735,-0.0646402,-0.10274,1001.25,19664.3,-9.5621,9.81646,-0.0319203,0.00645906
3.08,1048,2.06015,13.9725,-0.0649602,-0.102687,1001.25,19685.3,-9.58121,9.81409,-0.0378518,0.00408626
3.09,1048,2.0595,13.9714,-0.0654375,-0.102632,1001.25,19707.1,-9.60241,9.81902,-0.0454978,0.00901641
3.1,1048,2.05884,13.9704,-0.0657774,-0.102463,1001.25,19758.9,-9.61718,9.83738,-0.0320978,0.0273756
3.11,1048,2.05819,13.9694,-0.0661285,-0.102077,1001.26,19820.1,-9.65318,9.85729,-0.0353695,0.0472941
3.12,1048,2.05752,13.9684,-0.0664604,-0.101555,1001.26,19864.6,-9.66683,9.86723,-0.0243768,0.0572252
3.13,1048,2.05686,13.9674,-0.0666093,-0.100931,1001.26,19881.2,-9.66953,9.87585,-0.0158697,0.0658502
3.14,1048,2.05619,13.9664,-0.0667812,-0.100323,1001.26,19864.3,-9.66136,9.85949,-0.0127714,0.0494855
3.15,1048,2.05552,13.9654,-0.0669611,-0.0999911,1001.26,19809.7,-9.6504,9.82939,-0.0252067,0.0193918
3.16,1048,2.05485,13.9644,-0.0672335,-0.0999271,1001.25,19728.1,-9.62227,9.79941,-0.0335518,-0.0105909
3.17,1048,2.05418,13.9634,-0.0676401,-0.10022,1001.25,19669.8,-9.60634,9.76592,-0.0427425,-0.044083
3.18,1048,2.0535,13.9623,-0.0681308,-0.100728,1001.25,19652.1,-9.6147,9.75494,-0.0565812,-0.0550558
3.19,1048,2.05281,13.9613,-0.0685573,-0.10131,1001.25,19674.7,-9.59973,9.74952,-0.0274355,-0.060484
3.2,1048,2.05213,13.9603,-0.0689527,-0.101853,1001.25,19719.1,-9.64762,9.76722,-0.0505112,-0.0427833
3.21,1048,2.05144,13.9593,-0.0692603,-0.10216,1001.26,19783.1,-9.64083,9.78821,-0.00939689,-0.0217903
3.22,1048,2.05074,13.9583,-0.0693721,-0.102346,1001.26,19822.9,-9.67145,9.79214,-0.0173713,-0.0178603
3.23,1048,2.05005,13.9573,-0.0695586,-0.102524,1001.26,19815.1,-9.66987,9.79315,-0.0163106,-0.0168476
3.24,1048,2.04935,13.9562,-0.0695891,-0.10274,1001.26,19796.2,-9.64742,9.7788,0.000180148,-0.0311956
3.25,1048,2.04865,13.9552,-0.0698443,-0.103183,1001.25,19730.6,-9.66155,9.75275,-0.0426178,-0.0572505
3.26,1048,2.04795,13.9542,-0.0700959,-0.103868,1001.25,19703.8,-9.62671,9.7344,-0.0174953,-0.0755976
3.27,1048,2.04725,13.9531,-0.0704999,-0.104615,1001.25,19700.3,-9.66403,9.73574,-0.0532425,-0.074256
3.28,1048,2.04654,13.9521,-0.0709152,-0.10536,1001.25,19749.6,-9.6745,9.74083,-0.036385,-0.0691717
3.29,1048,2.04583,13.951,-0.0712966,-0.10589,1001.26,19834.4,-9.71672,9.77388,-0.033879,-0.0361233
3.3,1048,2.04512,13.95,-0.071605,-0.106074,1001.27,19934.7,-9.76592,9.81094,-0.0307658,0.000942245
3.31,1048,2.0444,13.9489,-0.0718835,-0.105885,1001.27,20026.7,-9.8098,9.8464,-0.0263533,0.0364024
3.32,1048,2.04368,13.9478,-0.0721117,-0.10534,1001.28,20099.1,-9.83735,9.87846,-0.0151364,0.0684557
3.33,1048,2.04296,13.9468,-0.0722411,-0.104618,1001.28,20139.5,-9.86091,9.884,-0.0154956,0.0739976
3.34,1048,2.04224,13.9457,-0.0724118,-0.103884,1001.28,20137.8,-9.86785,9.88264,-0.0197684,0.0726397
3.35,1048,2.04151,13.9447,-0.0726386,-0.103167,1001.28,20108.3,-9.85928,9.87513,-0.0221274,0.0651252
3.36,1048,2.04078,13.9437,-0.0729208,-0.102693,1001.27,20062.9,-9.8561,9.84195,-0.0375981,0.0319489
3.37,1048,2.04005,13.9427,-0.0732781,-0.102455,1001.27,20029.2,-9.83934,9.82708,-0.0337993,0.0170781
3.38,1048,2.03932,13.9416,-0.073657,-0.102287,1001.27,20022.6,-9.84066,9.82846,-0.0348175,0.018462
3.39,1048,2.03858,13.9406,-0.0739989,-0.102154,1001.27,20048.4,-9.8678,9.81858,-0.0458132,0.00857765
3.4,1048,2.03784,13.9396,-0.0744356,-0.101947,1001.28,20100.8,-9.8808,9.84895,-0.0295874,0.0389492
3.41,1048,2.03709,13.9386,-0.0747525,-0.101405,1001.28,20183.5,-9.93042,9.87713,-0.0350945,0.0671257
3.42,1048,2.03634,13.9376,-0.0749954,-0.100623,1001.29,20265.4,-9.96028,9.90005,-0.0211855,0.0900526
3.43,1048,2.03559,13.9366,-0.0752307,-0.0995782,1001.29,20328.4,-9.98899,9.9279,-0.0153804,0.117904
3.44,1048,2.03484,13.9356,-0.0752938,-0.0983277,1001.29,20363.2,-10.0018,9.93711,-0.00741723,0.127112
3.45,1048,2.03409,13.9346,-0.0754353,-0.0971516,1001.29,20348.3,-10.0133,9.91789,-0.0226049,0.107889
3.46,1048,2.03333,13.9336,-0.0757532,-0.0960876,1001.29,20317.8,-10.0184,9.91542,-0.0388814,0.105424
3.47,1048,2.03257,13.9327,-0.0761109,-0.0951114,1001.29,20294.1,-10.0006,9.89551,-0.0289866,0.085512
3.48,1048,2.03181,13.9317,-0.0765052,-0.0942926,1001.29,20295.1,-10.0253,9.8949,-0.0494882,0.0849041
3.49,1048,2.03104,13.9308,-0.0768946,-0.093423,1001.29,20335.6,-10.0244,9.90233,-0.0249238,0.0923297
3.5,1048,2.03027,13.9299,-0.0772699,-0.0923966,1001.29,20392.9,-10.0848,9.91995,-0.053319,0.109948
3.51,1048,2.0295,13.9289,-0.0775392,-0.0911924,1001.3,20461.8,-10.0745,9.94487,-0.00539873,0.134865
3.52,1048,2.02872,13.928,-0.0777707,-0.0898147,1001.3,20506.7,-10.1284,9.94569,-0.0333352,0.135685
3.53,1048,2.02794,13.9271,-0.0779269,-0.0884039,1001.3,20515.8,-10.1068,9.94929,-0.00340254,0.139291
3.54,1048,2.02716,13.9263,-0.0780529,-0.0870971,1001.3,20479.4,-10.1056,9.93411,-0.016191,0.124109
3.55,1048,2.02638,13.9254,-0.0782149,-0.0860164,1001.3,20418.3,-10.0949,9.89815,-0.0316702,0.0881492
3.56,1048,2.0256,13.9245,-0.0785537,-0.0853258,1001.29,20337.2,-10.05,9.86301,-0.0227883,0.0530107
3.57,1048,2.02481,13.9237,-0.0788429,-0.0849351,1001.29,20282,-10.0421,9.8338,-0.0382693,0.0238019
3.58,1048,2.02402,13.9228,-0.079215,-0.0847919,1001.29,20251.6,-10.0203,9.81723,-0.0274803,0.0072258
3.59,1048,2.02322,13.922,-0.0795215,-0.0847912,1001.29,20256.3,-10.043,9.80684,-0.043931,-0.003156
3.6,1048,2.02243,13.9211,-0.0797782,-0.0848042,1001.29,20280.6,-10.0214,9.81051,-0.00648628,0.000512236
3.61,1048,2.02163,13.9203,-0.0799984,-0.0847902,1001.29,20308.7,-10.068,9.81383,-0.0352348,0.0038337
3.62,1048,2.02083,13.9195,-0.0802372,-0.084706,1001.29,20340.7,-10.0677,9.82088,-0.015125,0.0108822
3.63,1048,2.02002,13.9186,-0.0804947,-0.084556,1001.29,20363,-10.0963,9.83066,-0.0287815,0.0206566
3.64,1048,2.01922,13.9178,-0.0806633,-0.0843748,1001.29,20384.6,-10.1017,9.82214,-0.0194659,0.0121448
3.65,1048,2.01841,13.9169,-0.0809197,-0.0842805,1001.29,20378.9,-10.1019,9.8175,-0.0184589,0.00749629
3.66,1048,2.0176,13.9161,-0.0811116,-0.0842718,1001.29,20361.7,-10.1067,9.80378,-0.0276824,-0.00622132
3.67,1048,2.01679,13.9152,-0.0813388,-0.0843563,1001.29,20337.3,-10.085,9.79615,-0.0139994,-0.0138454
3.68,1048,2.01597,13.9144,-0.081585,-0.0846698,1001.29,20299.9,-10.0942,9.76292,-0.0376365,-0.0470837
3.69,1048,2.01516,13.9135,-0.081824,-0.0852036,1001.29,20268.7,-10.0563,9.74981,-0.0110775,-0.0601894
3.7,1048,2.01434,13.9127,-0.0820863,-0.0858677,1001.29,20249.9,-10.078,9.74175,-0.0379878,-0.0682543
3.71,1048,2.01351,13.9118,-0.0823669,-0.086574,1001.29,20254.3,-10.0696,9.7313,-0.0233619,-0.0787024
3.72,1048,2.01269,13.911,-0.0826645,-0.0874314,1001.29,20261.7,-10.0813,9.72445,-0.0272407,-0.0855478
3.73,1048,2.01186,13.9101,-0.0828503,-0.0882485,1001.29,20284,-10.0877,9.72948,-0.0184487,-0.0805167
3.74,1048,2.01103,13.9092,-0.0830255,-0.0890271,1001.29,20302,-10.0941,9.73466,-0.0117855,-0.0753386
3.75,1048,2.0102,13.9083,-0.0832237,-0.0898273,1001.29,20309,-10.1204,9.72541,-0.030413,-0.0845888
3.76,1048,2.00937,13.9074,-0.0833816,-0.0906783,1001.29,20308.6,-10.0928,9.7209,0.00112711,-0.0891008
3.77,1048,2.00853,13.9065,-0.0834652,-0.091652,1001.29,20283.3,-10.1039,9.70928,-0.0183325,-0.100718
3.78,1048,2.0077,13.9056,-0.0835898,-0.0926571,1001.29,20269.7,-10.0966,9.70528,-0.0136121,-0.104719
3.79,1048,2.00686,13.9046,-0.0838969,-0.0937619,1001.29,20268.5,-10.1233,9.69794,-0.0366984,-0.11206
3.8,1048,2.00602,13.9037,-0.0841512,-0.0948699,1001.29,20295.1,-10.1254,9.7006,-0.0213233,-0.1094
3.81,1048,2.00518,13.9027,-0.0843216,-0.0958818,1001.29,20343.6,-10.1405,9.71971,-0.00805319,-0.0902896
3.82,1048,2.00433,13.9018,-0.0845037,-0.0967129,1001.3,20408.3,-10.2048,9.73341,-0.0358266,-0.0765908
3.83,1048,2.00349,13.9008,-0.0847823,-0.097343,1001.3,20477.2,-10.2205,9.76124,-0.012962,-0.0487618
3.84,1048,2.00264,13.8998,-0.0849722,-0.0977272,1001.3,20540.3,-10.2669,9.78272,-0.023658,-0.0272842
3.85,1048,2.00179,13.8988,-0.0850302,-0.0979098,1001.31,20594.2,-10.2695,9.79669,0.00502175,-0.0133126
3.86,1048,2.00094,13.8979,-0.0851335,-0.0979857,1001.31,20614.9,-10.3073,9.81019,-0.0181942,0.000193119
3.87,1048,2.00009,13.8969,-0.0852317,-0.097997,1001.31,20626.4,-10.3102,9.80217,-0.0109184,-0.00783244
3.88,1048,1.99923,13.8959,-0.0853646,-0.0980952,1001.31,20608.1,-10.2995,9.80094,-0.00496762,-0.00905886
3.89,1048,1.99838,13.8949,-0.085435,-0.0982546,1001.31,20589.1,-10.3083,9.78497,-0.0188517,-0.0250313
3.9,1048,1.99752,13.8939,-0.0855684,-0.0985287,1001.31,20585.1,-10.2968,9.78069,-0.00495283,-0.0293108
3.91,1048,1.99667,13.8929,-0.0857943,-0.0988857,1001.31,20582.3,-10.3321,9.77073,-0.0372541,-0.0392708
3.92,1048,1.99581,13.892,-0.0859876,-0.0992319,1001.31,20607.6,-10.3173,9.78004,-0.00532467,-0.0299615
3.93,1048,1.99495,13.891,-0.0861498,-0.0994647,1001.31,20650.7,-10.3579,9.79677,-0.0199567,-0.013234
3.94,1048,1.99409,13.89,-0.0862593,-0.0995174,1001.31,20719.3,-10.3902,9.81099,-0.0134156,0.000994397
3.95,1048,1.99322,13.889,-0.0864385,-0.0993683,1001.32,20782.6,-10.4206,9.8407,-0.00775273,0.0306977
3.96,1048,1.99236,13.888,-0.0864273,-0.098982,1001.32,20844.6,-10.4489,9.85542,-0.000419059,0.0454235
3.97,1048,1.99149,13.887,-0.0863595,-0.0984571,1001.32,20870.1,-10.4493,9.86395,0.0164416,0.0539517
3.98,1048,1.99063,13.886,-0.0863176,-0.0979674,1001.32,20868.9,-10.4784,9.85848,-0.0087226,0.0484762
3.99,1048,1.98977,13.885,-0.0863584,-0.0974747,1001.32,20857.8,-10.4733,9.85423,-0.004571,0.0442321
4,1048,1.9889,13.8841,-0.0865157,-0.0971131,1001.32,20834,-10.4765,9.84134,-0.0152271,0.0313371
4.01,1048,1.98804,13.8831,-0.0866068,-0.0968424,1001.32,20838.2,-10.4834,9.83334,-0.0154992,0.0233406
4.02,1048,1.98717,13.8821,-0.0867995,-0.0965674,1001.32,20862.1,-10.4957,9.84328,-0.0112123,0.0332835
4.03,1048,1.9863,13.8812,-0.0869414,-0.0962014,1001.33,20908.6,-10.5361,9.8514,-0.0236003,0.0413988
4.04,1048,1.98543,13.8802,-0.0870489,-0.0957141,1001.33,20958.5,-10.5352,9.8647,0.00698519,0.0546957
4.05,1048,1.98456,13.8792,-0.0870222,-0.0951058,1001.33,21000.6,-10.5689,9.87863,-0.00097667,0.0686312
4.06,1048,1.98369,13.8783,-0.0869108,-0.094418,1001.33,21016.8,-10.5644,9.87276,0.0162683,0.0627555
4.07,1048,1.98282,13.8774,-0.0868426,-0.0938592,1001.33,20983.1,-10.5611,9.86057,0.00730305,0.0505685
4.08,1048,1.98195,13.8764,-0.0867428,-0.0934759,1001.33,20933.8,-10.5462,9.83367,0.00199233,0.0236717
4.09,1048,1.98109,13.8755,-0.0867362,-0.0933726,1001.32,20862.6,-10.5079,9.80451,0.00905135,-0.00548788
4.1,1048,1.98022,13.8746,-0.0867462,-0.0936143,1001.32,20801.3,-10.5064,9.77222,-0.015713,-0.0377841
4.11,1048,1.97935,13.8736,-0.0868387,-0.0940862,1001.32,20776.3,-10.4851,9.75118,-0.00243216,-0.0588151
4.12,1048,1.97848,13.8727,-0.0869549,-0.0947085,1001.32,20773.1,-10.4993,9.75064,-0.0136316,-0.0593617
4.13,1048,1.97761,13.8717,-0.0869775,-0.0953162,1001.32,20803.3,-10.5025,9.74606,0.00305291,-0.0639392
4.14,1048,1.97674,13.8708,-0.0869309,-0.0958651,1001.32,20847.9,-10.5234,9.76531,0.00929875,-0.044695
4.15,1048,1.97587,13.8698,-0.086862,-0.0963041,1001.33,20884.8,-10.5522,9.76838,0.00376335,-0.0416191
4.16,1048,1.97501,13.8688,-0.0867415,-0.0966564,1001.33,20909,-10.556,9.77517,0.0168103,-0.0348316
4.17,1048,1.97414,13.8679,-0.0866238,-0.0970442,1001.33,20913.9,-10.5688,9.77125,0.0110567,-0.0387493
4.18,1048,1.97327,13.8669,-0.086481,-0.0974834,1001.33,20898.5,-10.5645,9.75501,0.0122208,-0.0549943
4.19,1048,1.97241,13.8659,-0.0863545,-0.0981168,1001.32,20861,-10.5459,9.73959,0.0165401,-0.0704082
4.2,1048,1.97155,13.8649,-0.0863055,-0.0989523,1001.32,20821.3,-10.5568,9.71511,-0.00987203,-0.0948943
4.21,1048,1.97068,13.8639,-0.0863088,-0.0999453,1001.32,20792.5,-10.5266,9.70234,0.0104128,-0.107658
4.22,1048,1.96982,13.8629,-0.0863091,-0.101153,1001.32,20772.2,-10.5356,9.68268,-0.00425975,-0.127317
4.23,1048,1.96896,13.8619,-0.0862386,-0.1024,1001.32,20786.6,-10.5367,9.68589,0.00656925,-0.124109
4.24,1048,1.9681,13.8609,-0.0862397,-0.103649,1001.32,20799.8,-10.5465,9.68544,0.00802163,-0.124556
4.25,1048,1.96723,13.8598,-0.0860945,-0.104909,1001.32,20827.4,-10.5632,9.68402,0.010024,-0.125977
4.26,1048,1.96637,13.8588,-0.0859003,-0.106098,1001.32,20851.1,-10.5569,9.69529,0.0329444,-0.11471
4.27,1048,1.96552,13.8577,-0.0857219,-0.10731,1001.32,20849.3,-10.5902,9.68388,0.00325825,-0.12612
4.28,1048,1.96466,13.8566,-0.0855098,-0.10858,1001.32,20844.3,-10.5626,9.67787,0.0329653,-0.132128
4.29,1048,1.96381,13.8556,-0.0853443,-0.109977,1001.32,20817.9,-10.5777,9.665,0.00909838,-0.145
4.3,1048,1.96295,13.8544,-0.085195,-0.111523,1001.32,20794.8,-10.5706,9.64547,0.00903031,-0.16453
4.31,1048,1.9621,13.8533,-0.0851109,-0.113132,1001.32,20791.3,-10.5645,9.65505,0.0179966,-0.154951
4.32,1048,1.96125,13.8522,-0.0850371,-0.114728,1001.32,20812,-10.6082,9.64519,-0.0105925,-0.16481
4.33,1048,1.9604,13.851,-0.0849881,-0.116324,1001.32,20856,-10.5994,9.65966,0.0251657,-0.150336
4.34,1048,1.95955,13.8499,-0.0848392,-0.117679,1001.33,20922.8,-10.6557,9.69064,0.00748839,-0.119362
4.35,1048,1.9587,13.8487,-0.0846201,-0.11881,1001.33,20998.9,-10.6831,9.70032,0.0234555,-0.109679
4.36,1048,1.95786,13.8475,-0.0844954,-0.119774,1001.34,21049.6,-10.7167,9.72849,0.0202335,-0.0815122
4.37,1048,1.95701,13.8463,-0.0841974,-0.12054,1001.34,21104.4,-10.7477,9.7367,0.0218127,-0.0733022
4.38,1048,1.95617,13.8451,-0.0839641,-0.121192,1001.34,21126.7,-10.7515,9.74945,0.0340598,-0.0605523
4.39,1048,1.95534,13.8439,-0.0837662,-0.121879,1001.34,21126.7,-10.7873,9.73507,0.00285679,-0.0749252
4.4,1048,1.9545,13.8426,-0.083584,-0.122556,1001.34,21130.3,-10.7649,9.74913,0.0317051,-0.0608693
4.41,1048,1.95366,13.8414,-0.083409,-0.1232,1001.34,21134.3,-10.7947,9.74,0.00862016,-0.0700012
4.42,1048,1.95283,13.8402,-0.0832492,-0.123957,1001.34,21139.3,-10.7944,9.73127,0.0161036,-0.0787283
4.43,1048,1.952,13.8389,-0.0830616,-0.124643,1001.34,21163.8,-10.7981,9.75156,0.0294833,-0.0584364
4.44,1048,1.95117,13.8377,-0.0828394,-0.125272,1001.35,21196.9,-10.8431,9.74284,0.00601611,-0.0671587
4.45,1048,1.95034,13.8364,-0.0826827,-0.125845,1001.35,21226,-10.8381,9.76224,0.0304367,-0.0477602
4.46,1048,1.94952,13.8352,-0.0824403,-0.126294,1001.35,21266.8,-10.8752,9.77042,0.0188569,-0.0395821
4.47,1048,1.94869,13.8339,-0.08218,-0.126608,1001.35,21313.3,-10.897,9.78466,0.0254497,-0.0253355
4.48,1048,1.94787,13.8326,-0.0820157,-0.126812,1001.35,21343.6,-10.9228,9.79389,0.0197407,-0.0161122
4.49,1048,1.94705,13.8314,-0.0817102,-0.126957,1001.36,21382.9,-10.9365,9.79972,0.0307666,-0.0102827
4.5,1048,1.94624,13.8301,-0.0814449,-0.126978,1001.36,21405.6,-10.9547,9.81165,0.0288454,0.00164805
4.51,1048,1.94542,13.8288,-0.0811886,-0.12699,1001.36,21419.6,-10.9754,9.80801,0.0198595,-0.00198938
4.52,1048,1.94461,13.8275,-0.0809407,-0.127001,1001.36,21430.9,-10.9771,9.80813,0.0285966,-0.00187414
4.53,1048,1.94381,13.8263,-0.080747,-0.127003,1001.36,21435.5,-10.9979,9.8134,0.0147006,0.00339908
4.54,1048,1.943,13.825,-0.0805212,-0.12696,1001.36,21460.6,-11.0053,9.81425,0.0247997,0.00425393
4.55,1048,1.94219,13.8237,-0.0803259,-0.126904,1001.36,21485.2,-11.0293,9.81652,0.0179496,0.0065225
4.56,1048,1.94139,13.8225,-0.0801375,-0.126825,1001.36,21513,-11.0481,9.82153,0.0179936,0.0115314
4.57,1048,1.94059,13.8212,-0.0799305,-0.126666,1001.37,21540.2,-11.0586,9.82802,0.0260669,0.0180163
4.58,1048,1.93979,13.8199,-0.0796599,-0.12649,1001.37,21558.7,-11.0739,9.82769,0.0248618,0.0176892
4.59,1048,1.939,13.8187,-0.0793995,-0.126323,1001.37,21557.8,-11.0723,9.8243,0.0304666,0.0143048
4.6,1048,1.93821,13.8174,-0.0790659,-0.126205,1001.37,21547.6,-11.0696,9.81783,0.0325048,0.00782777
4.61,1048,1.93742,13.8161,-0.0787975,-0.12625,1001.36,21508.5,-11.0634,9.79116,0.023064,-0.018841
4.62,1048,1.93663,13.8149,-0.0785446,-0.126536,1001.36,21469.5,-11.0448,9.77442,0.0261276,-0.0355844
4.63,1048,1.93585,13.8136,-0.0783426,-0.126952,1001.36,21435.5,-11.044,9.76074,0.0139381,-0.0492622
4.64,1048,1.93506,13.8123,-0.0781951,-0.127562,1001.36,21412.3,-11.0308,9.73919,0.0196319,-0.0708079
4.65,1048,1.93428,13.8111,-0.0779582,-0.128278,1001.36,21418.4,-11.0343,9.73802,0.0236813,-0.0719799
4.66,1048,1.9335,13.8098,-0.0777652,-0.129034,1001.36,21428,-11.0511,9.73327,0.0163005,-0.0767304
4.67,1048,1.93273,13.8085,-0.0775566,-0.129748,1001.36,21453.7,-11.0584,9.74286,0.0267033,-0.0671423
4.68,1048,1.93195,13.8072,-0.0773137,-0.130427,1001.36,21479.8,-11.0833,9.7404,0.0197275,-0.0696017
4.69,1048,1.93118,13.8059,-0.0770812,-0.131128,1001.36,21495.8,-11.0891,9.73954,0.0265915,-0.0704592
4.7,1048,1.93041,13.8046,-0.076801,-0.131802,1001.36,21503,-11.0891,9.74832,0.0347991,-0.0616836
4.71,1048,1.92965,13.8032,-0.0764378,-0.13246,1001.36,21497.1,-11.0985,9.7292,0.0267584,-0.0808007
4.72,1048,1.92888,13.8019,-0.0762178,-0.13339,1001.36,21462.3,-11.0864,9.71635,0.0253368,-0.0936486
4.73,1048,1.92812,13.8006,-0.0759775,-0.134309,1001.36,21448.4,-11.0881,9.71089,0.0207806,-0.0991107
4.74,1048,1.92736,13.7992,-0.0758,-0.13546,1001.36,21423.9,-11.0892,9.68228,0.0113214,-0.127716
4.75,1048,1.92661,13.7979,-0.0756541,-0.136753,1001.36,21409.4,-11.0734,9.68299,0.0240167,-0.127013
4.76,1048,1.92585,13.7965,-0.0754396,-0.138035,1001.36,21421.8,-11.0923,9.67609,0.015946,-0.133906
4.77,1048,1.9251,13.7951,-0.075294,-0.139432,1001.36,21424.5,-11.1028,9.67117,0.0111594,-0.138833
4.78,1048,1.92434,13.7937,-0.075104,-0.140707,1001.36,21447.6,-11.0979,9.6881,0.032374,-0.121895
4.79,1048,1.92359,13.7923,-0.0748565,-0.142052,1001.36,21465.4,-11.1315,9.66606,0.0123589,-0.143936
4.8,1048,1.92285,13.7909,-0.0746445,-0.14338,1001.36,21475.1,-11.1202,9.6895,0.0330181,-0.120504
4.81,1048,1.9221,13.7894,-0.0743129,-0.144621,1001.36,21484.9,-11.1311,9.67471,0.0315025,-0.135293
4.82,1048,1.92136,13.788,-0.0740798,-0.146107,1001.36,21458.2,-11.14,9.65538,0.0130568,-0.154623
4.83,1048,1.92062,13.7865,-0.0738753,-0.147555,1001.36,21453.3,-11.1263,9.67183,0.0285282,-0.13817
4.84,1048,1.91988,13.785,-0.073732,-0.149078,1001.36,21446.3,-11.1543,9.64096,0.00113926,-0.169043
4.85,1048,1.91915,13.7835,-0.0736801,-0.150731,1001.36,21454.6,-11.1547,9.66064,0.00930294,-0.149365
4.86,1048,1.91841,13.782,-0.0735436,-0.152087,1001.37,21522.3,-11.1866,9.67586,0.0169902,-0.134138
4.87,1048,1.91767,13.7805,-0.0734778,-0.153499,1001.37,21563.6,-11.2292,9.67162,0.000125696,-0.138379
4.88,1048,1.91694,13.7789,-0.073321,-0.154652,1001.37,21634.8,-11.2432,9.71907,0.0274189,-0.0909331
4.89,1048,1.91621,13.7774,-0.0730945,-0.155448,1001.38,21713.2,-11.297,9.73325,0.018712,-0.0767457
4.9,1048,1.91548,13.7758,-0.0729622,-0.156222,1001.38,21741,-11.3259,9.73643,0.00863814,-0.0735739
4.91,1048,1.91475,13.7743,-0.0727813,-0.156893,1001.38,21768.8,-11.3283,9.7475,0.0249876,-0.0625012
4.92,1048,1.91402,13.7727,-0.072613,-0.157471,1001.38,21776.5,-11.349,9.75647,0.0126616,-0.0535289
4.93,1048,1.9133,13.7711,-0.0724798,-0.158007,1001.38,21779.1,-11.3607,9.75276,0.0066485,-0.0572448
4.94,1048,1.91257,13.7695,-0.0724703,-0.15868,1001.38,21781.9,-11.3684,9.73707,0.00469465,-0.0729303
4.95,1048,1.91185,13.7679,-0.0723923,-0.159278,1001.38,21807.3,-11.3856,9.76266,0.00503752,-0.0473404
4.96,1048,1.91112,13.7663,-0.0723788,-0.159808,1001.38,21828.3,-11.4095,9.75001,-0.00360417,-0.0599886
4.97,1048,1.9104,13.7647,-0.0723805,-0.160297,1001.39,21864.1,-11.4153,9.77873,0.0136418,-0.0312698
4.98,1048,1.90968,13.7631,-0.0722676,-0.160556,1001.39,21922.2,-11.4697,9.77994,-0.00607466,-0.0300618
4.99,1048,1.90895,13.7615,-0.0723047,-0.160816,1001.39,21958.8,-11.475,9.79823,0.0120463,-0.0117746
5,1048,1.90823,13.7599,-0.0721211,-0.160817,1001.4,22005.3,-11.4956,9.81351,0.0201417,0.00351467
5.01,1048,1.90751,13.7583,-0.0720062,-0.160814,1001.4,22021.1,-11.5324,9.80938,-0.00412246,-0.000622854
5.02,1048,1.90679,13.7567,-0.0720491,-0.160735,1001.4,22042.8,-11.543,9.82575,0.00104536,0.0157451
5.03,1048,1.90607,13.7551,-0.0720769,-0.160625,1001.4,22052.1,-11.554,9.81594,-0.000806305,0.00593661
5.04,1048,1.90535,13.7535,-0.072037,-0.160545,1001.4,22063.3,-11.5667,9.81958,-0.00318645,0.0095769
5.05,1048,1.90463,13.7519,-0.0720941,-0.160412,1001.4,22087.8,-11.584,9.82852,-0.00332708,0.0185224
5.06,1048,1.90391,13.7503,-0.0721976,-0.160221,1001.4,22110.9,-11.6077,9.83007,-0.0104901,0.0200745
5.07,1048,1.90319,13.7487,-0.0722786,-0.160003,1001.4,22134.4,-11.6311,9.83019,-0.0172734,0.02019
5.08,1048,1.90246,13.7471,-0.0723918,-0.159752,1001.41,22167,-11.631,9.84791,0.00438892,0.0379067
5.09,1048,1.90174,13.7455,-0.0724575,-0.159308,1001.41,22199.2,-11.6737,9.85316,-0.0169743,0.043159
5.1,1048,1.90101,13.7439,-0.0724972,-0.158883,1001.41,22217.8,-11.6728,9.85246,-0.00192798,0.0424634
5.11,1048,1.90029,13.7423,-0.0726238,-0.158489,1001.41,22221.6,-11.6792,9.85001,-0.00186337,0.0400079
5.12,1048,1.89956,13.7407,-0.0725916,-0.158098,1001.41,22215.9,-11.6916,9.84073,-0.012726,0.0307258
5.13,1048,1.89883,13.7391,-0.0726902,-0.157849,1001.41,22186.1,-11.6634,9.83518,0.00423611,0.0251843
5.14,1048,1.89811,13.7376,-0.0728368,-0.157753,1001.41,22151.2,-11.6914,9.79823,-0.0375982,-0.0117702
5.15,1048,1.89738,13.736,-0.0730078,-0.157788,1001.4,22135.8,-11.6478,9.81943,0.00238476,0.00942763
5.16,1048,1.89665,13.7344,-0.0731743,-0.157913,1001.4,22118,-11.6696,9.77424,-0.0243254,-0.0357643
5.17,1048,1.89591,13.7328,-0.0732336,-0.15816,1001.4,22120.6,-11.6584,9.79307,-0.00720755,-0.0169302
5.18,1048,1.89518,13.7312,-0.0734731,-0.158489,1001.4,22115.1,-11.6731,9.76854,-0.0203462,-0.041464
5.19,1048,1.89445,13.7297,-0.0736355,-0.158779,1001.4,22134.8,-11.6901,9.78496,-0.0224604,-0.0250445
5.2,1048,1.89371,13.7281,-0.0737308,-0.159107,1001.4,22145.7,-11.6813,9.7739,-0.00335532,-0.0361036
5.21,1048,1.89297,13.7265,-0.0739128,-0.159504,1001.4,22139.9,-11.699,9.76527,-0.0195936,-0.0447312
5.22,1048,1.89223,13.7249,-0.074011,-0.159887,1001.41,22148.7,-11.7098,9.77774,-0.0211131,-0.0322564
5.23,1048,1.89149,13.7233,-0.0742698,-0.160361,1001.4,22131.2,-11.7018,9.74902,-0.0178028,-0.0609847
5.24,1048,1.89075,13.7217,-0.0744091,-0.16091,1001.4,22127.3,-11.706,9.75733,-0.0194837,-0.05267
5.25,1048,1.89,13.7201,-0.0746106,-0.161566,1001.4,22117.1,-11.696,9.73984,-0.0102242,-0.0701619
5.26,1048,1.88925,13.7184,-0.0748025,-0.162261,1001.4,22108.4,-11.7289,9.72999,-0.0431451,-0.080014
5.27,1048,1.8885,13.7168,-0.0751008,-0.163117,1001.4,22095.4,-11.6827,9.72856,0.000850267,-0.0814354
5.28,1048,1.88775,13.7152,-0.0752867,-0.163946,1001.4,22097.2,-11.7309,9.71955,-0.0417714,-0.0904537
5.29,1048,1.887,13.7135,-0.0755098,-0.164875,1001.4,22100,-11.7137,9.71484,-0.018368,-0.0951588
5.3,1048,1.88624,13.7119,-0.075836,-0.165805,1001.4,22100,-11.7193,9.71709,-0.0192717,-0.0929086
5.31,1048,1.88548,13.7102,-0.0759977,-0.166813,1001.4,22113.6,-11.7502,9.70925,-0.0383132,-0.100755
5.32,1048,1.88472,13.7085,-0.0762468,-0.167724,1001.4,22127.4,-11.7255,9.71514,-0.00147583,-0.094858
5.33,1048,1.88396,13.7069,-0.0764871,-0.168776,1001.4,22121,-11.7668,9.71056,-0.0414504,-0.0994444
5.34,1048,1.88319,13.7052,-0.0766024,-0.169699,1001.4,22138.9,-11.7473,9.70841,-0.00774652,-0.101592
5.35,1048,1.88242,13.7035,-0.0769688,-0.170799,1001.4,22118.3,-11.7679,9.70699,-0.0344877,-0.10301
5.36,1048,1.88165,13.7018,-0.0771166,-0.171786,1001.4,22140.8,-11.7814,9.70147,-0.0312139,-0.108535
5.37,1048,1.88088,13.7,-0.077485,-0.172919,1001.4,22135.4,-11.7711,9.70735,-0.0189125,-0.102647
5.38,1048,1.88011,13.6983,-0.0777368,-0.173863,1001.41,22169.7,-11.8246,9.7092,-0.0493862,-0.100805
5.39,1048,1.87933,13.6966,-0.0780738,-0.174877,1001.41,22203.6,-11.8113,9.72351,-0.0133156,-0.0864871
5.4,1048,1.87854,13.6948,-0.0783594,-0.175634,1001.41,22251.3,-11.8757,9.73006,-0.0474633,-0.0799367
5.41,1048,1.87776,13.693,-0.0786661,-0.176395,1001.41,22295.2,-11.8759,9.75311,-0.0193527,-0.0568894
5.42,1048,1.87697,13.6913,-0.0789412,-0.176819,1001.42,22351.5,-11.9247,9.76664,-0.0333204,-0.043358
5.43,1048,1.87618,13.6895,-0.0792304,-0.177259,1001.42,22379.8,-11.9452,9.77649,-0.0337355,-0.0335107
5.44,1048,1.87539,13.6877,-0.0794698,-0.177483,1001.42,22421.6,-11.9508,9.78798,-0.0120055,-0.0220192
5.45,1048,1.87459,13.686,-0.0797858,-0.177741,1001.42,22422.3,-11.9996,9.78896,-0.055459,-0.0210381
5.46,1048,1.87379,13.6842,-0.0800126,-0.177856,1001.42,22451.6,-11.9645,9.79745,0.000367266,-0.012548
5.47,1048,1.87299,13.6824,-0.0804724,-0.178085,1001.42,22435.1,-12.0359,9.7894,-0.0746393,-0.0206002
5.48,1048,1.87218,13.6806,-0.0806826,-0.178124,1001.43,22489.8,-11.9949,9.81068,0.000534275,0.000682608
5.49,1048,1.87137,13.6788,-0.081235,-0.178242,1001.43,22485.3,-12.0635,9.79924,-0.0652668,-0.0107607
5.5,1048,1.87056,13.6771,-0.0813725,-0.178164,1001.43,22554.1,-12.0562,9.82581,-0.0160063,0.0158131
5.51,1048,1.86974,13.6753,-0.081935,-0.178052,1001.43,22563.8,-12.0878,9.82633,-0.0372048,0.0163301
5.52,1048,1.86892,13.6735,-0.0820794,-0.177758,1001.44,22625.4,-12.1344,9.845,-0.0456669,0.035001
5.53,1048,1.8681,13.6717,-0.0825827,-0.177398,1001.44,22641.8,-12.111,9.85159,-0.00816094,0.0415932
5.54,1048,1.86727,13.6699,-0.0827471,-0.176913,1001.44,22682.9,-12.1852,9.86269,-0.0550249,0.0526935
5.55,1048,1.86644,13.6682,-0.083139,-0.176384,1001.44,22699.8,-12.1547,9.86325,-0.0100872,0.0532524
5.56,1048,1.86561,13.6664,-0.0834628,-0.175805,1001.44,22710,-12.2023,9.87333,-0.0468279,0.0633281
5.57,1048,1.86478,13.6647,-0.0837614,-0.175212,1001.44,22730.2,-12.2035,9.86279,-0.0317605,0.0527881
5.58,1048,1.86394,13.6629,-0.084255,-0.174622,1001.44,22729.1,-12.2153,9.87745,-0.0387062,0.0674526
5.59,1048,1.86309,13.6612,-0.0845783,-0.173993,1001.44,22761.7,-12.2498,9.86759,-0.0502872,0.0575884
5.6,1048,1.86224,13.6594,-0.0850641,-0.173307,1001.44,22778.8,-12.2413,9.88685,-0.027022,0.0768494
5.61,1048,1.86139,13.6577,-0.0853829,-0.172575,1001.45,22817.3,-12.2891,9.88366,-0.0486444,0.0736617
5.62,1048,1.86053,13.656,-0.0858392,-0.171776,1001.45,22835.9,-12.29,9.89134,-0.0339161,0.0813425
5.63,1048,1.85967,13.6543,-0.0861079,-0.170932,1001.45,22861.5,-12.3032,9.89951,-0.0277965,0.0895146
5.64,1048,1.85881,13.6526,-0.0865356,-0.170095,1001.45,22852.5,-12.3263,9.8855,-0.0499844,0.0754971
5.65,1048,1.85794,13.6509,-0.0868146,-0.169325,1001.45,22851.4,-12.2989,9.88981,-0.0173844,0.0798059
5.66,1048,1.85707,13.6492,-0.0872656,-0.168644,1001.45,22813.6,-12.3236,9.86495,-0.0566321,0.0549483
5.67,1048,1.8562,13.6475,-0.0875356,-0.168127,1001.45,22803.7,-12.2943,9.85877,-0.0268461,0.0487717
5.68,1048,1.85532,13.6458,-0.0880853,-0.16772,1001.44,22763.5,-12.2976,9.84461,-0.0460531,0.0346145
5.69,1048,1.85444,13.6441,-0.0883859,-0.16745,1001.44,22767.5,-12.3157,9.82988,-0.0560957,0.0198775
5.7,1048,1.85355,13.6425,-0.0889615,-0.167217,1001.44,22755.4,-12.2839,9.83446,-0.02494,0.0244604
5.71,1048,1.85266,13.6408,-0.0892795,-0.16706,1001.44,22771.7,-12.3366,9.8234,-0.0629658,0.0133955
5.72,1048,1.85177,13.6391,-0.0897231,-0.166876,1001.45,22785.4,-12.3021,9.82443,-0.0151275,0.0144347
5.73,1048,1.85087,13.6375,-0.0900688,-0.16677,1001.45,22788.6,-12.3478,9.82555,-0.0531936,0.0155499
5.74,1048,1.84997,13.6358,-0.0904384,-0.166631,1001.45,22794.7,-12.3302,9.8142,-0.0263486,0.00420277
5.75,1048,1.84906,13.6341,-0.0908027,-0.166611,1001.45,22781.1,-12.3386,9.81602,-0.0359943,0.00601591
5.76,1048,1.84815,13.6325,-0.0912291,-0.166618,1001.44,22767.5,-12.3572,9.79826,-0.0558787,-0.0117412
5.77,1048,1.84723,13.6308,-0.0915992,-0.166765,1001.44,22762.9,-12.323,9.79311,-0.0181328,-0.0168925
5.78,1048,1.84632,13.6291,-0.0920766,-0.166997,1001.44,22740.1,-12.364,9.78428,-0.0652842,-0.0257211
5.79,1048,1.84539,13.6275,-0.0924536,-0.167297,1001.44,22749.8,-12.3411,9.76998,-0.0309968,-0.0400219
5.8,1048,1.84447,13.6258,-0.0929167,-0.167672,1001.44,22742.8,-12.3589,9.7805,-0.0463903,-0.0295029
5.81,1048,1.84354,13.6241,-0.0933703,-0.16804,1001.44,22752.5,-12.3751,9.76275,-0.0511616,-0.0472499
5.82,1048,1.8426,13.6224,-0.0937118,-0.168472,1001.44,22770.6,-12.3655,9.77164,-0.0254453,-0.0383637
5.83,1048,1.84166,13.6207,-0.0942014,-0.168881,1001.44,22767.9,-12.3996,9.76671,-0.0546989,-0.043289
5.84,1048,1.84072,13.619,-0.0945085,-0.169359,1001.45,22786.7,-12.3884,9.75926,-0.0269882,-0.0507371
5.85,1048,1.83977,13.6173,-0.0949924,-0.169798,1001.44,22774.7,-12.4013,9.77129,-0.0400511,-0.0387137
5.86,1048,1.83882,13.6156,-0.0952892,-0.170322,1001.45,22786.3,-12.4236,9.74418,-0.0496791,-0.0658181
5.87,1048,1.83786,13.6139,-0.0957456,-0.170882,1001.45,22782.3,-12.409,9.76229,-0.0307549,-0.0477115
5.88,1048,1.8369,13.6122,-0.0961835,-0.171458,1001.45,22788,-12.4399,9.74465,-0.0522131,-0.0653473
5.89,1048,1.83594,13.6105,-0.0965438,-0.172067,1001.45,22809,-12.4427,9.75567,-0.036981,-0.0543292
5.9,1048,1.83497,13.6088,-0.0970642,-0.172564,1001.45,22826.1,-12.4603,9.76037,-0.0388477,-0.0496263
5.91,1048,1.834,13.6071,-0.0974102,-0.173121,1001.45,22867.5,-12.5065,9.75777,-0.0559386,-0.0522289
5.92,1048,1.83302,13.6053,-0.0978894,-0.173446,1001.45,22906,-12.5064,9.78581,-0.0282474,-0.0241938
5.93,1048,1.83204,13.6036,-0.0982994,-0.173769,1001.46,22949.5,-12.5614,9.77956,-0.0529074,-0.030445
5.94,1048,1.83106,13.6018,-0.0986688,-0.173921,1001.46,23002,-12.5781,9.80334,-0.0342763,-0.00665683
5.95,1048,1.83007,13.6001,-0.0991728,-0.173964,1001.46,23029.1,-12.6042,9.8095,-0.0387818,-0.000497467
5.96,1048,1.82907,13.5984,-0.0994805,-0.173954,1001.46,23073.5,-12.646,9.8166,-0.0495622,0.00660479
5.97,1048,1.82808,13.5966,-0.0999188,-0.173776,1001.47,23097,-12.6443,9.82934,-0.0282105,0.0193389
5.98,1048,1.82708,13.5949,-0.100387,-0.173689,1001.47,23113.8,-12.6905,9.82063,-0.0582548,0.0106266
5.99,1048,1.82607,13.5932,-0.100735,-0.173426,1001.47,23158,-12.6965,9.84009,-0.033225,0.0300862
6,1048,1.82506,13.5914,-0.101316,-0.173175,1001.47,23163.7,-12.724,9.83568,-0.050537,0.0256847
6.01,1048,1.82405,13.5897,-0.101622,-0.17286,1001.47,23217.2,-12.7504,9.84927,-0.040693,0.0392738
6.02,1048,1.82303,13.588,-0.10211,-0.172413,1001.47,23245.8,-12.7726,9.85277,-0.040117,0.0427741
6.03,1048,1.822,13.5862,-0.102606,-0.172031,1001.48,23274.9,-12.8082,9.85826,-0.0527327,0.0482649
6.04,1048,1.82098,13.5845,-0.102912,-0.171377,1001.48,23334.5,-12.8312,9.87469,-0.0358592,0.0646897
6.05,1048,1.81994,13.5828,-0.103476,-0.170816,1001.48,23346.3,-12.8535,9.8698,-0.0444677,0.059798
6.06,1048,1.81891,13.5811,-0.103778,-0.170097,1001.48,23399.1,-12.8912,9.89034,-0.0458574,0.0803404
6.07,1048,1.81787,13.5794,-0.104295,-0.169313,1001.49,23418.7,-12.8956,9.88148,-0.0322225,0.0714827
6.08,1048,1.81682,13.5777,-0.104678,-0.168597,1001.49,23447,-12.9375,9.895,-0.0512358,0.0849976
6.09,1048,1.81577,13.576,-0.105069,-0.167668,1001.49,23481.1,-12.9577,9.89062,-0.0451812,0.080617
6.1,1048,1.81472,13.5744,-0.105612,-0.166937,1001.49,23494.9,-12.9635,9.89414,-0.0359087,0.084145
6.11,1048,1.81366,13.5727,-0.105926,-0.165989,1001.49,23539,-13.014,9.90374,-0.0546216,0.0937417
6.12,1048,1.8126,13.5711,-0.106495,-0.16513,1001.49,23553.1,-13.0075,9.89202,-0.0327596,0.0820216
6.13,1048,1.81153,13.5694,-0.106887,-0.164241,1001.5,23590.9,-13.0573,9.91176,-0.0541407,0.101764
6.14,1048,1.81046,13.5678,-0.107301,-0.163247,1001.5,23623.1,-13.0739,9.89142,-0.0452486,0.0814175
6.15,1048,1.80939,13.5661,-0.107826,-0.162413,1001.5,23636.1,-13.0765,9.91311,-0.0330456,0.10311
6.16,1048,1.80831,13.5645,-0.108118,-0.161374,1001.5,23672.7,-13.1251,9.89669,-0.0535971,0.0866899
6.17,1048,1.80722,13.5629,-0.108662,-0.160616,1001.5,23658.1,-13.0975,9.89042,-0.0262258,0.0804214
6.18,1048,1.80614,13.5613,-0.108976,-0.159718,1001.5,23675.9,-13.138,9.90202,-0.0490477,0.0920166
6.19,1048,1.80504,13.5597,-0.109398,-0.159004,1001.5,23665.4,-13.1401,9.85386,-0.0489934,0.0438616
6.2,1048,1.80395,13.5581,-0.1099,-0.158501,1001.5,23646.4,-13.1146,9.87991,-0.0260725,0.0699108
6.21,1048,1.80285,13.5565,-0.110186,-0.157927,1001.5,23659.6,-13.1662,9.8375,-0.0624278,0.0274982
6.22,1048,1.80174,13.555,-0.110799,-0.157712,1001.5,23630.1,-13.121,9.84492,-0.0254518,0.0349171
6.23,1048,1.80063,13.5534,-0.111102,-0.157322,1001.5,23659.3,-13.1744,9.83989,-0.0546573,0.0298856
6.24,1048,1.79952,13.5518,-0.11161,-0.157213,1001.5,23658.8,-13.1763,9.80884,-0.0487215,-0.00115848
6.25,1048,1.7984,13.5502,-0.112011,-0.157036,1001.5,23683.3,-13.1687,9.84555,-0.0193742,0.0355474
6.26,1048,1.79728,13.5487,-0.112354,-0.15691,1001.5,23700.6,-13.2359,9.79431,-0.0687484,-0.0156947
6.27,1048,1.79615,13.5471,-0.112834,-0.156924,1001.5,23706.2,-13.1807,9.83268,-0.00220938,0.0226773
6.28,1048,1.79502,13.5455,-0.113097,-0.15682,1001.5,23720,-13.2615,9.79595,-0.0670833,-0.0140497
6.29,1048,1.79389,13.544,-0.113585,-0.157024,1001.5,23703.5,-13.2218,9.79546,-0.0281065,-0.0145445
6.3,1048,1.79275,13.5424,-0.113903,-0.157075,1001.5,23721.2,-13.2466,9.80098,-0.0347823,-0.0090199
6.31,1048,1.79161,13.5408,-0.114407,-0.157441,1001.5,23705.8,-13.2793,9.75837,-0.0676036,-0.0516295
6.32,1048,1.79046,13.5393,-0.114769,-0.15772,1001.51,23730.6,-13.2348,9.79669,-0.000822818,-0.013309
6.33,1048,1.78931,13.5377,-0.115189,-0.158131,1001.51,23732.4,-13.3245,9.74805,-0.0809791,-0.0619476
6.34,1048,1.78816,13.5361,-0.115626,-0.158559,1001.51,23761.2,-13.2841,9.78383,-0.0160863,-0.0261714
6.35,1048,1.787,13.5345,-0.115989,-0.158931,1001.51,23781.4,-13.3355,9.75609,-0.0476191,-0.0539106
6.36,1048,1.78584,13.5329,-0.116413,-0.159504,1001.51,23791.7,-13.3449,9.76456,-0.0425841,-0.0454437
6.37,1048,1.78467,13.5313,-0.116683,-0.159811,1001.51,23832.3,-13.3464,9.77277,-0.0127393,-0.0372252
6.38,1048,1.78351,13.5297,-0.117165,-0.160464,1001.51,23815.7,-13.4003,9.73912,-0.0670899,-0.070883
6.39,1048,1.78233,13.5281,-0.117405,-0.160899,1001.51,23857.5,-13.3732,9.77562,-0.00785324,-0.0343796
6.4,1048,1.78116,13.5265,-0.117823,-0.161476,1001.51,23855.2,-13.4272,9.73571,-0.0543534,-0.0742899
6.41,1048,1.77998,13.5249,-0.118195,-0.162124,1001.51,23877.6,-13.4282,9.7614,-0.0338875,-0.0485961
6.42,1048,1.77879,13.5233,-0.118536,-0.162598,1001.52,23917.4,-13.4539,9.7487,-0.0284084,-0.0612976
6.43,1048,1.77761,13.5216,-0.119031,-0.163299,1001.52,23935.9,-13.498,9.7565,-0.0531472,-0.0535049
6.44,1048,1.77641,13.52,-0.119205,-0.163593,1001.52,24021.9,-13.5228,9.77413,-0.0206723,-0.0358729
6.45,1048,1.77522,13.5183,-0.119751,-0.164156,1001.52,24044.2,-13.5728,9.76074,-0.0490523,-0.0492633
6.46,1048,1.77402,13.5167,-0.119942,-0.164344,1001.53,24132,-13.6036,9.80676,-0.0213823,-0.00323879
6.47,1048,1.77282,13.5151,-0.120305,-0.164506,1001.53,24174.1,-13.6461,9.78148,-0.0309868,-0.0285211
6.48,1048,1.77161,13.5134,-0.12066,-0.16466,1001.54,24219.2,-13.6833,9.81998,-0.0335346,0.00998148
6.49,1048,1.77041,13.5118,-0.120831,-0.164532,1001.54,24283.6,-13.726,9.80173,-0.0306868,-0.00826689
6.5,1048,1.7692,13.5101,-0.121305,-0.164643,1001.54,24298.2,-13.7377,9.82437,-0.0247469,0.0143668
6.51,1048,1.76798,13.5085,-0.12142,-0.164382,1001.55,24370.6,-13.8033,9.82212,-0.0402065,0.0121213
6.52,1048,1.76677,13.5068,-0.121889,-0.164372,1001.55,24388.3,-13.8025,9.81983,-0.0199306,0.00982728
6.53,1048,1.76555,13.5052,-0.12208,-0.164104,1001.55,24453.2,-13.8607,9.84202,-0.0319384,0.032019
6.54,1048,1.76432,13.5036,-0.122413,-0.163901,1001.55,24493.3,-13.8993,9.82168,-0.0382759,0.011681
6.55,1048,1.7631,13.5019,-0.122715,-0.163558,1001.56,24547.7,-13.9019,9.87028,-0.000521306,0.0602751
6.56,1048,1.76187,13.5003,-0.122854,-0.163121,1001.56,24606.7,-14.005,9.83006,-0.0605034,0.0200641
6.57,1048,1.76064,13.4987,-0.123212,-0.162727,1001.56,24653.1,-13.964,9.87911,0.0164394,0.0691131
6.58,1048,1.75941,13.497,-0.123271,-0.162158,1001.57,24706.7,-14.0669,9.83989,-0.0462556,0.0298872
6.59,1048,1.75817,13.4954,-0.123597,-0.161774,1001.57,24725.4,-14.0478,9.87488,-0.00673064,0.0648842
6.6,1048,1.75694,13.4938,-0.123676,-0.161052,1001.57,24783,-14.0942,9.86796,-0.0105522,0.057958
6.61,1048,1.7557,13.4922,-0.123931,-0.160675,1001.57,24795.3,-14.147,9.85048,-0.0464712,0.040477
6.62,1048,1.75446,13.4906,-0.124051,-0.159976,1001.58,24854.8,-14.1249,9.88607,0.0194702,0.076072
6.63,1048,1.75322,13.489,-0.12429,-0.15955,1001.58,24876.4,-14.222,9.83762,-0.0553609,0.027623
6.64,1048,1.75197,13.4874,-0.12441,-0.158924,1001.58,24940.1,-14.1961,9.89522,0.0168241,0.0852193
6.65,1048,1.75073,13.4858,-0.124517,-0.158318,1001.58,24967.1,-14.2588,9.84888,-0.0203683,0.0388846
6.66,1048,1.74948,13.4842,-0.124607,-0.157817,1001.59,25008.2,-14.2904,9.87721,-0.0184745,0.0672146
6.67,1048,1.74824,13.4827,-0.124772,-0.157183,1001.59,25035.8,-14.2971,9.86056,0.000817742,0.0505626
6.68,1048,1.74699,13.4811,-0.124848,-0.156714,1001.59,25055,-14.3324,9.86321,-0.0133181,0.053213
6.69,1048,1.74574,13.4795,-0.124845,-0.15619,1001.59,25082.9,-14.3531,9.84672,-0.00785334,0.0367153
6.7,1048,1.74449,13.478,-0.125015,-0.155876,1001.59,25078,-14.3465,9.8512,0.00623494,0.0412024
6.71,1048,1.74324,13.4764,-0.124903,-0.155525,1001.59,25101.1,-14.3985,9.82283,-0.0222901,0.0128308
6.72,1048,1.74199,13.4748,-0.125094,-0.155493,1001.59,25079.5,-14.3543,9.82196,0.0198863,0.011962
6.73,1048,1.74074,13.4733,-0.124957,-0.155338,1001.59,25100.7,-14.4136,9.81129,-0.016959,0.00128563
6.74,1048,1.73949,13.4717,-0.125082,-0.155536,1001.59,25084.2,-14.3988,9.78051,-0.00126573,-0.0294909
6.75,1048,1.73824,13.4702,-0.125075,-0.155712,1001.59,25098.4,-14.3991,9.80312,0.0169031,-0.0068755
6.76,1048,1.73699,13.4686,-0.125016,-0.15602,1001.59,25106,-14.4614,9.74812,-0.0305791,-0.0618765
6.77,1048,1.73574,13.4671,-0.125094,-0.156537,1001.59,25107.4,-14.4006,9.78203,0.0413389,-0.0279714
6.78,1048,1.73449,13.4655,-0.124933,-0.156938,1001.59,25130.8,-14.498,9.73983,-0.0321498,-0.0701739
6.79,1048,1.73324,13.4639,-0.125056,-0.157728,1001.59,25126.1,-14.4498,9.74196,0.0237778,-0.0680449
6.8,1048,1.73199,13.4623,-0.124831,-0.158313,1001.59,25152.3,-14.4847,9.74512,0.0144164,-0.0648786
6.81,1048,1.73074,13.4608,-0.124819,-0.159197,1001.59,25140.9,-14.5218,9.70396,-0.0188514,-0.106038
6.82,1048,1.72949,13.4592,-0.12478,-0.160155,1001.59,25145,-14.4746,9.72677,0.0411627,-0.083226
6.83,1048,1.72825,13.4575,-0.124623,-0.161133,1001.59,25152.2,-14.5528,9.68996,-0.0223637,-0.120039
6.84,1048,1.727,13.4559,-0.124632,-0.162403,1001.59,25151.8,-14.5148,9.68587,0.0258286,-0.124133
6.85,1048,1.72575,13.4543,-0.124534,-0.163615,1001.6,25157.6,-14.5491,9.68838,0.00542452,-0.121622
6.86,1048,1.72451,13.4527,-0.12438,-0.164954,1001.6,25185.4,-14.5836,9.6567,-0.00248106,-0.153298
6.87,1048,1.72327,13.451,-0.124406,-0.166505,1001.6,25180.8,-14.5633,9.66894,0.0256316,-0.141061
6.88,1048,1.72202,13.4493,-0.124196,-0.16785,1001.6,25215.7,-14.619,9.66517,0.000723089,-0.144832
6.89,1048,1.72078,13.4476,-0.124087,-0.169512,1001.6,25228.1,-14.6196,9.6313,0.0177909,-0.178705
6.9,1048,1.71954,13.4459,-0.12403,-0.171173,1001.6,25228.8,-14.6315,9.66164,0.0169229,-0.148359
6.91,1048,1.7183,13.4442,-0.123725,-0.172736,1001.6,25269.6,-14.6757,9.6296,0.00692267,-0.180397
6.92,1048,1.71706,13.4425,-0.12374,-0.174667,1001.6,25250.5,-14.6579,9.6243,0.0242679,-0.185701
6.93,1048,1.71583,13.4407,-0.123493,-0.176394,1001.6,25283.5,-14.7049,9.63645,0.00698551,-0.173549
6.94,1048,1.71459,13.439,-0.123297,-0.178263,1001.61,25320.3,-14.7188,9.60982,0.0251007,-0.200182
6.95,1048,1.71336,13.4372,-0.123317,-0.180283,1001.61,25317.4,-14.7534,9.61911,-0.000587494,-0.190893
6.96,1048,1.71213,13.4353,-0.122985,-0.18202,1001.61,25399,-14.7788,9.63829,0.0320511,-0.171707
6.97,1048,1.7109,13.4335,-0.122864,-0.183954,1001.61,25430.2,-14.8251,9.60509,0.0145757,-0.204908
6.98,1048,1.70967,13.4317,-0.12273,-0.185799,1001.61,25469.7,-14.8577,9.65085,0.0156969,-0.159152
6.99,1048,1.70845,13.4298,-0.122348,-0.187393,1001.62,25558.7,-14.9048,9.62922,0.0312046,-0.180782
7,1048,1.70722,13.4279,-0.122371,-0.189293,1001.62,25558.8,-14.9386,9.64016,0.00813963,-0.169845
7.01,1048,1.706,13.426,-0.121866,-0.19068,1001.63,25658.1,-14.9738,9.67183,0.0416945,-0.138174
7.02,1048,1.70478,13.4241,-0.121793,-0.192416,1001.63,25664.3,-15.0166,9.6242,0.0132295,-0.185799
7.03,1048,1.70357,13.4222,-0.121512,-0.193918,1001.63,25710.8,-15.0345,9.68893,0.0332875,-0.121072
7.04,1048,1.70235,13.4202,-0.121128,-0.195319,1001.63,25769.4,-15.0899,9.63678,0.022846,-0.173221
7.05,1048,1.70114,13.4183,-0.121128,-0.197038,1001.63,25763.7,-15.1053,9.66728,0.0149086,-0.142719
7.06,1048,1.69993,13.4163,-0.120621,-0.198203,1001.64,25857.7,-15.145,9.68877,0.0411363,-0.121225
7.07,1048,1.69873,13.4143,-0.120482,-0.199741,1001.64,25877.9,-15.1905,9.64493,0.0181991,-0.16507
7.08,1048,1.69752,13.4123,-0.120232,-0.201047,1001.64,25931.9,-15.2215,9.71141,0.0297504,-0.0985937
7.09,1048,1.69633,13.4103,-0.119715,-0.202146,1001.65,26010.1,-15.2542,9.67661,0.0537437,-0.133393
7.1,1048,1.69513,13.4083,-0.11959,-0.203517,1001.65,26006.8,-15.3071,9.6939,0.00977992,-0.1161
7.11,1048,1.69394,13.4062,-0.119106,-0.204402,1001.65,26088.7,-15.3297,9.72194,0.0461174,-0.0880564
7.12,1048,1.69275,13.4042,-0.118827,-0.20561,1001.65,26096,-15.358,9.67217,0.0329399,-0.137834
7.13,1048,1.69156,13.4021,-0.11849,-0.206676,1001.66,26133.8,-15.3973,9.73244,0.0267345,-0.0775632
7.14,1048,1.69038,13.4,-0.118034,-0.207536,1001.66,26181.5,-15.4105,9.70463,0.0524205,-0.105366
7.15,1048,1.6892,13.3979,-0.117849,-0.208647,1001.66,26180.7,-15.4573,9.71226,0.0158873,-0.0977355
7.16,1048,1.68802,13.3959,-0.117336,-0.209404,1001.66,26260.7,-15.4829,9.73751,0.0483441,-0.0724949
7.17,1048,1.68685,13.3938,-0.117083,-0.2104,1001.66,26264.7,-15.5095,9.69557,0.0349362,-0.114434
7.18,1048,1.68568,13.3917,-0.116719,-0.211281,1001.67,26299.8,-15.5512,9.74815,0.0247761,-0.0618535
7.19,1048,1.68452,13.3895,-0.116247,-0.211928,1001.67,26340.8,-15.5534,9.72814,0.0575077,-0.0818602
7.2,1048,1.68335,13.3874,-0.116056,-0.212831,1001.67,26333.4,-15.6092,9.73021,0.00817283,-0.079794
7.21,1048,1.6822,13.3853,-0.115552,-0.213396,1001.67,26391.9,-15.6054,9.75762,0.0573321,-0.0523791
7.22,1048,1.68104,13.3831,-0.115175,-0.21424,1001.67,26381.5,-15.6244,9.70397,0.0429612,-0.106034
7.23,1048,1.67989,13.381,-0.114795,-0.215097,1001.67,26377.4,-15.6519,9.7482,0.0237461,-0.0618026
7.24,1048,1.67875,13.3788,-0.114343,-0.215788,1001.67,26378.8,-15.6211,9.72353,0.0660344,-0.0864675
7.25,1048,1.6776,13.3767,-0.114106,-0.21677,1001.67,26340,-15.6809,9.71101,-0.00614285,-0.0989894
7.26,1048,1.67646,13.3745,-0.113731,-0.217575,1001.67,26375.2,-15.6454,9.73699,0.0609364,-0.0730081
7.27,1048,1.67533,13.3723,-0.113346,-0.218579,1001.67,26371.5,-15.6831,9.68943,0.0317226,-0.120574
7.28,1048,1.6742,13.3701,-0.113056,-0.219599,1001.67,26378.2,-15.7094,9.73016,0.0200316,-0.0798448
7.29,1048,1.67307,13.3679,-0.112553,-0.220404,1001.67,26411.4,-15.6916,9.71606,0.0681508,-0.0939399
7.3,1048,1.67194,13.3657,-0.112425,-0.221475,1001.67,26379.2,-15.7569,9.70521,-0.00573955,-0.10479
7.31,1048,1.67082,13.3635,-0.111822,-0.222285,1001.68,26440.5,-15.7131,9.73938,0.0852303,-0.0706165
7.32,1048,1.66971,13.3613,-0.111506,-0.223255,1001.67,26398,-15.7792,9.68867,0.00437168,-0.12133
7.33,1048,1.66859,13.359,-0.111123,-0.224283,1001.67,26410.8,-15.7461,9.73301,0.0556739,-0.0769921
7.34,1048,1.66749,13.3568,-0.110616,-0.225207,1001.67,26400.2,-15.7732,9.68922,0.0326915,-0.120783
7.35,1048,1.66638,13.3545,-0.110566,-0.226471,1001.67,26356.1,-15.7758,9.69775,0.0141589,-0.11225
7.36,1048,1.66528,13.3523,-0.109916,-0.227363,1001.67,26413.8,-15.7737,9.72197,0.06125,-0.0880328
7.37,1048,1.66418,13.35,-0.109894,-0.228578,1001.67,26363.3,-15.7971,9.67504,0.0181349,-0.134956
7.38,1048,1.66308,13.3477,-0.109198,-0.22954,1001.68,26445.5,-15.82,9.74154,0.0548476,-0.0684552
7.39,1048,1.66199,13.3454,-0.10909,-0.230509,1001.67,26414.4,-15.8394,9.68248,0.0272864,-0.127525
7.4,1048,1.6609,13.3431,-0.108596,-0.231606,1001.68,26451.5,-15.8586,9.73219,0.0407238,-0.0778062
7.41,1048,1.65982,13.3408,-0.108152,-0.23235,1001.68,26470.1,-15.886,9.71188,0.0349131,-0.0981215
7.42,1048,1.65874,13.3384,-0.107958,-0.233497,1001.68,26436.2,-15.8704,9.70888,0.0404446,-0.101123
7.43,1048,1.65766,13.3361,-0.107359,-0.234187,1001.68,26482.6,-15.9268,9.74386,0.0222754,-0.066144
7.44,1048,1.65659,13.3338,-0.107184,-0.235236,1001.68,26452.7,-15.8783,9.69294,0.0631265,-0.117062
7.45,1048,1.65552,13.3314,-0.106722,-0.23606,1001.68,26486.2,-15.9701,9.74858,0.00183559,-0.0614246
7.46,1048,1.65445,13.329,-0.106408,-0.236872,1001.68,26525.5,-15.9332,9.71716,0.0727091,-0.0928421
7.47,1048,1.65339,13.3267,-0.106072,-0.237626,1001.68,26544.5,-16.0206,9.75332,0.00700607,-0.0566778
7.48,1048,1.65233,13.3243,-0.105645,-0.238182,1001.69,26617.1,-16.0311,9.74548,0.0506068,-0.0645229
7.49,1048,1.65128,13.3219,-0.105259,-0.23872,1001.69,26638.7,-16.0553,9.78262,0.0496784,-0.0273755
7.5,1048,1.65023,13.3195,-0.104816,-0.238975,1001.69,26695.4,-16.1361,9.7645,0.013385,-0.045503
7.51,1048,1.64918,13.3171,-0.104404,-0.239358,1001.69,26731.4,-16.1023,9.80529,0.079155,-0.00471094
7.52,1048,1.64814,13.3147,-0.104011,-0.239278,1001.7,26765.9,-16.1947,9.79969,0.0178804,-0.0103065
7.53,1048,1.6471,13.3123,-0.103529,-0.239527,1001.7,26819.8,-16.2057,9.80119,0.0496449,-0.00881285
7.54,1048,1.64607,13.3099,-0.103233,-0.23932,1001.7,26836.4,-16.2179,9.83877,0.0577865,0.0287664
7.55,1048,1.64504,13.3075,-0.102613,-0.239236,1001.71,26904,-16.3168,9.80434,0.0100031,-0.00566372
7.56,1048,1.64401,13.3051,-0.102407,-0.238994,1001.71,26906.6,-16.2674,9.87491,0.0711247,0.0649071
7.57,1048,1.64299,13.3028,-0.101746,-0.238444,1001.71,26985.4,-16.359,9.83478,0.0374949,0.0247818
7.58,1048,1.64198,13.3004,-0.101484,-0.238188,1001.71,27006.1,-16.4069,9.85887,0.012305,0.0488709
7.59,1048,1.64096,13.298,-0.101069,-0.237431,1001.72,27064.3,-16.3545,9.89898,0.110209,0.0889825
7.6,1048,1.63996,13.2956,-0.100304,-0.23669,1001.72,27138,-16.5423,9.86467,-0.0227286,0.05467
7.61,1048,1.63895,13.2933,-0.100236,-0.236011,1001.72,27128,-16.4012,9.90862,0.12243,0.0986162
7.62,1048,1.63796,13.2909,-0.0992937,-0.234968,1001.72,27206.6,-16.591,9.89894,-0.00950981,0.0889431
7.63,1048,1.63696,13.2886,-0.0993163,-0.234105,1001.72,27193.5,-16.5225,9.91296,0.0610303,0.102957
7.64,1048,1.63597,13.2862,-0.0985087,-0.232962,1001.73,27268.2,-16.5736,9.92539,0.065519,0.115386
7.65,1048,1.63499,13.2839,-0.0982882,-0.231884,1001.73,27277.3,-16.6683,9.91105,-0.0136615,0.101048
7.66,1048,1.63401,13.2816,-0.0976864,-0.230772,1001.73,27343.5,-16.5765,9.93699,0.128567,0.12699
7.67,1048,1.63304,13.2793,-0.0973422,-0.229475,1001.73,27344.3,-16.764,9.93615,-0.048526,0.126148
7.68,1048,1.63206,13.277,-0.096879,-0.228192,1001.74,27403,-16.6293,9.94433,0.132002,0.134333
7.69,1048,1.6311,13.2747,-0.0964301,-0.226814,1001.74,27407.6,-16.7986,9.95072,-0.0245877,0.140725
7.7,1048,1.63013,13.2725,-0.0961499,-0.22543,1001.74,27455.8,-16.7515,9.94183,0.0618679,0.13183
7.71,1048,1.62918,13.2702,-0.0955207,-0.224065,1001.74,27482,-16.7873,9.95723,0.052018,0.147231
7.72,1048,1.62822,13.268,-0.0954199,-0.222638,1001.74,27459.6,-16.8416,9.93919,-0.00612185,0.129186
7.73,1048,1.62727,13.2658,-0.0946748,-0.221256,1001.74,27522.4,-16.7776,9.96803,0.106233,0.158029
7.74,1048,1.62633,13.2636,-0.0946678,-0.219832,1001.74,27468.3,-16.8955,9.92339,-0.0350533,0.113387
7.75,1048,1.62538,13.2614,-0.0940473,-0.218584,1001.75,27533.7,-16.8115,9.96005,0.0987984,0.15005
7.76,1048,1.62444,13.2592,-0.0938221,-0.21722,1001.74,27492.2,-16.9049,9.92104,-0.0102953,0.111042
7.77,1048,1.6235,13.257,-0.0934914,-0.21604,1001.74,27513.2,-16.8639,9.94482,0.0534383,0.134824
7.78,1048,1.62257,13.2549,-0.0930459,-0.214798,1001.74,27507.4,-16.9007,9.92012,0.0227031,0.110115
7.79,1048,1.62164,13.2527,-0.0930024,-0.213729,1001.74,27479.5,-16.8835,9.91235,0.0325008,0.102354
7.8,1048,1.62072,13.2506,-0.0924336,-0.212769,1001.74,27508.4,-16.9247,9.91012,0.0187862,0.100121
7.81,1048,1.61979,13.2485,-0.0924588,-0.211729,1001.74,27465.6,-16.8693,9.90758,0.0574989,0.0975843
7.82,1048,1.61887,13.2464,-0.0919611,-0.210934,1001.74,27497.1,-16.9902,9.87884,-0.0343504,0.0688443
7.83,1048,1.61795,13.2443,-0.0920254,-0.210087,1001.74,27476,-16.852,9.91548,0.100449,0.105478
7.84,1048,1.61703,13.2422,-0.0914741,-0.209231,1001.74,27506,-17.0284,9.86103,-0.0477547,0.0510264
7.85,1048,1.61612,13.2401,-0.0915302,-0.208644,1001.74,27482.5,-16.8929,9.90276,0.0828376,0.092758
7.86,1048,1.6152,13.238,-0.0910806,-0.207813,1001.74,27487.6,-17.0142,9.85408,-0.0257753,0.044079
7.87,1048,1.61429,13.2359,-0.0911955,-0.207401,1001.74,27463.6,-16.958,9.88105,0.0252948,0.0710547
7.88,1048,1.61338,13.2338,-0.0907818,-0.206699,1001.74,27481.5,-16.9849,9.85189,0.018973,0.0418925
7.89,1048,1.61247,13.2318,-0.090948,-0.206408,1001.74,27442.9,-17.0091,9.84879,-0.0195047,0.0387889
7.9,1048,1.61157,13.2297,-0.0905316,-0.205878,1001.74,27482.6,-16.9728,9.86521,0.0508914,0.0552107
7.91,1048,1.61066,13.2277,-0.0906834,-0.205555,1001.74,27449.4,-17.0414,9.81876,-0.0286294,0.00876243
7.92,1048,1.60975,13.2256,-0.0904572,-0.205314,1001.74,27477.7,-17.0162,9.86591,0.023563,0.0559099
7.93,1048,1.60885,13.2235,-0.0903656,-0.204778,1001.74,27484.9,-17.0183,9.8345,0.0356219,0.0244999
7.94,1048,1.60795,13.2215,-0.090353,-0.204728,1001.74,27471.7,-17.1224,9.82462,-0.0671468,0.0146221
7.95,1048,1.60704,13.2195,-0.0902446,-0.204217,1001.74,27510.6,-16.9736,9.87865,0.115388,0.0686456
7.96,1048,1.60614,13.2174,-0.09012,-0.203952,1001.74,27485.4,-17.1903,9.79303,-0.107412,-0.0169676
7.97,1048,1.60524,13.2154,-0.0902386,-0.203828,1001.74,27507.3,-17.007,9.8768,0.0990802,0.066801
7.98,1048,1.60434,13.2133,-0.08998,-0.20329,1001.74,27521.8,-17.1731,9.8154,-0.0483484,0.00540196
7.99,1048,1.60344,13.2113,-0.0903064,-0.203357,1001.74,27511.7,-17.1437,9.83191,-0.0156044,0.0219127
8,1048,1.60254,13.2093,-0.0899931,-0.202753,1001.75,27581.1,-17.1307,9.87741,0.0501345,0.0674126
8.01,1048,1.60163,13.2073,-0.0903355,-0.202486,1001.75,27558.7,-17.2584,9.81015,-0.0817565,0.000153646
8.02,1048,1.60073,13.2052,-0.0901209,-0.202111,1001.75,27644.3,-17.1627,9.89221,0.0768701,0.0822062
8.03,1048,1.59983,13.2032,-0.0902751,-0.201354,1001.75,27653.4,-17.3062,9.85554,-0.0512509,0.0455398
8.04,1048,1.59893,13.2012,-0.0902386,-0.20103,1001.76,27714.7,-17.2977,9.85661,0.00521035,0.0466133
8.05,1048,1.59802,13.1992,-0.0903427,-0.200105,1001.76,27729.8,-17.297,9.92544,0.0250996,0.11544
8.06,1048,1.59712,13.1972,-0.0902413,-0.199381,1001.76,27784.4,-17.4107,9.84503,-0.0446848,0.0350276
8.07,1048,1.59622,13.1952,-0.0904994,-0.198656,1001.76,27784.3,-17.3568,9.92747,0.0189301,0.117467
8.08,1048,1.59531,13.1932,-0.0903822,-0.197558,1001.76,27844.2,-17.4188,9.89509,0.004222,0.0850895
8.09,1048,1.59441,13.1913,-0.0906064,-0.196845,1001.76,27847.9,-17.5027,9.88365,-0.0674656,0.0736457
8.1,1048,1.5935,13.1893,-0.0906815,-0.195734,1001.77,27905.6,-17.4132,9.95413,0.0679907,0.144134
8.11,1048,1.5926,13.1873,-0.090735,-0.194586,1001.77,27939.2,-17.6073,9.88372,-0.0951086,0.0737221
8.12,1048,1.59169,13.1854,-0.090961,-0.193651,1001.77,27980.6,-17.4847,9.94763,0.0634052,0.137631
8.13,1048,1.59078,13.1835,-0.0907967,-0.192139,1001.78,28044,-17.6256,9.94883,-0.0277538,0.138834
8.14,1048,1.58987,13.1816,-0.0910673,-0.191047,1001.78,28051.1,-17.6563,9.90296,-0.0439395,0.0929592
8.15,1048,1.58896,13.1796,-0.0910504,-0.189697,1001.78,28101.7,-17.5928,9.98905,0.0613972,0.179046
8.16,1048,1.58805,13.1778,-0.0910507,-0.188177,1001.78,28131.6,-17.7625,9.91485,-0.0794251,0.10485
8.17,1048,1.58714,13.1759,-0.091304,-0.187109,1001.78,28136,-17.651,9.94772,0.0449981,0.137725
8.18,1048,1.58622,13.174,-0.0911415,-0.185486,1001.79,28188,-17.7493,9.96996,-0.0104582,0.159958
8.19,1048,1.58531,13.1722,-0.0914375,-0.184299,1001.79,28188.2,-17.815,9.89969,-0.0658553,0.089688
8.2,1048,1.5844,13.1703,-0.0914421,-0.182962,1001.79,28241,-17.7091,9.99507,0.0835032,0.185067
8.21,1048,1.58348,13.1685,-0.0913838,-0.181418,1001.79,28279.8,-17.92,9.91091,-0.0926979,0.100908
8.22,1048,1.58257,13.1667,-0.0916418,-0.180346,1001.79,28296.3,-17.784,9.95411,0.0639466,0.144106
8.23,1048,1.58165,13.1649,-0.0913341,-0.178743,1001.8,28351.2,-17.9034,9.95687,-0.0104639,0.146868
8.24,1048,1.58074,13.1631,-0.0915971,-0.177614,1001.8,28334.9,-17.9379,9.90603,-0.044901,0.0960265
8.25,1048,1.57982,13.1614,-0.0913488,-0.17632,1001.8,28377.7,-17.8423,9.96731,0.0880934,0.157309
8.26,1048,1.57891,13.1596,-0.0913933,-0.175126,1001.8,28354.4,-18.0189,9.8872,-0.0928534,0.077201
8.27,1048,1.57799,13.1579,-0.0914507,-0.174209,1001.8,28372.3,-17.8657,9.9254,0.0820187,0.115397
8.28,1048,1.57708,13.1561,-0.0911755,-0.173166,1001.8,28373.2,-17.9794,9.89217,-0.0207351,0.0821696
8.29,1048,1.57617,13.1544,-0.0913725,-0.172473,1001.8,28357.4,-17.985,9.87674,-0.0259307,0.0667368
8.3,1048,1.57526,13.1527,-0.0910317,-0.171658,1001.8,28395.5,-17.9095,9.89562,0.0841055,0.085618
8.31,1048,1.57435,13.151,-0.0910752,-0.171173,1001.8,28353.5,-18.059,9.82987,-0.0816338,0.0198719
8.32,1048,1.57344,13.1492,-0.0910096,-0.170744,1001.8,28380.7,-17.9154,9.87537,0.0896311,0.0653729
8.33,1048,1.57253,13.1475,-0.0906146,-0.170237,1001.8,28382.9,-18.0167,9.83737,0.000139089,0.0273685
8.34,1048,1.57162,13.1458,-0.0906789,-0.170155,1001.8,28354,-18.0376,9.80768,-0.0286457,-0.0023175
8.35,1048,1.57072,13.1441,-0.090406,-0.170029,1001.8,28369.9,-17.9466,9.83043,0.0827882,0.0204268
8.36,1048,1.56981,13.1424,-0.0902989,-0.170155,1001.8,28332,-18.0608,9.77448,-0.0451391,-0.0355171
8.37,1048,1.56891,13.1407,-0.0900806,-0.170307,1001.8,28350.8,-17.9739,9.80557,0.064079,-0.00442868
8.38,1048,1.56801,13.139,-0.0898654,-0.17052,1001.8,28330.7,-18.0214,9.77159,0.014101,-0.0384093
8.39,1048,1.56711,13.1373,-0.0897096,-0.171087,1001.8,28326.7,-18.0604,9.74187,-0.017057,-0.0681283
8.4,1048,1.56622,13.1356,-0.0895244,-0.171601,1001.8,28330.4,-17.9924,9.76626,0.0635863,-0.0437419
8.41,1048,1.56532,13.1339,-0.0893467,-0.172263,1001.79,28313.6,-18.0637,9.73177,-0.00809107,-0.0782311
8.42,1048,1.56443,13.1322,-0.0890775,-0.173018,1001.8,28327.6,-18.0576,9.7244,0.0173,-0.0855994
8.43,1048,1.56354,13.1304,-0.0890332,-0.173893,1001.79,28301.9,-18.0311,9.73406,0.0377068,-0.0759447
8.44,1048,1.56265,13.1287,-0.0887569,-0.174776,1001.79,28324.9,-18.0987,9.70111,-0.00499172,-0.108895
8.45,1048,1.56176,13.1269,-0.0885165,-0.175863,1001.79,28322.5,-18.0639,9.69903,0.038489,-0.110969
8.46,1048,1.56088,13.1252,-0.0884513,-0.176971,1001.79,28291.8,-18.0848,9.707,0.00827996,-0.102999
8.47,1048,1.56,13.1234,-0.0883518,-0.178204,1001.79,28306.2,-18.1367,9.65699,-0.0241186,-0.15301
8.48,1048,1.55911,13.1216,-0.0882571,-0.179504,1001.79,28313.5,-18.0629,9.71157,0.0645833,-0.0984343
8.49,1048,1.55823,13.1198,-0.0879486,-0.180646,1001.8,28334,-18.1472,9.6753,0.00367909,-0.134702
8.5,1048,1.55735,13.118,-0.0878756,-0.182154,1001.79,28326.3,-18.1773,9.64177,-0.0212045,-0.168228
8.51,1048,1.55647,13.1162,-0.0879475,-0.183542,1001.8,28334.2,-18.1227,9.70809,0.0487797,-0.101908
8.52,1048,1.55559,13.1143,-0.0877236,-0.184842,1001.8,28372.2,-18.2305,9.64615,-0.0244302,-0.16385
8.53,1048,1.55472,13.1125,-0.0877698,-0.186419,1001.8,28369.5,-18.2109,9.66373,0.00371099,-0.146274
8.54,1048,1.55384,13.1106,-0.0877907,-0.187765,1001.8,28398.4,-18.2231,9.68806,0.0203455,-0.121935
8.55,1048,1.55296,13.1087,-0.0876838,-0.189113,1001.8,28446.3,-18.3045,9.65989,-0.0200025,-0.15011
8.56,1048,1.55208,13.1068,-0.0878534,-0.190565,1001.8,28451.5,-18.2989,9.67076,-0.000750931,-0.139239
8.57,1048,1.55121,13.1049,-0.0877328,-0.191824,1001.81,28502.2,-18.315,9.70495,0.0260672,-0.105051
8.58,1048,1.55033,13.103,-0.0877972,-0.193018,1001.81,28534.7,-18.4222,9.66014,-0.0497778,-0.149862
8.59,1048,1.54945,13.101,-0.088026,-0.194395,1001.81,28561.9,-18.3815,9.70738,0.0188365,-0.102622
8.6,1048,1.54857,13.0991,-0.0879446,-0.195335,1001.81,28622.4,-18.4612,9.70501,-0.0115283,-0.10499
8.61,1048,1.54769,13.0971,-0.0880956,-0.196461,1001.81,28636.3,-18.4836,9.69764,-0.014511,-0.112356
8.62,1048,1.54681,13.0952,-0.0882334,-0.197535,1001.82,28662.4,-18.5167,9.71408,-0.0202404,-0.095917
8.63,1048,1.54593,13.0932,-0.0884004,-0.198382,1001.82,28710.9,-18.5537,9.72061,-0.0154288,-0.0893939
8.64,1048,1.54504,13.0912,-0.0887277,-0.19938,1001.82,28728.9,-18.5892,9.71779,-0.0286948,-0.0922076
8.65,1048,1.54415,13.0892,-0.0888767,-0.200139,1001.82,28784.3,-18.6309,9.74009,-0.023999,-0.0699097
8.66,1048,1.54326,13.0872,-0.0891184,-0.200828,1001.83,28827.1,-18.6684,9.74327,-0.0231887,-0.0667274
8.67,1048,1.54237,13.0852,-0.0894443,-0.201475,1001.83,28858.1,-18.7011,9.74871,-0.0250727,-0.0612874
8.68,1048,1.54147,13.0832,-0.0897857,-0.202052,1001.83,28890.8,-18.7615,9.75617,-0.0534234,-0.05383
8.69,1048,1.54057,13.0811,-0.0900846,-0.202486,1001.83,28937.1,-18.766,9.77763,-0.016972,-0.0323743
8.7,1048,1.53967,13.0791,-0.0904275,-0.202851,1001.83,28957.8,-18.8065,9.76409,-0.0331924,-0.0459146
8.71,1048,1.53876,13.0771,-0.0909649,-0.203274,1001.84,28974,-18.8693,9.77713,-0.0743874,-0.0328698
8.72,1048,1.53785,13.075,-0.0914168,-0.203508,1001.84,29020.3,-18.8768,9.79592,-0.0407553,-0.0140786
8.73,1048,1.53694,13.073,-0.0917909,-0.203624,1001.84,29055.6,-18.8851,9.7929,-0.0148745,-0.0171007
8.74,1048,1.53602,13.071,-0.0923439,-0.203802,1001.84,29077.8,-18.9757,9.80184,-0.0798095,-0.00816164
8.75,1048,1.53509,13.0689,-0.0928919,-0.20385,1001.84,29117.9,-19.0014,9.80391,-0.0680672,-0.00609064
8.76,1048,1.53416,13.0669,-0.0934368,-0.203825,1001.85,29143.6,-18.9898,9.8183,-0.0283451,0.00829519
8.77,1048,1.53322,13.0649,-0.0941002,-0.203725,1001.85,29172.3,-19.064,9.82967,-0.0722654,0.0196702
8.78,1048,1.53228,13.0628,-0.0946234,-0.20354,1001.85,29204.5,-19.0917,9.82201,-0.0674128,0.0120147
8.79,1048,1.53133,13.0608,-0.0951444,-0.203303,1001.85,29217.7,-19.0826,9.84047,-0.0378809,0.0304731
8.8,1048,1.53037,13.0588,-0.0958819,-0.203058,1001.85,29228.9,-19.1424,9.83731,-0.0785022,0.0273073
8.81,1048,1.52941,13.0567,-0.0965136,-0.202866,1001.85,29239.2,-19.155,9.81582,-0.0723813,0.00581926
8.82,1048,1.52844,13.0547,-0.0970858,-0.20262,1001.85,29248.7,-19.1526,9.8511,-0.0517582,0.0411013
8.83,1048,1.52747,13.0527,-0.097896,-0.20234,1001.85,29254.8,-19.1975,9.83351,-0.0804722,0.0235063
8.84,1048,1.52648,13.0506,-0.0986927,-0.202056,1001.85,29269.2,-19.2307,9.83561,-0.0919418,0.0256125
8.85,1048,1.52549,13.0486,-0.0992976,-0.201727,1001.86,29293.8,-19.2098,9.84851,-0.0425202,0.0385068
8.86,1048,1.5245,13.0466,-0.0999942,-0.201475,1001.86,29298.9,-19.2503,9.8321,-0.0672147,0.0221032
8.87,1048,1.52349,13.0446,-0.100751,-0.20119,1001.86,29317.2,-19.323,9.83228,-0.1153,0.0222805
8.88,1048,1.52248,13.0426,-0.101569,-0.200862,1001.86,29325.8,-19.2564,9.86059,-0.0303466,0.0505935
8.89,1048,1.52146,13.0406,-0.102183,-0.200503,1001.86,29348.8,-19.343,9.83101,-0.0889729,0.0210149
8.9,1048,1.52044,13.0386,-0.102985,-0.200243,1001.86,29352.9,-19.3612,9.83543,-0.0914611,0.0254309
8.91,1048,1.5194,13.0366,-0.103629,-0.199966,1001.86,29367.8,-19.3141,9.84854,-0.0215328,0.0385379
8.92,1048,1.51837,13.0346,-0.104359,-0.199667,1001.86,29372.2,-19.4271,9.82269,-0.118341,0.0126865
8.93,1048,1.51732,13.0326,-0.105166,-0.199469,1001.86,29396.7,-19.4086,9.84191,-0.0704837,0.0319132
8.94,1048,1.51626,13.0306,-0.105894,-0.199185,1001.86,29421.2,-19.4184,9.83401,-0.0507979,0.0240095
8.95,1048,1.5152,13.0286,-0.106572,-0.198908,1001.87,29458.2,-19.4872,9.84264,-0.0816614,0.0326402
8.96,1048,1.51413,13.0266,-0.107097,-0.198566,1001.87,29508.9,-19.5185,9.84407,-0.0658789,0.0340694
8.97,1048,1.51306,13.0246,-0.107948,-0.198259,1001.87,29503.3,-19.509,9.83708,-0.0462801,0.0270755
8.98,1048,1.51197,13.0226,-0.10845,-0.19791,1001.87,29551.7,-19.6164,9.84973,-0.10788,0.0397269
8.99,1048,1.51089,13.0207,-0.109201,-0.197572,1001.87,29557.6,-19.5527,9.8421,-0.0261626,0.0320997
9,1048,1.50979,13.0187,-0.109769,-0.19715,1001.88,29604,-19.6314,9.85789,-0.0601447,0.0478907
9.01,1048,1.50869,13.0167,-0.110348,-0.196797,1001.88,29641.1,-19.7086,9.83911,-0.0985357,0.0291082
9.02,1048,1.50758,13.0148,-0.110976,-0.196436,1001.88,29657.5,-19.6179,9.85097,0.0174393,0.040966
9.03,1048,1.50647,13.0128,-0.111404,-0.195974,1001.88,29727.4,-19.8278,9.86137,-0.131779,0.0513656
9.04,1048,1.50535,13.0108,-0.11204,-0.195517,1001.89,29757.9,-19.7348,9.84915,-0.00398902,0.0391469
9.05,1048,1.50423,13.0089,-0.112547,-0.195037,1001.89,29802.1,-19.8215,9.86948,-0.0466765,0.0594813
9.06,1048,1.5031,13.0069,-0.112953,-0.194443,1001.89,29890.7,-19.935,9.87286,-0.0865909,0.062863
9.07,1048,1.50197,13.005,-0.113363,-0.19379,1001.9,29927.7,-19.8603,9.86734,0.0275962,0.0573405
9.08,1048,1.50084,13.0031,-0.113787,-0.193146,1001.9,29975.9,-20.0275,9.89369,-0.0925966,0.0836868
9.09,1048,1.4997,13.0011,-0.114027,-0.192333,1001.9,30050.5,-20.0212,9.87898,-0.0215474,0.0689834
9.1,1048,1.49855,12.9992,-0.114665,-0.191585,1001.9,30066.5,-20.045,9.89108,-0.0194213,0.0810781
9.11,1048,1.49741,12.9973,-0.114812,-0.190743,1001.91,30182.3,-20.1914,9.90305,-0.0735477,0.0930467
9.12,1048,1.49626,12.9954,-0.115024,-0.189711,1001.92,30232.9,-20.1254,9.91038,0.0416948,0.100382
9.13,1048,1.49511,12.9935,-0.115384,-0.188807,1001.92,30282.3,-20.2841,9.89935,-0.068656,0.0893511
9.14,1048,1.49395,12.9916,-0.115588,-0.187819,1001.92,30353.5,-20.3116,9.9219,-0.0329797,0.111899
9.15,1048,1.49279,12.9898,-0.115789,-0.1866,1001.93,30410,-20.2845,9.92935,0.0476003,0.119349
9.16,1048,1.49164,12.9879,-0.115851,-0.185399,1001.93,30494.2,-20.4959,9.93353,-0.0918294,0.123529
9.17,1048,1.49048,12.986,-0.116053,-0.184214,1001.93,30529.3,-20.4086,9.92479,0.0348146,0.114792
9.18,1048,1.48931,12.9842,-0.11624,-0.18299,1001.94,30591.4,-20.5111,9.94508,-0.0102879,0.135081
9.19,1048,1.48815,12.9824,-0.116086,-0.181607,1001.94,30682.1,-20.6028,9.9505,-0.0252222,0.140504
9.2,1048,1.48699,12.9806,-0.116157,-0.180193,1001.94,30703.4,-20.5707,9.94039,0.0371898,0.130394
9.21,1048,1.48583,12.9788,-0.116367,-0.178971,1001.95,30741,-20.7145,9.93894,-0.0652326,0.128945
9.22,1048,1.48467,12.977,-0.116209,-0.177503,1001.95,30820.7,-20.6712,9.96558,0.0476995,0.155578
9.23,1048,1.4835,12.9752,-0.116232,-0.175996,1001.95,30861.1,-20.7597,9.95087,0.00256473,0.140874
9.24,1048,1.48234,12.9735,-0.116232,-0.174698,1001.96,30902.4,-20.8465,9.94267,-0.0401414,0.132668
9.25,1048,1.48118,12.9717,-0.116097,-0.17318,1001.96,30937,-20.7727,9.96607,0.0731732,0.156075
9.26,1048,1.48002,12.97,-0.116111,-0.171774,1001.96,30994.3,-20.9466,9.9438,-0.0457997,0.1338
9.27,1048,1.47886,12.9683,-0.11593,-0.170412,1001.97,31045.6,-20.9273,9.94643,0.0244829,0.136433
9.28,1048,1.4777,12.9666,-0.115824,-0.168988,1001.97,31040.3,-20.9095,9.94727,0.0551607,0.137266
9.29,1048,1.47654,12.9649,-0.115655,-0.167737,1001.97,31099.5,-21.0826,9.93532,-0.0616407,0.125319
9.3,1048,1.47539,12.9633,-0.115495,-0.166419,1001.97,31128.2,-20.9722,9.93525,0.0846056,0.125252
9.31,1048,1.47423,12.9616,-0.115315,-0.165232,1001.97,31130.1,-21.0658,9.93412,0.00877388,0.124122
9.32,1048,1.47308,12.9599,-0.114978,-0.16415,1001.97,31158.1,-21.1298,9.89685,-0.0198266,0.0868541
9.33,1048,1.47193,12.9583,-0.114868,-0.16316,1001.97,31167.3,-21.0287,9.92871,0.104057,0.118706
9.34,1048,1.47079,12.9567,-0.114474,-0.162083,1001.98,31206.2,-21.2238,9.88995,-0.0482187,0.0799471
9.35,1048,1.46964,12.9551,-0.114133,-0.1615,1001.98,31186.8,-21.0995,9.8642,0.0792761,0.0542046
9.36,1048,1.4685,12.9535,-0.113884,-0.160758,1001.98,31184.8,-21.1527,9.89444,0.0412883,0.0844436
9.37,1048,1.46737,12.9519,-0.113442,-0.160121,1001.98,31224.3,-21.2562,9.85376,-0.0190586,0.0437594
9.38,1048,1.46623,12.9503,-0.113111,-0.159796,1001.98,31189.2,-21.113,9.83515,0.11671,0.0251522
9.39,1048,1.4651,12.9487,-0.11272,-0.159593,1001.98,31192,-21.2709,9.83114,-0.022938,0.0211394
9.4,1048,1.46398,12.9471,-0.112236,-0.159362,1001.98,31212.5,-21.2218,9.82827,0.0565168,0.0182747
9.41,1048,1.46286,12.9455,-0.111887,-0.159305,1001.98,31191.8,-21.1794,9.80151,0.101085,-0.00848882
9.42,1048,1.46174,12.9439,-0.111168,-0.159563,1001.98,31217.4,-21.3442,9.77548,-0.0300176,-0.0345225
9.43,1048,1.46063,12.9423,-0.110804,-0.15977,1001.97,31180.7,-21.2009,9.79268,0.104436,-0.0173228
9.44,1048,1.45953,12.9407,-0.110363,-0.160166,1001.97,31183.8,-21.2789,9.75521,0.0447089,-0.054789
9.45,1048,1.45843,12.9391,-0.109483,-0.160728,1001.98,31208.7,-21.3258,9.74615,0.0308488,-0.0638538
9.46,1048,1.45733,12.9375,-0.109212,-0.161423,1001.97,31145.4,-21.2254,9.737,0.104011,-0.0730038
9.47,1048,1.45625,12.9358,-0.108542,-0.162257,1001.98,31185,-21.3756,9.7167,-0.00313164,-0.0933037
9.48,1048,1.45516,12.9342,-0.107729,-0.163162,1001.98,31195.1,-21.2643,9.71696,0.130946,-0.0930389
9.49,1048,1.45409,12.9326,-0.107289,-0.16416,1001.97,31161.6,-21.3507,9.70862,0.0374686,-0.101375
9.5,1048,1.45302,12.9309,-0.106483,-0.165308,1001.98,31194.4,-21.386,9.67713,0.0403008,-0.132874
9.51,1048,1.45196,12.9293,-0.105765,-0.166574,1001.98,31186.2,-21.2907,9.69054,0.145633,-0.11946
9.52,1048,1.4509,12.9276,-0.10516,-0.16783,1001.98,31194.2,-21.4693,9.68246,-0.0118799,-0.127542
9.53,1048,1.44986,12.9259,-0.104294,-0.169134,1001.98,31196.6,-21.3589,9.66858,0.115726,-0.141421
9.54,1048,1.44882,12.9242,-0.103541,-0.170625,1001.98,31185.7,-21.3681,9.66007,0.114468,-0.14993
9.55,1048,1.44779,12.9225,-0.10276,-0.172169,1001.98,31209.5,-21.5377,9.65295,-0.0235347,-0.157053
9.56,1048,1.44676,12.9208,-0.102202,-0.173616,1001.98,31192.4,-21.3564,9.66923,0.161245,-0.140765
9.57,1048,1.44574,12.919,-0.101147,-0.175229,1001.98,31250.4,-21.4959,9.64021,0.076832,-0.169792
9.58,1048,1.44474,12.9173,-0.100266,-0.17683,1001.98,31257,-21.5696,9.65451,0.0226926,-0.155492
9.59,1048,1.44374,12.9155,-0.0997976,-0.178438,1001.98,31251.9,-21.4498,9.6491,0.15395,-0.160901
9.6,1048,1.44274,12.9137,-0.0986507,-0.180011,1001.98,31330.5,-21.6436,9.65676,0.0292938,-0.153239
9.61,1048,1.44176,12.9119,-0.0976202,-0.18149,1001.98,31328.9,-21.5487,9.65448,0.137912,-0.15552
9.62,1048,1.44079,12.9101,-0.0971113,-0.183101,1001.98,31326.5,-21.6352,9.66274,0.0643511,-0.147258
9.63,1048,1.43982,12.9082,-0.0960071,-0.184564,1001.99,31400.3,-21.7133,9.65135,0.0518681,-0.158654
9.64,1048,1.43887,12.9064,-0.0950523,-0.185986,1001.99,31401.9,-21.5896,9.68893,0.191085,-0.121073
9.65,1048,1.43792,12.9045,-0.0941333,-0.187365,1001.99,31435,-21.8169,9.65704,0.00109384,-0.152963
9.66,1048,1.43699,12.9026,-0.0932116,-0.188695,1001.99,31455.6,-21.7285,9.6836,0.117915,-0.126404
9.67,1048,1.43606,12.9007,-0.0923823,-0.189999,1001.99,31468.2,-21.7337,9.68776,0.135686,-0.122237
9.68,1048,1.43514,12.8988,-0.0912925,-0.191204,1002,31535.9,-21.9259,9.68411,0.0044222,-0.125885
9.69,1048,1.43423,12.8969,-0.0903943,-0.192207,1002,31542.1,-21.7442,9.72313,0.204297,-0.0868734
9.7,1048,1.43333,12.895,-0.0894461,-0.193354,1002,31564.8,-21.9545,9.68878,0.0235557,-0.121221
9.71,1048,1.43244,12.8931,-0.0884168,-0.194287,1002,31607,-21.9262,9.72718,0.0948224,-0.0828191
9.72,1048,1.43156,12.8911,-0.0875903,-0.195089,1002,31615.6,-21.8701,9.73785,0.17043,-0.0721473
9.73,1048,1.43069,12.8891,-0.0864275,-0.195941,1002,31655.8,-22.0902,9.7149,-0.00822147,-0.0951043
9.74,1048,1.42983,12.8872,-0.0855718,-0.196682,1002,31638.7,-21.931,9.74672,0.152351,-0.0632762
9.75,1048,1.42898,12.8852,-0.084792,-0.197397,1002.01,31665.1,-22.0159,9.75233,0.0990234,-0.0576687
9.76,1048,1.42814,12.8832,-0.0834749,-0.197981,1002.01,31716.9,-22.1155,9.73222,0.0485553,-0.0777823
9.77,1048,1.42731,12.8813,-0.0828869,-0.198544,1002.01,31664.1,-21.971,9.77113,0.169172,-0.0388692
9.78,1048,1.42648,12.8793,-0.0817455,-0.199216,1002.01,31726.5,-22.1746,9.74307,0.0218278,-0.0669323
9.79,1048,1.42567,12.8773,-0.0807452,-0.199602,1002.01,31741.9,-22.0987,9.76665,0.121128,-0.0433467
9.8,1048,1.42487,12.8753,-0.0801068,-0.200164,1002.01,31721.1,-22.1009,9.77121,0.116906,-0.0387884
9.81,1048,1.42407,12.8733,-0.0787447,-0.200601,1002.01,31769.1,-22.2178,9.7473,0.0460298,-0.0627005
9.82,1048,1.42329,12.8713,-0.0779739,-0.200973,1002.01,31740.1,-22.1182,9.77845,0.137521,-0.0315477
9.83,1048,1.42251,12.8692,-0.0771629,-0.201582,1002.01,31728.9,-22.1955,9.76168,0.0645424,-0.0483237
9.84,1048,1.42175,12.8672,-0.0759745,-0.201961,1002.01,31748.9,-22.2042,9.74481,0.0819139,-0.065188
9.85,1048,1.42099,12.8652,-0.0752743,-0.202587,1002.01,31707.7,-22.1301,9.77147,0.138875,-0.0385344
9.86,1048,1.42024,12.8632,-0.074338,-0.203136,1002.01,31711.8,-22.233,9.74385,0.0506181,-0.0661535
9.87,1048,1.41951,12.8611,-0.0732088,-0.203742,1002.01,31725.1,-22.2112,9.73106,0.0933598,-0.0789377
9.88,1048,1.41878,12.8591,-0.0725953,-0.204474,1002.01,31669.3,-22.1507,9.76468,0.12619,-0.0453171
9.89,1048,1.41806,12.8571,-0.0716532,-0.205199,1002.01,31672.3,-22.2844,9.69648,0.00590719,-0.113525
9.9,1048,1.41734,12.855,-0.0707662,-0.206095,1002.01,31665.1,-22.142,9.74048,0.154465,-0.0695192
9.91,1048,1.41664,12.8529,-0.069925,-0.20699,1002,31635.6,-22.1808,9.71861,0.105956,-0.0913882
9.92,1048,1.41595,12.8509,-0.0689099,-0.208073,1002,31631.7,-22.294,9.67373,0.000971428,-0.136272
9.93,1048,1.41526,12.8488,-0.0682303,-0.209117,1002,31589.9,-22.112,9.72651,0.164331,-0.0834925
9.94,1048,1.41458,12.8467,-0.0675452,-0.210445,1002,31564.7,-22.2262,9.65725,0.0430691,-0.152748
9.95,1048,1.41391,12.8446,-0.0663674,-0.211771,1002,31585.7,-22.2401,9.67031,0.054569,-0.139695
9.96,1048,1.41325,12.8424,-0.0658415,-0.21315,1002,31519.5,-22.1132,9.68008,0.145194,-0.12992
9.97,1048,1.4126,12.8403,-0.0651858,-0.214723,1002,31520,-22.3116,9.63935,-0.0425655,-0.17065
9.98,1048,1.41195,12.8381,-0.06417,-0.216342,1002,31519.4,-22.1069,9.6292,0.171945,-0.1808
9.99,1048,1.41131,12.836,-0.0637878,-0.218144,1001.99,31464.2,-22.1902,9.66209,0.0597781,-0.147906
10,1048,1.41068,12.8338,-0.0626937,-0.219833,1002,31506.2,-22.2731,9.5987,0.0165007,-0.211303
